step,loss,lr,grad_norm,peak_mem_gb,tok_seen
1,12.076866149902344,2e-05,5.0625,50.008549888,65536
2,12.10586166381836,4e-05,5.375,52.392778752,131072
3,12.01916217803955,6e-05,4.90625,52.392778752,196608
4,11.611505508422852,8e-05,5.28125,52.392778752,262144
5,11.241935729980469,0.0001,4.6875,52.392778752,327680
6,10.929485321044922,0.00012,2.875,52.392778752,393216
7,10.582987785339355,0.00014000000000000001,2.46875,52.392778752,458752
8,10.535289764404297,0.00016,2.359375,52.392778752,524288
9,10.253654479980469,0.00017999999999999998,2.125,52.392778752,589824
10,10.084735870361328,0.0002,2.0625,52.392778752,655360
11,9.91926097869873,0.00022,2.125,52.392778752,720896
12,9.76003646850586,0.00024,2.0,52.392778752,786432
13,9.471378326416016,0.00026000000000000003,1.8515625,52.392778752,851968
14,9.31982135772705,0.00028000000000000003,1.75,52.392778752,917504
15,9.072507858276367,0.00030000000000000003,1.5234375,52.392778752,983040
16,8.929801940917969,0.00032,1.3671875,52.392778752,1048576
17,8.656749725341797,0.00033999999999999997,1.28125,52.392778752,1114112
18,8.428236961364746,0.00035999999999999997,1.0859375,52.392778752,1179648
19,8.271845817565918,0.00038,1.015625,52.392778752,1245184
20,8.173897743225098,0.0004,0.80078125,52.392778752,1310720
21,8.071314811706543,0.00042000000000000007,0.8125,52.392778752,1376256
22,7.959804534912109,0.00044,0.6171875,52.392778752,1441792
23,7.686487197875977,0.00045999999999999996,0.6953125,52.392778752,1507328
24,7.735692501068115,0.00048,0.7265625,52.392778752,1572864
25,7.754384994506836,0.0005,0.80859375,52.392778752,1638400
26,7.892523288726807,0.0005200000000000001,0.8203125,52.392778752,1703936
27,7.770511627197266,0.00054,0.71875,52.392778752,1769472
28,7.925402641296387,0.0005600000000000001,1.109375,52.392778752,1835008
29,7.84645938873291,0.00058,0.9296875,52.392778752,1900544
30,7.764340400695801,0.0006000000000000001,0.9453125,52.392778752,1966080
31,7.820148944854736,0.00062,0.8671875,52.392778752,2031616
32,7.636255264282227,0.00064,0.62109375,52.392778752,2097152
33,7.706179618835449,0.00066,1.03125,52.392778752,2162688
34,7.822222709655762,0.0006799999999999999,0.578125,52.392778752,2228224
35,7.799025535583496,0.0007,0.85546875,52.392778752,2293760
36,8.031058311462402,0.0007199999999999999,0.82421875,52.392778752,2359296
37,7.8019890785217285,0.00074,0.67578125,52.392778752,2424832
38,7.783236980438232,0.00076,1.0078125,52.392778752,2490368
39,7.633684158325195,0.0007800000000000001,0.50390625,52.392778752,2555904
40,7.82457160949707,0.0008,0.74609375,52.392778752,2621440
41,8.10208797454834,0.00082,0.6015625,52.392778752,2686976
42,7.770627975463867,0.0008400000000000001,0.8515625,52.392778752,2752512
43,7.75437068939209,0.0008600000000000001,0.59765625,52.392778752,2818048
44,7.7637481689453125,0.00088,0.87890625,52.392778752,2883584
45,7.658426284790039,0.0009,0.55859375,52.392778752,2949120
46,7.711179733276367,0.0009199999999999999,0.62109375,52.392778752,3014656
47,7.582352638244629,0.0009400000000000001,0.61328125,52.392778752,3080192
48,7.553448677062988,0.00096,1.3828125,52.392778752,3145728
49,7.643185615539551,0.00098,0.484375,52.392778752,3211264
50,7.787959575653076,0.001,1.09375,52.392778752,3276800
51,7.493058204650879,0.00102,0.890625,52.392778752,3342336
52,7.690619468688965,0.0010400000000000001,1.0390625,52.392778752,3407872
53,7.682001113891602,0.00106,2.1875,52.392778752,3473408
54,7.576804161071777,0.00108,1.2734375,52.392778752,3538944
55,7.765480995178223,0.0010999999999999998,0.83984375,52.392778752,3604480
56,7.467235565185547,0.0011200000000000001,0.93359375,52.392778752,3670016
57,7.574373245239258,0.00114,0.765625,52.392778752,3735552
58,7.422028541564941,0.00116,0.76953125,52.392778752,3801088
59,7.3940887451171875,0.00118,0.96484375,52.392778752,3866624
60,7.641411781311035,0.0012000000000000001,1.0,52.392778752,3932160
61,7.494704723358154,0.00122,0.78125,52.392778752,3997696
62,7.3193817138671875,0.00124,0.890625,52.392778752,4063232
63,7.7888946533203125,0.00126,0.69921875,52.392778752,4128768
64,7.394736289978027,0.00128,0.9296875,52.392778752,4194304
65,7.47508430480957,0.0013000000000000002,0.91015625,52.392778752,4259840
66,7.525151252746582,0.00132,0.60546875,52.392778752,4325376
67,7.357552528381348,0.00134,1.0,52.392778752,4390912
68,7.431501865386963,0.0013599999999999999,0.59375,52.392778752,4456448
69,7.323713302612305,0.0013800000000000002,1.0,52.392778752,4521984
70,7.178934097290039,0.0014,0.640625,52.392778752,4587520
71,7.293670654296875,0.00142,1.0703125,52.392778752,4653056
72,7.270573616027832,0.0014399999999999999,0.8203125,52.392778752,4718592
73,7.061440467834473,0.0014600000000000001,0.6953125,52.392778752,4784128
74,7.01212215423584,0.00148,1.25,52.392778752,4849664
75,7.259188652038574,0.0015,0.73828125,52.392778752,4915200
76,7.278076171875,0.00152,0.8671875,52.392778752,4980736
77,7.557768821716309,0.00154,1.359375,52.392778752,5046272
78,7.256777763366699,0.0015600000000000002,0.69140625,52.392778752,5111808
79,7.22613525390625,0.0015799999999999998,1.1640625,52.392778752,5177344
80,7.120301723480225,0.0016,1.640625,52.392778752,5242880
81,7.241428852081299,0.0016200000000000001,1.125,52.392778752,5308416
82,7.077902793884277,0.00164,0.875,52.392778752,5373952
83,7.156486511230469,0.00166,1.1640625,52.392778752,5439488
84,7.133428573608398,0.0016800000000000003,0.77734375,52.392778752,5505024
85,7.097738265991211,0.0017,1.140625,52.392778752,5570560
86,7.0976080894470215,0.0017200000000000002,1.03125,52.392778752,5636096
87,6.9490251541137695,0.00174,0.5390625,52.392778752,5701632
88,7.011870384216309,0.00176,0.9921875,52.392778752,5767168
89,6.953046798706055,0.0017800000000000001,0.8359375,52.392778752,5832704
90,7.074645042419434,0.0018,0.70703125,52.392778752,5898240
91,7.029152870178223,0.00182,0.52734375,52.392778752,5963776
92,7.064791679382324,0.0018399999999999998,0.546875,52.392778752,6029312
93,7.241382598876953,0.00186,0.51953125,52.392778752,6094848
94,6.979976654052734,0.0018800000000000002,0.51953125,52.392778752,6160384
95,6.987787246704102,0.0019,0.486328125,52.392778752,6225920
96,6.975984573364258,0.00192,0.90625,52.392778752,6291456
97,6.973554611206055,0.0019399999999999999,1.015625,52.392778752,6356992
98,6.8389434814453125,0.00196,0.640625,52.392778752,6422528
99,6.966424942016602,0.00198,0.71875,52.392778752,6488064
100,7.139904499053955,0.002,0.5546875,52.392778752,6553600
101,7.025323390960693,0.00202,0.859375,52.392778752,6619136
102,6.745649337768555,0.00204,0.61328125,52.392778752,6684672
103,6.963481903076172,0.00206,0.77734375,52.392778752,6750208
104,6.992034912109375,0.0020800000000000003,0.6796875,52.392778752,6815744
105,6.945190906524658,0.0021,0.6171875,52.392778752,6881280
106,6.7552337646484375,0.00212,0.79296875,52.392778752,6946816
107,6.848830699920654,0.00214,0.69921875,52.392778752,7012352
108,6.736345291137695,0.00216,0.66796875,52.392778752,7077888
109,6.897057056427002,0.00218,0.6171875,52.392778752,7143424
110,6.907879829406738,0.0021999999999999997,0.546875,52.392778752,7208960
111,6.858692169189453,0.00222,0.50390625,52.392778752,7274496
112,6.870080947875977,0.0022400000000000002,0.64453125,52.392778752,7340032
113,7.024407386779785,0.00226,0.64453125,52.392778752,7405568
114,6.782203674316406,0.00228,0.640625,52.392778752,7471104
115,6.864129066467285,0.0023000000000000004,0.90234375,52.392778752,7536640
116,6.915777206420898,0.00232,0.5390625,52.392778752,7602176
117,6.919530391693115,0.00234,0.7734375,52.392778752,7667712
118,6.697676181793213,0.00236,0.55859375,52.392778752,7733248
119,6.72846794128418,0.00238,0.76953125,52.392778752,7798784
120,7.670000076293945,0.0024000000000000002,0.8359375,52.392778752,7864320
121,6.688089370727539,0.00242,0.62890625,52.392778752,7929856
122,6.800418853759766,0.00244,1.15625,52.392778752,7995392
123,6.769593715667725,0.00246,0.83984375,52.392778752,8060928
124,6.819919586181641,0.00248,0.7578125,52.392778752,8126464
125,6.880400657653809,0.0025,0.7578125,52.392778752,8192000
126,6.7707719802856445,0.00252,0.6328125,52.392778752,8257536
127,6.694685459136963,0.00254,0.62890625,52.392778752,8323072
128,6.8209028244018555,0.00256,0.57421875,52.392778752,8388608
129,6.743243217468262,0.00258,0.703125,52.392778752,8454144
130,6.791012763977051,0.0026000000000000003,0.69921875,52.392778752,8519680
131,6.730871200561523,0.00262,0.59375,52.392778752,8585216
132,6.520893096923828,0.00264,0.609375,52.392778752,8650752
133,6.652380466461182,0.00266,0.486328125,52.392778752,8716288
134,6.6794281005859375,0.00268,0.7265625,52.392778752,8781824
135,6.767054557800293,0.0027,0.4921875,52.392778752,8847360
136,6.652571678161621,0.0027199999999999998,0.5078125,52.392778752,8912896
137,6.502391338348389,0.0027400000000000002,0.6015625,52.392778752,8978432
138,6.684686183929443,0.0027600000000000003,0.55078125,52.392778752,9043968
139,6.528130531311035,0.00278,0.494140625,52.392778752,9109504
140,6.576812267303467,0.0028,0.60546875,52.392778752,9175040
141,6.4115753173828125,0.00282,0.55078125,52.392778752,9240576
142,6.61171817779541,0.00284,0.84765625,52.392778752,9306112
143,6.5250372886657715,0.00286,0.55859375,52.392778752,9371648
144,6.53719425201416,0.0028799999999999997,0.54296875,52.392778752,9437184
145,6.7137041091918945,0.0029000000000000002,0.73046875,52.392778752,9502720
146,6.608628273010254,0.0029200000000000003,0.4765625,52.392778752,9568256
147,6.619999885559082,0.00294,0.61328125,52.392778752,9633792
148,6.595261573791504,0.00296,0.56640625,52.392778752,9699328
149,6.469992637634277,0.00298,0.64453125,52.392778752,9764864
150,6.528060436248779,0.003,0.70703125,52.392778752,9830400
151,6.625048637390137,0.0029999980678938323,0.578125,52.392778752,9895936
152,6.583518028259277,0.0029999922715809,0.53515625,52.392778752,9961472
153,6.562298774719238,0.0029999826110779187,0.59765625,52.392778752,10027008
154,6.731172561645508,0.0029999690864127475,0.76171875,52.392778752,10092544
155,6.60483455657959,0.0029999516976243865,0.65625,52.392778752,10158080
156,6.574099540710449,0.0029999304447629817,0.578125,52.392778752,10223616
157,6.632110595703125,0.00299990532788982,0.61328125,52.392778752,10289152
158,6.545383453369141,0.0029998763470773324,0.60546875,52.392778752,10354688
159,6.409745216369629,0.002999843502409092,0.52734375,52.392778752,10420224
160,6.796751499176025,0.002999806793979814,0.5234375,52.392778752,10485760
161,6.53316593170166,0.002999766221895357,0.443359375,52.392778752,10551296
162,6.582862854003906,0.002999721786272719,0.50390625,52.392778752,10616832
163,6.527337074279785,0.0029996734872400417,0.56640625,52.392778752,10682368
164,6.538443565368652,0.002999621324936606,0.515625,52.392778752,10747904
165,6.535083770751953,0.0029995652995128356,0.59765625,52.392778752,10813440
166,6.523944854736328,0.002999505411130293,0.423828125,52.392778752,10878976
167,6.514699935913086,0.0029994416599616806,0.6015625,52.392778752,10944512
168,6.4865617752075195,0.00299937404619084,0.45703125,52.392778752,11010048
169,6.4015913009643555,0.0029993025700127515,0.54296875,52.392778752,11075584
170,6.528512477874756,0.0029992272316335354,0.53125,52.392778752,11141120
171,6.6502203941345215,0.002999148031270446,0.482421875,52.392778752,11206656
172,6.391965866088867,0.002999064969151878,0.58984375,52.392778752,11272192
173,6.431809902191162,0.0029989780455173605,0.443359375,52.392778752,11337728
174,6.367587089538574,0.002998887260617559,0.458984375,52.392778752,11403264
175,6.335031509399414,0.0029987926147142735,0.51953125,52.392778752,11468800
176,6.50216007232666,0.0029986941080804375,0.59765625,52.392778752,11534336
177,6.3036651611328125,0.0029985917410001194,0.58203125,52.392778752,11599872
178,6.385100364685059,0.002998485513768519,0.60546875,52.392778752,11665408
179,6.269761562347412,0.0029983754266919684,0.51953125,52.392778752,11730944
180,6.370972633361816,0.0029982614800879302,0.62109375,52.392778752,11796480
181,6.456418037414551,0.0029981436742849963,0.48046875,52.392778752,11862016
182,6.474471092224121,0.0029980220096228884,0.486328125,52.392778752,11927552
183,6.024251461029053,0.0029978964864524555,0.63671875,52.392778752,11993088
184,6.191915035247803,0.002997767105135674,0.46484375,52.392778752,12058624
185,6.310784339904785,0.0029976338660456466,0.5078125,52.392778752,12124160
186,6.433016777038574,0.0029974967695665998,0.482421875,52.392778752,12189696
187,6.103762626647949,0.002997355816093884,0.65625,52.392778752,12255232
188,6.340065956115723,0.002997211006033973,0.69140625,52.392778752,12320768
189,6.119924068450928,0.0029970623398044606,0.494140625,52.392778752,12386304
190,6.1845808029174805,0.0029969098178340633,0.443359375,52.392778752,12451840
191,6.466102123260498,0.002996753440562613,0.455078125,52.392778752,12517376
192,6.338796138763428,0.0029965932084410622,0.515625,52.392778752,12582912
193,6.311699390411377,0.0029964291219314785,0.484375,52.392778752,12648448
194,6.212349891662598,0.002996261181507045,0.462890625,52.392778752,12713984
195,6.353402614593506,0.002996089387652058,0.41015625,52.392778752,12779520
196,6.359633445739746,0.002995913740861927,0.470703125,52.392778752,12845056
197,6.323186874389648,0.002995734241643171,0.54296875,52.392778752,12910592
198,7.1770734786987305,0.00299555089051342,0.61328125,52.392778752,12976128
199,6.231414318084717,0.0029953636880014098,0.5859375,52.392778752,13041664
200,6.313630104064941,0.0029951726346469855,0.515625,52.392778752,13107200
201,6.21514368057251,0.0029949777310010945,0.66015625,52.392778752,13172736
202,6.3538360595703125,0.002994778977625788,0.546875,52.392778752,13238272
203,6.2051873207092285,0.00299457637509422,0.73828125,52.392778752,13303808
204,6.108198165893555,0.0029943699239906433,0.423828125,52.392778752,13369344
205,6.2267255783081055,0.0029941596249104096,0.68359375,52.392778752,13434880
206,6.505642890930176,0.0029939454784599657,0.46484375,52.392778752,13500416
207,6.088596343994141,0.002993727485256856,0.443359375,52.392778752,13565952
208,6.147862434387207,0.002993505645929715,0.50390625,52.392778752,13631488
209,6.167666912078857,0.0029932799611182706,0.466796875,52.392778752,13697024
210,6.321398735046387,0.0029930504314733394,0.56640625,52.392778752,13762560
211,6.362936019897461,0.0029928170576568247,0.765625,52.392778752,13828096
212,6.134395599365234,0.0029925798403417163,0.57421875,52.392778752,13893632
213,5.931931495666504,0.002992338780212087,0.52734375,52.392778752,13959168
214,6.344264030456543,0.0029920938779630923,0.384765625,52.392778752,14024704
215,6.416534423828125,0.002991845134300967,0.48046875,52.392778752,14090240
216,6.240010738372803,0.0029915925499430225,0.373046875,52.392778752,14155776
217,6.083992958068848,0.002991336125617647,0.435546875,52.392778752,14221312
218,6.189935684204102,0.002991075862064301,0.373046875,52.392778752,14286848
219,6.112006187438965,0.0029908117600335182,0.46484375,52.392778752,14352384
220,6.171035289764404,0.0029905438202868996,0.337890625,52.392778752,14417920
221,6.216185092926025,0.0029902720435971137,0.431640625,52.392778752,14483456
222,6.142697334289551,0.002989996430747895,0.404296875,52.392778752,14548992
223,6.225050926208496,0.0029897169825340384,0.48828125,52.392778752,14614528
224,6.2431230545043945,0.002989433699761401,0.421875,52.392778752,14680064
225,6.312735557556152,0.0029891465832468946,0.58203125,52.392778752,14745600
226,6.126288414001465,0.002988855633818492,0.46875,52.392778752,14811136
227,6.0826873779296875,0.002988560852315214,0.404296875,52.392778752,14876672
228,6.373356342315674,0.0029882622395871333,0.40625,52.392778752,14942208
229,5.872986316680908,0.0029879597964953737,0.490234375,52.392778752,15007744
230,5.97334098815918,0.002987653523912101,0.34375,52.392778752,15073280
231,6.248222827911377,0.002987343422720526,0.318359375,52.392778752,15138816
232,6.174358367919922,0.0029870294938149,0.310546875,52.392778752,15204352
233,6.235959529876709,0.0029867117381005134,0.4140625,52.392778752,15269888
234,6.123211860656738,0.00298639015649369,0.2890625,52.392778752,15335424
235,6.016542434692383,0.0029860647499217892,0.349609375,52.392778752,15400960
236,6.162510871887207,0.0029857355193231984,0.326171875,52.392778752,15466496
237,6.091226100921631,0.002985402465647332,0.388671875,52.392778752,15532032
238,6.107237815856934,0.0029850655898546324,0.404296875,52.392778752,15597568
239,5.891933917999268,0.0029847248929165612,0.40625,52.392778752,15663104
240,6.1928815841674805,0.0029843803758155996,0.45703125,52.392778752,15728640
241,6.03879451751709,0.002984032039545246,0.55078125,52.392778752,15794176
242,6.08896017074585,0.0029836798851100117,0.54296875,52.392778752,15859712
243,6.112912654876709,0.0029833239135254185,0.455078125,52.392778752,15925248
244,6.008899688720703,0.002982964125817996,0.33203125,52.392778752,15990784
245,6.09126091003418,0.002982600523025279,0.48046875,52.392778752,16056320
246,6.0374579429626465,0.002982233106195804,0.4921875,52.392778752,16121856
247,5.9963297843933105,0.002981861876389105,0.58203125,52.392778752,16187392
248,6.102057933807373,0.0029814868346757124,0.484375,52.392778752,16252928
249,6.035242080688477,0.0029811079821371496,0.37890625,52.392778752,16318464
250,6.133408546447754,0.0029807253198659294,0.37109375,52.392778752,16384000
251,6.00543212890625,0.00298033884896555,0.396484375,52.392778752,16449536
252,6.0736799240112305,0.002979948570550493,0.380859375,52.392778752,16515072
253,6.227710723876953,0.0029795544857462203,0.453125,52.392778752,16580608
254,6.001673221588135,0.0029791565956891705,0.32421875,52.392778752,16646144
255,5.8996734619140625,0.0029787549015267553,0.515625,52.392778752,16711680
256,6.159789085388184,0.0029783494044173563,0.439453125,52.392778752,16777216
257,5.986507892608643,0.002977940105530321,0.400390625,52.392778752,16842752
258,5.769737243652344,0.002977527006045963,0.439453125,52.392778752,16908288
259,5.9145708084106445,0.002977110107155553,0.36328125,52.392778752,16973824
260,5.966818809509277,0.002976689410061319,0.458984375,52.392778752,17039360
261,5.882505416870117,0.002976264915976443,0.310546875,52.392778752,17104896
262,5.957517623901367,0.0029758366261250554,0.421875,52.392778752,17170432
263,5.924520492553711,0.0029754045417422323,0.44140625,52.392778752,17235968
264,6.004764556884766,0.0029749686640739947,0.48046875,52.392778752,17301504
265,6.026780128479004,0.0029745289943772994,0.330078125,52.392778752,17367040
266,5.863761901855469,0.00297408553392004,0.369140625,52.392778752,17432576
267,6.230132579803467,0.0029736382839810416,0.376953125,52.392778752,17498112
268,5.776491165161133,0.002973187245850056,0.37109375,52.392778752,17563648
269,5.929239273071289,0.002972732420827762,0.31640625,52.392778752,17629184
270,5.849352836608887,0.0029722738102257555,0.484375,52.392778752,17694720
271,5.878486633300781,0.002971811415366551,0.31640625,52.392778752,17760256
272,5.8902974128723145,0.0029713452375835754,0.447265625,52.392778752,17825792
273,5.9233574867248535,0.002970875278221164,0.361328125,52.392778752,17891328
274,5.9292216300964355,0.002970401538634558,0.404296875,52.392778752,17956864
275,6.00645637512207,0.0029699240201898993,0.38671875,52.392778752,18022400
276,5.666972637176514,0.002969442724264228,0.466796875,52.392778752,18087936
277,6.00547981262207,0.0029689576522454754,0.357421875,52.392778752,18153472
278,5.8860297203063965,0.0029684688055324642,0.40234375,52.392778752,18219008
279,5.9829607009887695,0.002967976185534901,0.369140625,52.392778752,18284544
280,5.909287929534912,0.0029674797936733747,0.349609375,52.392778752,18350080
281,5.819183349609375,0.00296697963137935,0.341796875,52.392778752,18415616
282,5.865077018737793,0.0029664757000951655,0.345703125,52.392778752,18481152
283,6.297279357910156,0.002965968001274028,0.46875,52.392778752,18546688
284,5.917298316955566,0.00296545653638001,0.359375,52.392778752,18612224
285,6.023925304412842,0.0029649413068880423,0.453125,52.392778752,18677760
286,5.939950942993164,0.0029644223142839135,0.35546875,52.392778752,18743296
287,5.87376594543457,0.0029638995600642644,0.37109375,52.392778752,18808832
288,5.936335563659668,0.002963373045736582,0.5078125,52.392778752,18874368
289,5.7458343505859375,0.002962842772819197,0.384765625,52.392778752,18939904
290,5.8918986320495605,0.002962308742841279,0.486328125,52.392778752,19005440
291,5.833751678466797,0.0029617709573428316,0.384765625,52.392778752,19070976
292,5.711912631988525,0.002961229417874689,0.33203125,52.392778752,19136512
293,5.8275065422058105,0.00296068412599851,0.328125,52.392778752,19202048
294,5.970006942749023,0.002960135083286776,0.333984375,52.392778752,19267584
295,5.690275192260742,0.0029595822913227824,0.44140625,52.392778752,19333120
296,5.791082382202148,0.0029590257517006385,0.30078125,52.392778752,19398656
297,6.370559215545654,0.00295846546602526,0.349609375,52.392778752,19464192
298,5.774934768676758,0.002957901435912366,0.27734375,52.392778752,19529728
299,5.301790237426758,0.002957333662988472,0.458984375,52.392778752,19595264
300,5.922342300415039,0.0029567621488908887,0.27734375,52.392778752,19660800
301,5.651554584503174,0.002956186895267714,0.3828125,52.392778752,19726336
302,5.972050666809082,0.0029556079037778298,0.46484375,52.392778752,19791872
303,5.9353156089782715,0.002955025176090898,0.390625,52.392778752,19857408
304,5.805594444274902,0.0029544387138873544,0.43359375,52.392778752,19922944
305,5.812404632568359,0.0029538485188584022,0.39453125,52.392778752,19988480
306,5.876246929168701,0.0029532545927060125,0.45703125,52.392778752,20054016
307,5.71761417388916,0.002952656937142913,0.478515625,52.392778752,20119552
308,5.902406692504883,0.0029520555538925883,0.34765625,52.392778752,20185088
309,5.738027572631836,0.0029514504446892706,0.37890625,52.392778752,20250624
310,5.8391313552856445,0.002950841611277939,0.416015625,52.392778752,20316160
311,5.659572601318359,0.0029502290554143103,0.34375,52.392778752,20381696
312,5.774667263031006,0.0029496127788648367,0.3515625,52.392778752,20447232
313,5.678131103515625,0.0029489927834067,0.4375,52.392778752,20512768
314,5.6831159591674805,0.002948369070827806,0.265625,52.392778752,20578304
315,5.943491458892822,0.0029477416429267806,0.3515625,52.392778752,20643840
316,5.770790100097656,0.0029471105015129633,0.29296875,52.392778752,20709376
317,5.721561908721924,0.002946475648406401,0.357421875,52.392778752,20774912
318,5.540593147277832,0.002945837085437846,0.306640625,52.392778752,20840448
319,5.797353267669678,0.002945194814448748,0.357421875,52.392778752,20905984
320,5.843044757843018,0.00294454883729125,0.318359375,52.392778752,20971520
321,5.716462135314941,0.0029438991558281835,0.294921875,52.392778752,21037056
322,5.793945789337158,0.0029432457719330593,0.28515625,52.392778752,21102592
323,5.941858768463135,0.0029425886874900687,0.345703125,52.392778752,21168128
324,5.719605445861816,0.0029419279043940718,0.294921875,52.392778752,21233664
325,5.668758392333984,0.002941263424550596,0.365234375,52.392778752,21299200
326,5.70598840713501,0.002940595249875829,0.37890625,52.392778752,21364736
327,5.7352142333984375,0.002939923382296613,0.287109375,52.392778752,21430272
328,5.720492362976074,0.0029392478237504397,0.41015625,52.392778752,21495808
329,5.650146484375,0.0029385685761854448,0.359375,52.392778752,21561344
330,5.476800918579102,0.0029378856415604015,0.310546875,52.392778752,21626880
331,5.816893577575684,0.0029371990218447167,0.291015625,52.392778752,21692416
332,5.575939178466797,0.002936508719018424,0.265625,52.392778752,21757952
333,5.761260986328125,0.002935814735072176,0.30859375,52.392778752,21823488
334,5.739517688751221,0.0029351170720072436,0.3046875,52.392778752,21889024
335,5.656062126159668,0.002934415731835506,0.36328125,52.392778752,21954560
336,5.894314765930176,0.002933710716579446,0.3046875,52.392778752,22020096
337,5.658662796020508,0.0029330020282721447,0.33203125,52.392778752,22085632
338,5.729486465454102,0.0029322896689572752,0.29296875,52.392778752,22151168
339,5.606754302978516,0.002931573640689097,0.48046875,52.392778752,22216704
340,5.588345527648926,0.0029308539455324507,0.291015625,52.392778752,22282240
341,5.370430946350098,0.0029301305855627497,0.396484375,52.392778752,22347776
342,5.549907684326172,0.0029294035628659757,0.25390625,52.392778752,22413312
343,5.692268371582031,0.0029286728795386748,0.388671875,52.392778752,22478848
344,5.6240315437316895,0.0029279385376879477,0.26953125,52.392778752,22544384
345,5.7991814613342285,0.0029272005394314453,0.291015625,52.392778752,22609920
346,5.4634528160095215,0.0029264588868973635,0.3125,52.392778752,22675456
347,5.768255233764648,0.002925713582224436,0.3125,52.392778752,22740992
348,5.73354434967041,0.0029249646275619277,0.27734375,52.392778752,22806528
349,5.476612091064453,0.0029242120250696302,0.265625,52.392778752,22872064
350,5.241483211517334,0.002923455776917853,0.255859375,52.392778752,22937600
351,5.632547378540039,0.0029226958852874197,0.296875,52.392778752,23003136
352,5.4820051193237305,0.002921932352369661,0.2158203125,52.392778752,23068672
353,5.546114444732666,0.0029211651803664074,0.267578125,52.392778752,23134208
354,5.731937885284424,0.002920394371489985,0.296875,52.392778752,23199744
355,5.394031524658203,0.002919619927963204,0.271484375,52.392778752,23265280
356,5.793766021728516,0.0029188418520193615,0.294921875,52.392778752,23330816
357,5.63250732421875,0.0029180601459022253,0.3203125,52.392778752,23396352
358,5.306018829345703,0.002917274811866033,0.39453125,52.392778752,23461888
359,5.499592304229736,0.002916485852175484,0.337890625,52.392778752,23527424
360,5.806909084320068,0.0029156932691057342,0.30078125,52.392778752,23592960
361,5.6824798583984375,0.002914897064942387,0.40234375,52.392778752,23658496
362,5.41688871383667,0.0029140972419814883,0.2490234375,52.392778752,23724032
363,5.489892959594727,0.0029132938025295207,0.298828125,52.392778752,23789568
364,5.70805025100708,0.0029124867489033947,0.2470703125,52.392778752,23855104
365,5.676342010498047,0.0029116760834304437,0.2734375,52.392778752,23920640
366,5.630012035369873,0.002910861808448416,0.248046875,52.392778752,23986176
367,5.681648254394531,0.0029100439263054704,0.275390625,52.392778752,24051712
368,5.60662317276001,0.0029092224393601667,0.294921875,52.392778752,24117248
369,5.43997859954834,0.0029083973499814597,0.263671875,52.392778752,24182784
370,5.594564437866211,0.0029075686605486927,0.2578125,52.392778752,24248320
371,5.541698455810547,0.002906736373451592,0.28125,52.392778752,24313856
372,5.583995342254639,0.002905900491090257,0.287109375,52.392778752,24379392
373,5.408485412597656,0.0029050610158751554,0.306640625,52.392778752,24444928
374,5.2695207595825195,0.0029042179502271163,0.259765625,52.392778752,24510464
375,5.704120635986328,0.0029033712965773227,0.263671875,52.392778752,24576000
376,5.399669647216797,0.002902521057367303,0.326171875,52.392778752,24641536
377,5.383909702301025,0.002901667235048927,0.275390625,52.392778752,24707072
378,5.579542636871338,0.0029008098320843978,0.26953125,52.392778752,24772608
379,5.388452529907227,0.002899948850946241,0.291015625,52.392778752,24838144
380,5.583539962768555,0.002899084294117304,0.291015625,52.392778752,24903680
381,5.381299018859863,0.0028982161640907444,0.29296875,52.392778752,24969216
382,5.517549514770508,0.0028973444633700243,0.2890625,52.392778752,25034752
383,5.334632873535156,0.0028964691944689015,0.2470703125,52.392778752,25100288
384,5.435786247253418,0.0028955903599114253,0.294921875,52.392778752,25165824
385,5.348570823669434,0.002894707962231926,0.259765625,52.392778752,25231360
386,5.618176460266113,0.002893822003975009,0.275390625,52.392778752,25296896
387,5.475227355957031,0.0028929324876955497,0.232421875,52.392778752,25362432
388,5.422280311584473,0.002892039415958681,0.259765625,52.392778752,25427968
389,5.626713275909424,0.0028911427913397903,0.26953125,52.392778752,25493504
390,5.464603900909424,0.0028902426164245107,0.306640625,52.392778752,25559040
391,5.526003837585449,0.0028893388938087128,0.2353515625,52.392778752,25624576
392,5.529827117919922,0.002888431626098498,0.23828125,52.392778752,25690112
393,5.340206623077393,0.002887520815910191,0.263671875,52.392778752,25755648
394,5.573312282562256,0.0028866064658703335,0.27734375,52.392778752,25821184
395,5.493934631347656,0.0028856885786156714,0.248046875,52.392778752,25886720
396,5.502591133117676,0.0028847671567931547,0.2158203125,52.392778752,25952256
397,5.458251476287842,0.002883842203059926,0.263671875,52.392778752,26017792
398,5.6209001541137695,0.002882913720083309,0.234375,52.392778752,26083328
399,5.689855098724365,0.0028819817105408094,0.234375,52.392778752,26148864
400,5.301435470581055,0.0028810461771201024,0.25390625,52.392778752,26214400
401,5.4679107666015625,0.0028801071225190208,0.287109375,52.392778752,26279936
402,5.610077857971191,0.002879164549445556,0.265625,52.392778752,26345472
403,5.221065044403076,0.002878218460617844,0.314453125,52.392778752,26411008
404,5.465428352355957,0.0028772688587641593,0.34765625,52.392778752,26476544
405,5.451886177062988,0.0028763157466229075,0.30859375,52.392778752,26542080
406,5.310248374938965,0.0028753591269426166,0.27734375,52.392778752,26607616
407,5.527813911437988,0.00287439900248193,0.33203125,52.392778752,26673152
408,5.393223762512207,0.002873435376009597,0.29296875,52.392778752,26738688
409,5.58842658996582,0.0028724682503044664,0.318359375,52.392778752,26804224
410,5.58096981048584,0.002871497628155478,0.322265625,52.392778752,26869760
411,5.404545783996582,0.002870523512361654,0.2451171875,52.392778752,26935296
412,5.383272171020508,0.0028695459057320916,0.32421875,52.392778752,27000832
413,5.003302097320557,0.002868564811085955,0.2138671875,52.392778752,27066368
414,5.571545124053955,0.002867580231252466,0.28515625,52.392778752,27131904
415,5.224489212036133,0.0028665921690708986,0.2255859375,52.392778752,27197440
416,5.447031021118164,0.002865600627390567,0.275390625,52.392778752,27262976
417,5.50284481048584,0.00286460560907082,0.224609375,52.392778752,27328512
418,5.395790100097656,0.0028636071169810323,0.2412109375,52.392778752,27394048
419,5.1325225830078125,0.002862605154000596,0.197265625,52.392778752,27459584
420,5.381740570068359,0.002861599723018913,0.2451171875,52.392778752,27525120
421,5.19158935546875,0.0028605908269353844,0.2373046875,52.392778752,27590656
422,5.298555850982666,0.0028595784686594053,0.2431640625,52.392778752,27656192
423,5.491189002990723,0.0028585626511103547,0.2265625,52.392778752,27721728
424,5.336619853973389,0.0028575433772175867,0.24609375,52.392778752,27787264
425,5.151153564453125,0.0028565206499204217,0.23046875,52.392778752,27852800
426,5.291383266448975,0.002855494472168141,0.2421875,52.392778752,27918336
427,5.205623626708984,0.002854464846919975,0.33984375,52.392778752,27983872
428,5.576732635498047,0.0028534317771450957,0.2001953125,52.392778752,28049408
429,5.247323513031006,0.002852395265822607,0.224609375,52.392778752,28114944
430,5.203924179077148,0.0028513553159415406,0.28125,52.392778752,28180480
431,5.385375022888184,0.0028503119305008408,0.263671875,52.392778752,28246016
432,5.345556735992432,0.002849265112509361,0.255859375,52.392778752,28311552
433,5.31757926940918,0.002848214864985853,0.271484375,52.392778752,28377088
434,5.255860328674316,0.002847161190958957,0.34765625,52.392778752,28442624
435,5.2906951904296875,0.002846104093467197,0.2451171875,52.392778752,28508160
436,5.274603843688965,0.0028450435755589675,0.255859375,52.392778752,28573696
437,5.315967559814453,0.0028439796402925255,0.314453125,52.392778752,28639232
438,5.160232067108154,0.0028429122907359865,0.2177734375,52.392778752,28704768
439,5.430727005004883,0.0028418415299673087,0.2421875,52.392778752,28770304
440,5.470318794250488,0.0028407673610742873,0.283203125,52.392778752,28835840
441,5.008864402770996,0.002839689787154549,0.26953125,52.392778752,28901376
442,5.252366065979004,0.002838608811315535,0.2265625,52.392778752,28966912
443,5.398144721984863,0.002837524436674501,0.228515625,52.392778752,29032448
444,5.252468109130859,0.0028364366663585013,0.2109375,52.392778752,29097984
445,4.750973701477051,0.002835345503504383,0.2275390625,52.392778752,29163520
446,5.437098503112793,0.002834250951258777,0.212890625,52.392778752,29229056
447,5.602212429046631,0.0028331530127780886,0.2060546875,52.392778752,29294592
448,5.4350504875183105,0.0028320516912284867,0.26171875,52.392778752,29360128
449,5.4270148277282715,0.002830946989785897,0.2080078125,52.392778752,29425664
450,5.361393451690674,0.0028298389116359923,0.25,52.392778752,29491200
451,5.7209577560424805,0.0028287274599741816,0.271484375,52.392778752,29556736
452,5.463903427124023,0.0028276126380056043,0.25,52.392778752,29622272
453,5.233190059661865,0.0028264944489451173,0.224609375,52.392778752,29687808
454,5.284566879272461,0.0028253728960172873,0.26953125,52.392778752,29753344
455,5.284027099609375,0.002824247982456382,0.2373046875,52.392778752,29818880
456,5.112868309020996,0.0028231197115063606,0.2080078125,52.392778752,29884416
457,5.6038007736206055,0.0028219880864208636,0.2431640625,52.392778752,29949952
458,5.41191291809082,0.0028208531104632045,0.21484375,52.392778752,30015488
459,5.335437774658203,0.002819714786906359,0.248046875,52.392778752,30081024
460,5.464886665344238,0.002818573119032957,0.2021484375,52.392778752,30146560
461,5.441887855529785,0.002817428110135273,0.1943359375,52.392778752,30212096
462,4.77878999710083,0.0028162797635152143,0.2294921875,52.392778752,30277632
463,5.266839504241943,0.0028151280824843163,0.1865234375,52.392778752,30343168
464,5.119964122772217,0.002813973070363727,0.2216796875,52.392778752,30408704
465,4.9587178230285645,0.0028128147304842025,0.224609375,52.392778752,30474240
466,5.225794315338135,0.002811653066186094,0.25,52.392778752,30539776
467,5.087187767028809,0.0028104880808193394,0.267578125,52.392778752,30605312
468,5.323518753051758,0.002809319777743456,0.259765625,52.392778752,30670848
469,5.317564964294434,0.0028081481603275246,0.1923828125,52.392778752,30736384
470,5.345823287963867,0.002806973231950187,0.322265625,52.392778752,30801920
471,5.294182777404785,0.0028057949959996325,0.20703125,52.392778752,30867456
472,5.341658592224121,0.002804613455873586,0.2236328125,52.392778752,30932992
473,5.299025535583496,0.002803428614979304,0.224609375,52.392778752,30998528
474,5.301371097564697,0.0028022404767335603,0.2451171875,52.392778752,31064064
475,5.178177356719971,0.002801049044562637,0.2099609375,52.392778752,31129600
476,5.16796875,0.0027998543219023156,0.224609375,52.392778752,31195136
477,5.422238826751709,0.0027986563121978657,0.234375,52.392778752,31260672
478,5.294186592102051,0.002797455018904037,0.23828125,52.392778752,31326208
479,5.200242042541504,0.0027962504454850474,0.26953125,52.392778752,31391744
480,5.388213157653809,0.002795042595414574,0.2353515625,52.392778752,31457280
481,5.280925750732422,0.002793831472175744,0.23046875,52.392778752,31522816
482,5.0972466468811035,0.002792617079261121,0.2470703125,52.392778752,31588352
483,5.347180366516113,0.0027913994201727004,0.197265625,52.392778752,31653888
484,5.282454967498779,0.0027901784984218944,0.216796875,52.392778752,31719424
485,5.18042516708374,0.002788954317529525,0.2353515625,52.392778752,31784960
486,5.257737159729004,0.0027877268810258117,0.25,52.392778752,31850496
487,5.359607219696045,0.0027864961924503632,0.23046875,52.392778752,31916032
488,5.1186652183532715,0.0027852622553521666,0.1640625,52.392778752,31981568
489,5.259777069091797,0.0027840250732895752,0.2138671875,52.392778752,32047104
490,5.207330226898193,0.002782784649830303,0.2041015625,52.392778752,32112640
491,5.09165096282959,0.0027815409885514073,0.2236328125,52.392778752,32178176
492,5.0834221839904785,0.002780294093039285,0.2294921875,52.392778752,32243712
493,5.080414772033691,0.0027790439668896605,0.32421875,52.392778752,32309248
494,5.330333709716797,0.0027777906137075718,0.244140625,52.392778752,32374784
495,5.470867156982422,0.0027765340371073656,0.1953125,52.392778752,32440320
496,5.132344722747803,0.0027752742407126814,0.2333984375,52.392778752,32505856
497,4.907510757446289,0.0027740112281564467,0.2275390625,52.392778752,32571392
498,5.083435535430908,0.0027727450030808607,0.2099609375,52.392778752,32636928
499,5.315734386444092,0.0027714755691373885,0.2001953125,52.392778752,32702464
500,5.013087272644043,0.0027702029299867485,0.24609375,52.392778752,32768000
501,5.1398820877075195,0.0027689270892989016,0.2294921875,52.392778752,32833536
502,5.122863292694092,0.002767648050753041,0.2158203125,52.392778752,32899072
503,5.45565128326416,0.0027663658180375823,0.1875,52.392778752,32964608
504,5.248254776000977,0.002765080394850152,0.259765625,52.392778752,33030144
505,5.540134906768799,0.0027637917848975773,0.19921875,52.392778752,33095680
506,5.068102836608887,0.0027624999918958748,0.2138671875,52.392778752,33161216
507,5.126620769500732,0.00276120501957024,0.2373046875,52.392778752,33226752
508,5.296396255493164,0.002759906871655037,0.1904296875,52.392778752,33292288
509,5.20833683013916,0.0027586055518937884,0.2138671875,52.392778752,33357824
510,5.098053455352783,0.0027573010640391626,0.1982421875,52.392778752,33423360
511,5.1204142570495605,0.0027559934118529636,0.251953125,52.392778752,33488896
512,5.2420783042907715,0.002754682599106121,0.2294921875,52.392778752,33554432
513,5.15010929107666,0.002753368629578679,0.21484375,52.392778752,33619968
514,5.263873100280762,0.002752051507059786,0.2001953125,52.392778752,33685504
515,5.163905143737793,0.002750731235347679,0.2060546875,52.392778752,33751040
516,4.953244209289551,0.002749407818249681,0.1923828125,52.392778752,33816576
517,5.256724834442139,0.0027480812595821824,0.216796875,52.392778752,33882112
518,5.296267509460449,0.0027467515631706355,0.1875,52.392778752,33947648
519,4.997129440307617,0.002745418732849539,0.2216796875,52.392778752,34013184
520,5.166085243225098,0.0027440827724624296,0.203125,52.392778752,34078720
521,5.4517717361450195,0.002742743685861871,0.212890625,52.392778752,34144256
522,5.230055809020996,0.002741401476909441,0.20703125,52.392778752,34209792
523,4.93195915222168,0.0027400561494757216,0.19921875,52.392778752,34275328
524,5.281705856323242,0.0027387077074402895,0.1728515625,52.392778752,34340864
525,5.235204696655273,0.0027373561546917007,0.1884765625,52.392778752,34406400
526,5.036253452301025,0.0027360014951274825,0.216796875,52.392778752,34471936
527,5.06927490234375,0.0027346437326541215,0.1923828125,52.392778752,34537472
528,5.0874528884887695,0.0027332828711870536,0.1796875,52.392778752,34603008
529,5.226306438446045,0.002731918914650649,0.19140625,52.392778752,34668544
530,5.026513576507568,0.0027305518669782053,0.2001953125,52.392778752,34734080
531,5.088457107543945,0.002729181732111932,0.1962890625,52.392778752,34799616
532,4.967067241668701,0.0027278085140029443,0.19921875,52.392778752,34865152
533,5.293183326721191,0.0027264322166112454,0.2060546875,52.392778752,34930688
534,5.007147312164307,0.0027250528439057217,0.2216796875,52.392778752,34996224
535,5.148637294769287,0.002723670399864124,0.1787109375,52.392778752,35061760
536,4.847768783569336,0.0027222848884730635,0.1884765625,52.392778752,35127296
537,5.074099063873291,0.002720896313727996,0.2021484375,52.392778752,35192832
538,5.135992050170898,0.0027195046796332097,0.216796875,52.392778752,35258368
539,5.217231750488281,0.0027181099902018166,0.1884765625,52.392778752,35323904
540,5.058254241943359,0.0027167122494557395,0.232421875,52.392778752,35389440
541,5.235525131225586,0.0027153114614257004,0.203125,52.392778752,35454976
542,5.005179405212402,0.0027139076301512075,0.197265625,52.392778752,35520512
543,5.292633056640625,0.002712500759680547,0.1953125,52.392778752,35586048
544,4.8430562019348145,0.0027110908540707674,0.177734375,52.392778752,35651584
545,5.194546699523926,0.002709677917387671,0.203125,52.392778752,35717120
546,4.905043125152588,0.002708261953705801,0.189453125,52.392778752,35782656
547,5.036282062530518,0.0027068429671084295,0.18359375,52.392778752,35848192
548,5.02689266204834,0.0027054209616875447,0.185546875,52.392778752,35913728
549,4.898411750793457,0.0027039959415438414,0.201171875,52.392778752,35979264
550,5.223876953125,0.002702567910786709,0.189453125,52.392778752,36044800
551,5.0552592277526855,0.002701136873534217,0.1982421875,52.392778752,36110336
552,4.918886184692383,0.0026997028339131052,0.1923828125,52.392778752,36175872
553,5.160987854003906,0.002698265796058773,0.185546875,52.392778752,36241408
554,5.187092304229736,0.002696825764115263,0.1962890625,52.392778752,36306944
555,5.11402702331543,0.002695382742235255,0.1650390625,52.392778752,36372480
556,5.21929931640625,0.00269393673458005,0.197265625,52.392778752,36438016
557,4.988517761230469,0.0026924877453195577,0.2060546875,52.392778752,36503552
558,5.168225288391113,0.0026910357786322876,0.1689453125,52.392778752,36569088
559,5.074866771697998,0.0026895808387053357,0.2451171875,52.392778752,36634624
560,4.919145584106445,0.00268812292973437,0.166015625,52.392778752,36700160
561,4.629691123962402,0.002686662055923623,0.1884765625,52.392778752,36765696
562,5.090360641479492,0.002685198221485875,0.17578125,52.392778752,36831232
563,5.077840805053711,0.002683731430642444,0.1787109375,52.392778752,36896768
564,4.998119354248047,0.002682261687623176,0.234375,52.392778752,36962304
565,5.141979694366455,0.002680788996666427,0.193359375,52.392778752,37027840
566,5.035248279571533,0.0026793133620190567,0.2353515625,52.392778752,37093376
567,4.918846130371094,0.002677834787936412,0.26953125,52.392778752,37158912
568,5.088012218475342,0.0026763532786823166,0.189453125,52.392778752,37224448
569,4.966381072998047,0.00267486883852906,0.208984375,52.392778752,37289984
570,4.847031593322754,0.0026733814717573813,0.1875,52.392778752,37355520
571,5.086721420288086,0.0026718911826564607,0.177734375,52.392778752,37421056
572,5.105562686920166,0.0026703979755239057,0.1923828125,52.392778752,37486592
573,4.691140174865723,0.002668901854665737,0.169921875,52.392778752,37552128
574,4.82925271987915,0.002667402824396381,0.220703125,52.392778752,37617664
575,5.0987725257873535,0.0026659008890386506,0.189453125,52.392778752,37683200
576,4.890894412994385,0.002664396052923738,0.212890625,52.392778752,37748736
577,4.951562881469727,0.002662888320391201,0.1953125,52.392778752,37814272
578,4.973635673522949,0.0026613776957889472,0.17578125,52.392778752,37879808
579,5.0277910232543945,0.002659864183473228,0.205078125,52.392778752,37945344
580,4.995532512664795,0.002658347787808619,0.1650390625,52.392778752,38010880
581,4.959183216094971,0.0026568285131680115,0.17578125,52.392778752,38076416
582,5.0136260986328125,0.002655306363932601,0.1826171875,52.392778752,38141952
583,5.119385719299316,0.0026537813444918695,0.1552734375,52.392778752,38207488
584,4.863126277923584,0.002652253459243578,0.2021484375,52.392778752,38273024
585,5.06148624420166,0.0026507227125937513,0.1806640625,52.392778752,38338560
586,5.144559860229492,0.002649189108956665,0.1884765625,52.392778752,38404096
587,5.1124982833862305,0.002647652652754835,0.2001953125,52.392778752,38469632
588,4.9213361740112305,0.002646113348419002,0.1591796875,52.392778752,38535168
589,4.964910507202148,0.0026445712003881194,0.1904296875,52.392778752,38600704
590,4.978268623352051,0.0026430262131093432,0.1943359375,52.392778752,38666240
591,4.758695602416992,0.0026414783910380154,0.1796875,52.392778752,38731776
592,4.95444393157959,0.002639927738637653,0.171875,52.392778752,38797312
593,5.153714656829834,0.0026383742603799357,0.19140625,52.392778752,38862848
594,5.07609748840332,0.0026368179607446918,0.1845703125,52.392778752,38928384
595,5.026796340942383,0.0026352588442198847,0.1728515625,52.392778752,38993920
596,5.082595348358154,0.002633696915301603,0.169921875,52.392778752,39059456
597,4.986639976501465,0.0026321321784940443,0.1962890625,52.392778752,39124992
598,4.935413360595703,0.0026305646383095035,0.1748046875,52.392778752,39190528
599,4.7989501953125,0.0026289942992683596,0.1904296875,52.392778752,39256064
600,4.969478607177734,0.0026274211658990627,0.1962890625,52.392778752,39321600
601,4.981152057647705,0.002625845242738122,0.1767578125,52.392778752,39387136
602,4.864058971405029,0.0026242665343300907,0.2001953125,52.392778752,39452672
603,5.067913055419922,0.002622685045227554,0.177734375,52.392778752,39518208
604,5.1583099365234375,0.0026211007799911163,0.169921875,52.392778752,39583744
605,4.576943397521973,0.002619513743189388,0.2001953125,52.392778752,39649280
606,5.230770587921143,0.0026179239393989704,0.2734375,52.392778752,39714816
607,4.897219657897949,0.002616331373204446,0.18359375,52.392778752,39780352
608,4.983348846435547,0.0026147360491983623,0.212890625,52.392778752,39845888
609,4.987509727478027,0.00261313797198122,0.18359375,52.392778752,39911424
610,4.95958137512207,0.002611537146161459,0.1982421875,52.392778752,39976960
611,4.9104743003845215,0.0026099335763554456,0.1689453125,52.392778752,40042496
612,5.027587890625,0.0026083272671874594,0.1923828125,52.392778752,40108032
613,4.867740631103516,0.0026067182232896785,0.1640625,52.392778752,40173568
614,4.781074047088623,0.002605106449302169,0.18359375,52.392778752,40239104
615,5.112045764923096,0.002603491949872868,0.16015625,52.392778752,40304640
616,4.795777797698975,0.002601874729657573,0.2021484375,52.392778752,40370176
617,4.868615627288818,0.002600254793319929,0.173828125,52.392778752,40435712
618,4.889609336853027,0.0025986321455314103,0.265625,52.392778752,40501248
619,4.772519588470459,0.002597006790971313,0.1640625,52.392778752,40566784
620,4.811017990112305,0.002595378734326738,0.212890625,52.392778752,40632320
621,4.96762228012085,0.0025937479802925776,0.1796875,52.392778752,40697856
622,4.890637397766113,0.002592114533571504,0.16015625,52.392778752,40763392
623,4.595486640930176,0.0025904783988739536,0.2099609375,52.392778752,40828928
624,4.970717906951904,0.0025888395809181143,0.1552734375,52.392778752,40894464
625,4.611957550048828,0.002587198084429912,0.2060546875,52.392778752,40960000
626,4.554033279418945,0.002585553914142997,0.181640625,52.392778752,41025536
627,5.031185150146484,0.0025839070747987283,0.1796875,52.392778752,41091072
628,4.7750067710876465,0.002582257571146165,0.1796875,52.392778752,41156608
629,4.758064270019531,0.002580605407942047,0.1630859375,52.392778752,41222144
630,4.93861198425293,0.002578950589950784,0.1640625,52.392778752,41287680
631,4.820551872253418,0.002577293121944443,0.20703125,52.392778752,41353216
632,4.920807838439941,0.0025756330087027303,0.1943359375,52.392778752,41418752
633,4.9314985275268555,0.002573970255012982,0.181640625,52.392778752,41484288
634,4.607837200164795,0.00257230486567015,0.1767578125,52.392778752,41549824
635,4.817254066467285,0.002570636845476782,0.1904296875,52.392778752,41615360
636,4.87962532043457,0.002568966199243018,0.1650390625,52.392778752,41680896
637,4.6785173416137695,0.0025672929317865677,0.2119140625,52.392778752,41746432
638,4.9413299560546875,0.0025656170479327,0.1845703125,52.392778752,41811968
639,4.816818714141846,0.002563938552514229,0.212890625,52.392778752,41877504
640,4.9173479080200195,0.0025622574503715,0.16015625,52.392778752,41943040
641,5.109102249145508,0.0025605737463523758,0.2197265625,52.392778752,42008576
642,4.639930725097656,0.002558887445312222,0.1494140625,52.392778752,42074112
643,4.951655387878418,0.002557198552113893,0.166015625,52.392778752,42139648
644,4.726476192474365,0.0025555070716277183,0.205078125,52.392778752,42205184
645,4.641733646392822,0.0025538130087314898,0.1455078125,52.392778752,42270720
646,4.716498374938965,0.0025521163683104443,0.2001953125,52.392778752,42336256
647,4.730715751647949,0.002550417155257253,0.16796875,52.392778752,42401792
648,4.9191436767578125,0.0025487153744720055,0.1728515625,52.392778752,42467328
649,4.773476600646973,0.0025470110308621957,0.2060546875,52.392778752,42532864
650,4.673020362854004,0.002545304129342709,0.1796875,52.392778752,42598400
651,4.854848861694336,0.0025435946748358063,0.166015625,52.392778752,42663936
652,4.902935981750488,0.0025418826722711113,0.19921875,52.392778752,42729472
653,4.702132225036621,0.0025401681265855938,0.1650390625,52.392778752,42795008
654,4.8495306968688965,0.0025384510427235597,0.154296875,52.392778752,42860544
655,4.755664348602295,0.002536731425636634,0.193359375,52.392778752,42926080
656,4.753161430358887,0.002535009280283745,0.1640625,52.392778752,42991616
657,4.894847869873047,0.002533284611631114,0.189453125,52.392778752,43057152
658,4.835871696472168,0.0025315574246522372,0.1640625,52.392778752,43122688
659,4.9289093017578125,0.002529827724327874,0.1806640625,52.392778752,43188224
660,4.845816612243652,0.0025280955156460317,0.181640625,52.392778752,43253760
661,4.563150405883789,0.00252636080360195,0.173828125,52.392778752,43319296
662,4.548767566680908,0.0025246235931980893,0.208984375,52.392778752,43384832
663,4.786670684814453,0.0025228838894441126,0.216796875,52.392778752,43450368
664,4.857756614685059,0.0025211416973568756,0.162109375,52.392778752,43515904
665,4.800349712371826,0.0025193970219604066,0.1943359375,52.392778752,43581440
666,4.617176055908203,0.0025176498682858983,0.185546875,52.392778752,43646976
667,4.741176605224609,0.002515900241371687,0.173828125,52.392778752,43712512
668,4.711026191711426,0.002514148146263244,0.1884765625,52.392778752,43778048
669,4.969695091247559,0.002512393588013157,0.2333984375,52.392778752,43843584
670,4.589367866516113,0.0025106365716811166,0.2109375,52.392778752,43909120
671,5.0185089111328125,0.002508877102333902,0.18359375,52.392778752,43974656
672,4.8014373779296875,0.002507115185045365,0.1904296875,52.392778752,44040192
673,4.798529624938965,0.00250535082489642,0.1708984375,52.392778752,44105728
674,4.823217391967773,0.002503584026975023,0.1943359375,52.392778752,44171264
675,4.804260730743408,0.002501814796376161,0.2021484375,52.392778752,44236800
676,4.6480278968811035,0.0025000431382018354,0.2421875,52.392778752,44302336
677,4.844845294952393,0.0024982690575610497,0.259765625,52.392778752,44367872
678,4.807646751403809,0.002496492559569791,0.1689453125,52.392778752,44433408
679,4.834587097167969,0.00249471364935102,0.171875,52.392778752,44498944
680,4.499289512634277,0.002492932332034651,0.1923828125,52.392778752,44564480
681,4.924619674682617,0.002491148612757541,0.1474609375,52.392778752,44630016
682,4.6505022048950195,0.002489362496663475,0.189453125,52.392778752,44695552
683,4.887386322021484,0.0024875739889031467,0.1748046875,52.392778752,44761088
684,4.586851596832275,0.0024857830946341496,0.1640625,52.392778752,44826624
685,4.653961181640625,0.0024839898190209576,0.158203125,52.392778752,44892160
686,4.715427398681641,0.002482194167234913,0.1865234375,52.392778752,44957696
687,4.815000057220459,0.0024803961444542083,0.1396484375,52.392778752,45023232
688,4.938084602355957,0.002478595755863876,0.193359375,52.392778752,45088768
689,4.938963890075684,0.0024767930066557685,0.1640625,52.392778752,45154304
690,4.812251567840576,0.0024749879020285488,0.162109375,52.392778752,45219840
691,4.863827228546143,0.0024731804471876677,0.1484375,52.392778752,45285376
692,4.660178184509277,0.002471370647345358,0.21484375,52.392778752,45350912
693,4.690559387207031,0.002469558507720612,0.1728515625,52.392778752,45416448
694,4.965214252471924,0.0024677440335391706,0.1865234375,52.392778752,45481984
695,4.854202747344971,0.002465927230033506,0.19921875,52.392778752,45547520
696,4.643646240234375,0.002464108102442809,0.2138671875,52.392778752,45613056
697,4.710447311401367,0.0024622866560129707,0.1669921875,52.392778752,45678592
698,4.7482428550720215,0.0024604628959965704,0.158203125,52.392778752,45744128
699,5.15822172164917,0.002458636827652859,0.1767578125,52.392778752,45809664
700,4.83458948135376,0.0024568084562477444,0.16015625,52.392778752,45875200
701,4.700516700744629,0.002454977787053774,0.1669921875,52.392778752,45940736
702,4.750096321105957,0.0024531448253501233,0.1708984375,52.392778752,46006272
703,4.990745544433594,0.0024513095764225785,0.19921875,52.392778752,46071808
704,4.541834831237793,0.0024494720455635216,0.1513671875,52.392778752,46137344
705,4.650606632232666,0.002447632238071914,0.2041015625,52.392778752,46202880
706,4.731842994689941,0.002445790159253284,0.162109375,52.392778752,46268416
707,4.7489013671875,0.002443945814419709,0.171875,52.392778752,46333952
708,4.376657485961914,0.0024420992088898,0.177734375,52.392778752,46399488
709,4.785914421081543,0.002440250347988689,0.1875,52.392778752,46465024
710,4.951128959655762,0.0024383992370480114,0.1611328125,52.392778752,46530560
711,4.602978706359863,0.0024365458814058906,0.169921875,52.392778752,46596096
712,4.668066024780273,0.002434690286406923,0.1689453125,52.392778752,46661632
713,4.804444313049316,0.0024328324574021637,0.1591796875,52.392778752,46727168
714,5.255634784698486,0.0024309723997491092,0.17578125,52.392778752,46792704
715,4.682882308959961,0.0024291101188116835,0.146484375,52.392778752,46858240
716,4.895648002624512,0.0024272456199602214,0.169921875,52.392778752,46923776
717,4.8179144859313965,0.002425378908571454,0.1787109375,52.392778752,46989312
718,4.438886642456055,0.0024235099900284923,0.17578125,52.392778752,47054848
719,4.8197407722473145,0.002421638869720812,0.16796875,52.392778752,47120384
720,4.615830421447754,0.0024197655530442405,0.1591796875,52.392778752,47185920
721,4.741850852966309,0.0024178900454009354,0.1650390625,52.392778752,47251456
722,5.2227888107299805,0.0024160123521993746,0.2021484375,52.392778752,47316992
723,4.74761962890625,0.002414132478854339,0.1728515625,52.392778752,47382528
724,4.660564422607422,0.0024122504307868935,0.189453125,52.392778752,47448064
725,4.76349401473999,0.0024103662134243777,0.17578125,52.392778752,47513600
726,4.50937557220459,0.002408479832200386,0.2060546875,52.392778752,47579136
727,4.713132858276367,0.002406591292554752,0.1650390625,52.392778752,47644672
728,4.7362871170043945,0.0024047005999335343,0.15234375,52.392778752,47710208
729,4.570755958557129,0.002402807759788999,0.1884765625,52.392778752,47775744
730,4.947912216186523,0.002400912777579607,0.171875,52.392778752,47841280
731,4.4818315505981445,0.002399015658769995,0.20703125,52.392778752,47906816
732,4.554944038391113,0.0023971164088309616,0.1669921875,52.392778752,47972352
733,4.720602035522461,0.0023952150332394503,0.197265625,52.392778752,48037888
734,4.2746663093566895,0.002393311537478535,0.1845703125,52.392778752,48103424
735,4.777718544006348,0.0023914059270374044,0.2060546875,52.392778752,48168960
736,4.754615783691406,0.0023894982074113436,0.1533203125,52.392778752,48234496
737,4.689633369445801,0.0023875883841017226,0.18359375,52.392778752,48300032
738,4.635819435119629,0.002385676462615975,0.1689453125,52.392778752,48365568
739,4.465884685516357,0.002383762448467586,0.1845703125,52.392778752,48431104
740,4.511318206787109,0.002381846347176077,0.1787109375,52.392778752,48496640
741,4.569008827209473,0.002379928164266986,0.1611328125,52.392778752,48562176
742,4.789844512939453,0.0023780079052718554,0.1728515625,52.392778752,48627712
743,4.730428695678711,0.0023760855757282142,0.166015625,52.392778752,48693248
744,4.624391555786133,0.0023741611811795614,0.1533203125,52.392778752,48758784
745,4.574036121368408,0.002372234727175351,0.15625,52.392778752,48824320
746,4.581971645355225,0.0023703062192709785,0.171875,52.392778752,48889856
747,5.050277233123779,0.0023683756630277593,0.140625,52.392778752,48955392
748,4.693588733673096,0.0023664430640129163,0.16796875,52.392778752,49020928
749,4.6252899169921875,0.0023645084277995635,0.154296875,52.392778752,49086464
750,4.603260517120361,0.0023625717599666906,0.181640625,52.392778752,49152000
751,4.860947608947754,0.002360633066099145,0.15625,52.392778752,49217536
752,4.679592132568359,0.0023586923517876163,0.1357421875,52.392778752,49283072
753,4.6376118659973145,0.002356749622628622,0.140625,52.392778752,49348608
754,4.710539817810059,0.0023548048842244873,0.14453125,52.392778752,49414144
755,4.441022872924805,0.002352858142183335,0.181640625,52.392778752,49479680
756,4.848405838012695,0.0023509094021190637,0.208984375,52.392778752,49545216
757,4.616242408752441,0.002348958669651333,0.1708984375,52.392778752,49610752
758,4.865962982177734,0.0023470059504055504,0.1884765625,52.392778752,49676288
759,4.467587471008301,0.0023450512500128506,0.2177734375,52.392778752,49741824
760,4.680580139160156,0.0023430945741100833,0.14453125,52.392778752,49807360
761,4.289117813110352,0.0023411359283397938,0.2001953125,52.392778752,49872896
762,4.696566581726074,0.0023391753183502084,0.13671875,52.392778752,49938432
763,4.508388996124268,0.002337212749795217,0.1728515625,52.392778752,50003968
764,4.439019203186035,0.002335248228334359,0.1591796875,52.392778752,50069504
765,4.506712436676025,0.0023332817596328046,0.1787109375,52.392778752,50135040
766,4.582309722900391,0.0023313133493613387,0.154296875,52.392778752,50200576
767,4.569098472595215,0.0023293430031963457,0.212890625,52.392778752,50266112
768,4.733506202697754,0.0023273707268197936,0.1630859375,52.392778752,50331648
769,4.680591583251953,0.002325396525919215,0.1767578125,52.392778752,50397184
770,4.347165107727051,0.0023234204061876934,0.18359375,52.392778752,50462720
771,4.613592624664307,0.0023214423733238457,0.146484375,52.392778752,50528256
772,4.557664394378662,0.002319462433031805,0.1591796875,52.392778752,50593792
773,4.646503448486328,0.0023174805910212053,0.1474609375,52.392778752,50659328
774,4.86970329284668,0.0023154968530071656,0.15234375,52.392778752,50724864
775,4.634610176086426,0.0023135112247102707,0.1455078125,52.392778752,50790400
776,4.636610984802246,0.002311523711856558,0.158203125,52.392778752,50855936
777,4.810776710510254,0.002309534320177498,0.1611328125,52.392778752,50921472
778,4.557584762573242,0.0023075430554099817,0.16796875,52.392778752,50987008
779,4.822057723999023,0.0023055499232962984,0.1728515625,52.392778752,51052544
780,4.6129889488220215,0.0023035549295841256,0.1865234375,52.392778752,51118080
781,4.511512756347656,0.0023015580800265067,0.1416015625,52.392778752,51183616
782,4.84476375579834,0.002299559380381837,0.1611328125,52.392778752,51249152
783,4.50428581237793,0.00229755883641385,0.1611328125,52.392778752,51314688
784,4.9254889488220215,0.0022955564538915925,0.1474609375,52.392778752,51380224
785,4.487028121948242,0.0022935522385894185,0.18359375,52.392778752,51445760
786,4.458344459533691,0.002291546196286964,0.154296875,52.392778752,51511296
787,4.444575786590576,0.0022895383327691345,0.1494140625,52.392778752,51576832
788,4.5280022621154785,0.002287528653826088,0.150390625,52.392778752,51642368
789,4.655277252197266,0.002285517165253216,0.16796875,52.392778752,51707904
790,4.824961185455322,0.002283503872851131,0.1591796875,52.392778752,51773440
791,4.526845932006836,0.002281488782425645,0.1669921875,52.392778752,51838976
792,4.642098903656006,0.0022794718997877564,0.162109375,52.392778752,51904512
793,4.367568492889404,0.002277453230753631,0.1552734375,52.392778752,51970048
794,4.524396896362305,0.0022754327811445874,0.1435546875,52.392778752,52035584
795,4.702756881713867,0.002273410556787078,0.1533203125,52.392778752,52101120
796,4.692688465118408,0.0022713865635126717,0.1552734375,52.392778752,52166656
797,4.41965913772583,0.0022693608071580416,0.1533203125,52.392778752,52232192
798,4.685354232788086,0.002267333293564943,0.1689453125,52.392778752,52297728
799,4.709510803222656,0.002265304028580198,0.1611328125,52.392778752,52363264
800,4.446671485900879,0.002263273018055682,0.16015625,52.392778752,52428800
801,4.891116142272949,0.002261240267848302,0.1611328125,52.392778752,52494336
802,4.749059200286865,0.0022592057838199814,0.181640625,52.392778752,52559872
803,4.504363059997559,0.002257169571837645,0.1650390625,52.392778752,52625408
804,4.670290470123291,0.002255131637773199,0.166015625,52.392778752,52690944
805,4.4023661613464355,0.002253091987503518,0.1513671875,52.392778752,52756480
806,4.442377090454102,0.002251050626910422,0.1533203125,52.392778752,52822016
807,4.317442893981934,0.0022490075618806678,0.16796875,52.392778752,52887552
808,4.560797691345215,0.0022469627983059235,0.1484375,52.392778752,52953088
809,4.560186386108398,0.0022449163420827562,0.138671875,52.392778752,53018624
810,4.593142509460449,0.002242868199112616,0.16015625,52.392778752,53084160
811,4.578847408294678,0.002240818375301815,0.1396484375,52.392778752,53149696
812,4.677476406097412,0.002238766876561514,0.1455078125,52.392778752,53215232
813,4.785343170166016,0.0022367137088077018,0.1494140625,52.392778752,53280768
814,4.426756858825684,0.0022346588779611825,0.1748046875,52.392778752,53346304
815,4.733794689178467,0.0022326023899475553,0.150390625,52.392778752,53411840
816,4.612363338470459,0.0022305442506971975,0.1767578125,52.392778752,53477376
817,4.493155479431152,0.002228484466145249,0.1455078125,52.392778752,53542912
818,4.776797771453857,0.0022264230422315936,0.1796875,52.392778752,53608448
819,4.619726181030273,0.002224359984900843,0.1630859375,52.392778752,53673984
820,4.535432815551758,0.0022222953001023206,0.162109375,52.392778752,53739520
821,4.476283073425293,0.0022202289937900406,0.1337890625,52.392778752,53805056
822,4.48613166809082,0.002218161071922694,0.1640625,52.392778752,53870592
823,4.759400844573975,0.002216091540463632,0.150390625,52.392778752,53936128
824,4.639190673828125,0.002214020405380845,0.15234375,52.392778752,54001664
825,4.5246262550354,0.0022119476726469504,0.1533203125,52.392778752,54067200
826,4.4661383628845215,0.0022098733482391712,0.142578125,52.392778752,54132736
827,4.452542304992676,0.0022077974381393205,0.13671875,52.392778752,54198272
828,4.559332370758057,0.0022057199483337853,0.1474609375,52.392778752,54263808
829,4.521088600158691,0.0022036408848135056,0.1513671875,52.392778752,54329344
830,4.510334014892578,0.002201560253573963,0.158203125,52.392778752,54394880
831,4.625207424163818,0.002199478060615157,0.1416015625,52.392778752,54460416
832,4.661251068115234,0.002197394311941593,0.1328125,52.392778752,54525952
833,4.344977378845215,0.00219530901356226,0.1630859375,52.392778752,54591488
834,4.5529022216796875,0.002193222171490619,0.14453125,52.392778752,54657024
835,4.48448371887207,0.0021911337917445797,0.166015625,52.392778752,54722560
836,3.941075325012207,0.0021890438803464883,0.1552734375,52.392778752,54788096
837,4.506796836853027,0.0021869524433231076,0.1474609375,52.392778752,54853632
838,4.484539985656738,0.0021848594867055976,0.1552734375,52.392778752,54919168
839,4.608071804046631,0.0021827650165295036,0.1591796875,52.392778752,54984704
840,4.297546863555908,0.0021806690388347337,0.1875,52.392778752,55050240
841,4.56822395324707,0.002178571559665544,0.16015625,52.392778752,55115776
842,4.515356540679932,0.0021764725850705207,0.1669921875,52.392778752,55181312
843,4.520098686218262,0.0021743721211025606,0.171875,52.392778752,55246848
844,4.478498458862305,0.0021722701738188573,0.166015625,52.392778752,55312384
845,4.465447425842285,0.002170166749280882,0.1767578125,52.392778752,55377920
846,4.629286766052246,0.002168061853554365,0.1533203125,52.392778752,55443456
847,4.237181186676025,0.00216595549270928,0.1728515625,52.392778752,55508992
848,4.725985527038574,0.0021638476728198237,0.162109375,52.392778752,55574528
849,4.454794883728027,0.002161738399964403,0.2041015625,52.392778752,55640064
850,4.284964084625244,0.0021596276802256136,0.1748046875,52.392778752,55705600
851,4.558150291442871,0.002157515519690223,0.1259765625,52.392778752,55771136
852,4.417365074157715,0.0021554019244491543,0.212890625,52.392778752,55836672
853,4.6382856369018555,0.0021532869005974685,0.13671875,52.392778752,55902208
854,4.71718692779541,0.002151170454234345,0.1806640625,52.392778752,55967744
855,4.406422138214111,0.002149052591463066,0.1533203125,52.392778752,56033280
856,4.649744987487793,0.0021469333183909978,0.1826171875,52.392778752,56098816
857,4.426604270935059,0.0021448126411295755,0.15625,52.392778752,56164352
858,4.545377731323242,0.0021426905657942804,0.1845703125,52.392778752,56229888
859,4.5821380615234375,0.0021405670985046284,0.1435546875,52.392778752,56295424
860,4.547386169433594,0.0021384422453841487,0.150390625,52.392778752,56360960
861,4.561476230621338,0.0021363160125603647,0.1357421875,52.392778752,56426496
862,4.391190052032471,0.0021341884061647815,0.14453125,52.392778752,56492032
863,4.624489784240723,0.002132059432332863,0.1396484375,52.392778752,56557568
864,4.303689002990723,0.0021299290972040183,0.1591796875,52.392778752,56623104
865,4.113155364990234,0.0021277974069215805,0.1435546875,52.392778752,56688640
866,4.13831901550293,0.002125664367632792,0.1474609375,52.392778752,56754176
867,4.291964530944824,0.0021235299854887838,0.1220703125,52.392778752,56819712
868,4.556478977203369,0.002121394266644561,0.1513671875,52.392778752,56885248
869,4.331818580627441,0.0021192572172589823,0.1923828125,52.392778752,56950784
870,4.403468132019043,0.002117118843494744,0.142578125,52.392778752,57016320
871,4.716571807861328,0.0021149791515183607,0.2001953125,52.392778752,57081856
872,4.662848472595215,0.0021128381475001494,0.1572265625,52.392778752,57147392
873,4.3052215576171875,0.002110695837614209,0.15625,52.392778752,57212928
874,4.730157852172852,0.0021085522280384077,0.154296875,52.392778752,57278464
875,4.796826362609863,0.002106407324954357,0.259765625,52.392778752,57344000
876,4.600825309753418,0.0021042611345474024,0.146484375,52.392778752,57409536
877,4.4898271560668945,0.0021021136630066,0.1669921875,52.392778752,57475072
878,4.673447608947754,0.0020999649165246996,0.1484375,52.392778752,57540608
879,4.66959285736084,0.0020978149012981294,0.1474609375,52.392778752,57606144
880,4.476773738861084,0.002095663623526976,0.15234375,52.392778752,57671680
881,4.518858909606934,0.0020935110894149647,0.1728515625,52.392778752,57737216
882,4.469221115112305,0.002091357305169447,0.1669921875,52.392778752,57802752
883,4.541258811950684,0.0020892022770013768,0.134765625,52.392778752,57868288
884,4.463780403137207,0.0020870460111252973,0.150390625,52.392778752,57933824
885,4.4968414306640625,0.002084888513759319,0.1435546875,52.392778752,57999360
886,4.5849761962890625,0.0020827297911251044,0.1337890625,52.392778752,58064896
887,4.417829513549805,0.0020805698494478497,0.142578125,52.392778752,58130432
888,4.3322553634643555,0.0020784086949562665,0.138671875,52.392778752,58195968
889,4.539525508880615,0.002076246333882564,0.1552734375,52.392778752,58261504
890,4.786859512329102,0.0020740827724624296,0.134765625,52.392778752,58327040
891,4.6136369705200195,0.0020719180169350136,0.158203125,52.392778752,58392576
892,4.485241889953613,0.00206975207354291,0.15625,52.392778752,58458112
893,4.749092102050781,0.0020675849485321356,0.150390625,52.392778752,58523648
894,4.277608871459961,0.0020654166481521184,0.154296875,52.392778752,58589184
895,4.398305416107178,0.0020632471786556743,0.166015625,52.392778752,58654720
896,4.632416725158691,0.0020610765462989893,0.1416015625,52.392778752,58720256
897,4.642654895782471,0.002058904757341604,0.1611328125,52.392778752,58785792
898,4.535412311553955,0.0020567318180463954,0.15234375,52.392778752,58851328
899,4.030437469482422,0.0020545577346795557,0.13671875,52.392778752,58916864
900,4.3799285888671875,0.0020523825135105775,0.1591796875,52.392778752,58982400
901,4.362456798553467,0.0020502061608122344,0.16796875,52.392778752,59047936
902,4.366919040679932,0.002048028682860563,0.1513671875,52.392778752,59113472
903,4.4028639793396,0.0020458500859348444,0.1669921875,52.392778752,59179008
904,4.624624252319336,0.0020436703763175874,0.166015625,52.392778752,59244544
905,4.571872711181641,0.0020414895602945083,0.1552734375,52.392778752,59310080
906,4.205482482910156,0.0020393076441545155,0.1513671875,52.392778752,59375616
907,4.5546674728393555,0.002037124634189688,0.1591796875,52.392778752,59441152
908,4.495407581329346,0.002034940536695262,0.1455078125,52.392778752,59506688
909,4.732864856719971,0.002032755357969606,0.166015625,52.392778752,59572224
910,4.537128925323486,0.002030569104314209,0.15625,52.392778752,59637760
911,4.396017551422119,0.00202838178203366,0.1552734375,52.392778752,59703296
912,4.281235218048096,0.0020261933974356295,0.162109375,52.392778752,59768832
913,4.543606758117676,0.002024003956830849,0.15625,52.392778752,59834368
914,4.272711277008057,0.002021813466533098,0.13671875,52.392778752,59899904
915,4.51434326171875,0.0020196219328591832,0.142578125,52.392778752,59965440
916,4.669254302978516,0.0020174293621289174,0.1474609375,52.392778752,60030976
917,4.596480369567871,0.0020152357606651075,0.146484375,52.392778752,60096512
918,4.339856147766113,0.0020130411347935293,0.15625,52.392778752,60162048
919,4.392058372497559,0.002010845490842915,0.1494140625,52.392778752,60227584
920,4.478534698486328,0.0020086488351449333,0.1298828125,52.392778752,60293120
921,4.507704734802246,0.002006451174034168,0.140625,52.392778752,60358656
922,4.417396068572998,0.002004252513848103,0.1474609375,52.392778752,60424192
923,4.123439788818359,0.0020020528609271055,0.146484375,52.392778752,60489728
924,4.582052707672119,0.001999852221614403,0.12451171875,52.392778752,60555264
925,4.457812309265137,0.001997650602256068,0.146484375,52.392778752,60620800
926,4.298807144165039,0.001995448009201,0.138671875,52.392778752,60686336
927,4.58351993560791,0.001993244448800906,0.1455078125,52.392778752,60751872
928,4.448515892028809,0.001991039927410282,0.138671875,52.392778752,60817408
929,4.354866981506348,0.0019888344513863954,0.1416015625,52.392778752,60882944
930,4.272801399230957,0.0019866280270892677,0.13671875,52.392778752,60948480
931,4.423309803009033,0.0019844206608816543,0.142578125,52.392778752,61014016
932,4.523963928222656,0.0019822123591290257,0.134765625,52.392778752,61079552
933,4.352158069610596,0.0019800031281995514,0.15625,52.392778752,61145088
934,4.246617317199707,0.0019777929744640814,0.140625,52.392778752,61210624
935,4.329963684082031,0.001975581904296124,0.146484375,52.392778752,61276160
936,4.370815277099609,0.001973369924071833,0.1396484375,52.392778752,61341696
937,4.187776565551758,0.001971157040169985,0.1416015625,52.392778752,61407232
938,4.416031360626221,0.0019689432589719627,0.16015625,52.392778752,61472768
939,4.578442573547363,0.0019667285868617376,0.1240234375,52.392778752,61538304
940,4.493786811828613,0.001964513030225849,0.146484375,52.392778752,61603840
941,4.53125,0.0019622965954533868,0.1259765625,52.392778752,61669376
942,4.466409206390381,0.0019600792889359754,0.1669921875,52.392778752,61734912
943,4.312674522399902,0.0019578611170677496,0.142578125,52.392778752,61800448
944,4.2917680740356445,0.001955642086245343,0.134765625,52.392778752,61865984
945,4.428187370300293,0.001953422202867864,0.1591796875,52.392778752,61931520
946,4.350404262542725,0.001951201473336881,0.1357421875,52.392778752,61997056
947,4.696516990661621,0.0019489799040564013,0.1650390625,52.392778752,62062592
948,4.508901596069336,0.0019467575014328544,0.140625,52.392778752,62128128
949,4.311980724334717,0.0019445342718750725,0.1396484375,52.392778752,62193664
950,4.259875297546387,0.0019423102217942733,0.162109375,52.392778752,62259200
951,4.14146614074707,0.0019400853576040402,0.138671875,52.392778752,62324736
952,4.064914226531982,0.0019378596857203042,0.1513671875,52.392778752,62390272
953,4.376517295837402,0.0019356332125613255,0.1396484375,52.392778752,62455808
954,4.398965835571289,0.0019334059445476751,0.1318359375,52.392778752,62521344
955,4.264680862426758,0.0019311778881022158,0.1357421875,52.392778752,62586880
956,4.470535755157471,0.001928949049650085,0.1474609375,52.392778752,62652416
957,4.428247451782227,0.0019267194356186739,0.15234375,52.392778752,62717952
958,4.526103496551514,0.001924489052437611,0.1533203125,52.392778752,62783488
959,4.465900897979736,0.0019222579065387433,0.1572265625,52.392778752,62849024
960,4.377973556518555,0.0019200260043561149,0.1455078125,52.392778752,62914560
961,4.295132160186768,0.0019177933523259548,0.1328125,52.392778752,62980096
962,4.41695499420166,0.0019155599568866514,0.1416015625,52.392778752,63045632
963,4.282466888427734,0.0019133258244787372,0.146484375,52.392778752,63111168
964,4.231715202331543,0.0019110909615448713,0.140625,52.392778752,63176704
965,4.267164707183838,0.0019088553745298174,0.1396484375,52.392778752,63242240
966,4.423545837402344,0.0019066190698804296,0.1513671875,52.392778752,63307776
967,4.4202375411987305,0.00190438205404563,0.1357421875,52.392778752,63373312
968,4.4796037673950195,0.0019021443334763914,0.134765625,52.392778752,63438848
969,4.296442985534668,0.00189990591462572,0.1318359375,52.392778752,63504384
970,4.177245140075684,0.0018976668039486335,0.1298828125,52.392778752,63569920
971,4.283880233764648,0.0018954270079021482,0.1552734375,52.392778752,63635456
972,4.371161460876465,0.0018931865329452537,0.1396484375,52.392778752,63700992
973,4.518797397613525,0.0018909453855388983,0.1650390625,52.392778752,63766528
974,4.548840522766113,0.0018887035721459708,0.1240234375,52.392778752,63832064
975,4.572353363037109,0.0018864610992312778,0.142578125,52.392778752,63897600
976,4.412778854370117,0.0018842179732615305,0.134765625,52.392778752,63963136
977,4.366021156311035,0.001881974200705322,0.14453125,52.392778752,64028672
978,4.1452789306640625,0.00187972978803311,0.1357421875,52.392778752,64094208
979,4.446913719177246,0.001877484741717198,0.13671875,52.392778752,64159744
980,4.379824638366699,0.0018752390682317175,0.130859375,52.392778752,64225280
981,4.078383445739746,0.0018729927740526084,0.140625,52.392778752,64290816
982,4.223268508911133,0.0018707458656576003,0.1328125,52.392778752,64356352
983,4.582282066345215,0.0018684983495261937,0.15234375,52.392778752,64421888
984,4.355378150939941,0.0018662502321396424,0.1298828125,52.392778752,64487424
985,4.276488304138184,0.001864001519980933,0.166015625,52.392778752,64552960
986,4.540481090545654,0.0018617522195347688,0.189453125,52.392778752,64618496
987,4.397012710571289,0.001859502337287548,0.1650390625,52.392778752,64684032
988,4.236863136291504,0.0018572518797273475,0.146484375,52.392778752,64749568
989,4.298033714294434,0.001855000853343903,0.1435546875,52.392778752,64815104
990,4.407342910766602,0.0018527492646285904,0.1357421875,52.392778752,64880640
991,4.481356620788574,0.0018504971200744077,0.140625,52.392778752,64946176
992,4.426575183868408,0.001848244426175956,0.138671875,52.392778752,65011712
993,4.622441291809082,0.0018459911894294185,0.138671875,52.392778752,65077248
994,4.4934234619140625,0.001843737416332547,0.173828125,52.392778752,65142784
995,4.471761703491211,0.001841483113384637,0.140625,52.392778752,65208320
996,4.536604881286621,0.0018392282870865145,0.1796875,52.392778752,65273856
997,4.19197940826416,0.0018369729439405124,0.134765625,52.392778752,65339392
998,4.538121223449707,0.0018347170904504564,0.162109375,52.392778752,65404928
999,4.524130821228027,0.001832460733121642,0.140625,52.392778752,65470464
1000,4.4340009689331055,0.0018302038784608174,0.1572265625,52.392778752,65536000
1001,4.165943145751953,0.001827946532976168,0.146484375,52.392778752,65601536
1002,4.274242401123047,0.0018256887031772905,0.142578125,52.392778752,65667072
1003,4.2735795974731445,0.0018234303955751818,0.15234375,52.392778752,65732608
1004,4.36861515045166,0.0018211716166822143,0.130859375,52.392778752,65798144
1005,4.145725727081299,0.0018189123730121201,0.13671875,52.392778752,65863680
1006,4.214421272277832,0.0018166526710799724,0.1328125,52.392778752,65929216
1007,4.349458694458008,0.0018143925174021647,0.140625,52.392778752,65994752
1008,4.1104021072387695,0.0018121319184963946,0.1435546875,52.392778752,66060288
1009,4.384268283843994,0.0018098708808816416,0.14453125,52.392778752,66125824
1010,4.250552654266357,0.0018076094110781526,0.138671875,52.392778752,66191360
1011,4.410134792327881,0.0018053475156074193,0.134765625,52.392778752,66256896
1012,4.408368110656738,0.0018030852009921622,0.140625,52.392778752,66322432
1013,4.244258880615234,0.0018008224737563082,0.13671875,52.392778752,66387968
1014,4.265266418457031,0.0017985593404249772,0.1455078125,52.392778752,66453504
1015,4.26162052154541,0.001796295807524457,0.1435546875,52.392778752,66519040
1016,4.251613616943359,0.0017940318815821902,0.1416015625,52.392778752,66584576
1017,4.264785289764404,0.0017917675691267517,0.1494140625,52.392778752,66650112
1018,4.388662338256836,0.0017895028766878314,0.14453125,52.392778752,66715648
1019,4.273724555969238,0.0017872378107962137,0.134765625,52.392778752,66781184
1020,4.25998067855835,0.001784972377983762,0.1259765625,52.392778752,66846720
1021,4.184730529785156,0.0017827065847833962,0.140625,52.392778752,66912256
1022,4.607950687408447,0.001780440437729076,0.146484375,52.392778752,66977792
1023,4.38037109375,0.0017781739433557825,0.130859375,52.392778752,67043328
1024,4.236440658569336,0.0017759071081994962,0.1298828125,52.392778752,67108864
1025,4.395465850830078,0.0017736399387971824,0.130859375,52.392778752,67174400
1026,4.107394218444824,0.001771372441686769,0.12109375,52.392778752,67239936
1027,4.085745334625244,0.001769104623407129,0.14453125,52.392778752,67305472
1028,4.344278335571289,0.0017668364904980629,0.134765625,52.392778752,67371008
1029,4.435735702514648,0.0017645680495002767,0.134765625,52.392778752,67436544
1030,4.178061485290527,0.001762299306955366,0.138671875,52.392778752,67502080
1031,4.713974475860596,0.001760030269405796,0.1328125,52.392778752,67567616
1032,4.107885360717773,0.0017577609433948817,0.150390625,52.392778752,67633152
1033,3.8802785873413086,0.001755491335466771,0.14453125,52.392778752,67698688
1034,4.757902145385742,0.001753221452166424,0.162109375,52.392778752,67764224
1035,4.161394119262695,0.0017509513000395958,0.1455078125,52.392778752,67829760
1036,4.277184963226318,0.0017486808856328152,0.14453125,52.392778752,67895296
1037,4.410820007324219,0.0017464102154933687,0.134765625,52.392778752,67960832
1038,4.2644829750061035,0.00174413929616928,0.1416015625,52.392778752,68026368
1039,4.226834297180176,0.0017418681342092912,0.1611328125,52.392778752,68091904
1040,4.079967975616455,0.0017395967361628442,0.1328125,52.392778752,68157440
1041,4.407199382781982,0.0017373251085800612,0.14453125,52.392778752,68222976
1042,4.127692222595215,0.0017350532580117275,0.16796875,52.392778752,68288512
1043,4.1047468185424805,0.0017327811910092705,0.1357421875,52.392778752,68354048
1044,4.409070014953613,0.0017305089141247416,0.158203125,52.392778752,68419584
1045,4.452742576599121,0.0017282364339107979,0.150390625,52.392778752,68485120
1046,4.494241714477539,0.0017259637569206827,0.146484375,52.392778752,68550656
1047,4.400848388671875,0.0017236908897082068,0.1328125,52.392778752,68616192
1048,4.572240829467773,0.00172141783882773,0.1376953125,52.392778752,68681728
1049,4.460479259490967,0.0017191446108341404,0.150390625,52.392778752,68747264
1050,4.467868328094482,0.0017168712122828387,0.142578125,52.392778752,68812800
1051,4.276450157165527,0.001714597649729716,0.1787109375,52.392778752,68878336
1052,4.185336112976074,0.0017123239297311369,0.14453125,52.392778752,68943872
1053,4.169794082641602,0.00171005005884392,0.1396484375,52.392778752,69009408
1054,4.2443318367004395,0.001707776043625319,0.1435546875,52.392778752,69074944
1055,4.207205772399902,0.0017055018906330032,0.154296875,52.392778752,69140480
1056,4.153240203857422,0.0017032276064250413,0.1484375,52.392778752,69206016
1057,4.283957481384277,0.0017009531975598767,0.158203125,52.392778752,69271552
1058,4.3216023445129395,0.0016986786705963164,0.140625,52.392778752,69337088
1059,4.290005683898926,0.001696404032093505,0.1474609375,52.392778752,69402624
1060,4.485141754150391,0.0016941292886109103,0.134765625,52.392778752,69468160
1061,4.329740524291992,0.001691854446708302,0.388671875,52.392778752,69533696
1062,4.252442359924316,0.0016895795129457344,0.1533203125,52.392778752,69599232
1063,4.052312850952148,0.001687304493883526,0.150390625,52.392778752,69664768
1064,4.259221076965332,0.0016850293960822408,0.14453125,52.392778752,69730304
1065,4.137127876281738,0.0016827542261026714,0.138671875,52.392778752,69795840
1066,4.249855041503906,0.001680478990505818,0.130859375,52.392778752,69861376
1067,4.473660945892334,0.0016782036958528689,0.1337890625,52.392778752,69926912
1068,4.213423728942871,0.001675928348705184,0.130859375,52.392778752,69992448
1069,4.448487281799316,0.0016736529556242736,0.1376953125,52.392778752,70057984
1070,4.425931453704834,0.0016713775231717819,0.1357421875,52.392778752,70123520
1071,3.8942761421203613,0.0016691020579094652,0.138671875,52.392778752,70189056
1072,4.360210418701172,0.0016668265663991751,0.1494140625,52.392778752,70254592
1073,4.307437419891357,0.0016645510552028386,0.1298828125,52.392778752,70320128
1074,4.4698991775512695,0.0016622755308824393,0.1328125,52.392778752,70385664
1075,4.46265172958374,0.00166,0.1416015625,52.392778752,70451200
1076,4.212111949920654,0.0016577244691175607,0.1396484375,52.392778752,70516736
1077,4.246013641357422,0.0016554489447971614,0.1494140625,52.392778752,70582272
1078,3.95843505859375,0.0016531734336008254,0.1435546875,52.392778752,70647808
1079,4.5858306884765625,0.0016508979420905348,0.1376953125,52.392778752,70713344
1080,4.2428436279296875,0.0016486224768282184,0.1396484375,52.392778752,70778880
1081,4.315784931182861,0.0016463470443757267,0.126953125,52.392778752,70844416
1082,4.250830173492432,0.0016440716512948165,0.1298828125,52.392778752,70909952
1083,4.336291313171387,0.0016417963041471316,0.1435546875,52.392778752,70975488
1084,4.20936918258667,0.0016395210094941825,0.130859375,52.392778752,71041024
1085,4.456577301025391,0.0016372457738973287,0.142578125,52.392778752,71106560
1086,4.281712055206299,0.001634970603917759,0.1298828125,52.392778752,71172096
1087,4.135014533996582,0.001632695506116474,0.1435546875,52.392778752,71237632
1088,4.444657802581787,0.0016304204870542655,0.142578125,52.392778752,71303168
1089,4.4311323165893555,0.0016281455532916973,0.162109375,52.392778752,71368704
1090,4.250703811645508,0.0016258707113890893,0.1337890625,52.392778752,71434240
1091,4.106906414031982,0.0016235959679064946,0.138671875,52.392778752,71499776
1092,4.307303428649902,0.0016213213294036836,0.166015625,52.392778752,71565312
1093,4.245635032653809,0.001619046802440123,0.1259765625,52.392778752,71630848
1094,4.171171188354492,0.0016167723935749591,0.150390625,52.392778752,71696384
1095,4.3731794357299805,0.0016144981093669966,0.125,52.392778752,71761920
1096,4.375916481018066,0.0016122239563746814,0.1279296875,52.392778752,71827456
1097,4.271822452545166,0.0016099499411560802,0.134765625,52.392778752,71892992
1098,4.215487003326416,0.0016076760702688632,0.1435546875,52.392778752,71958528
1099,4.327633857727051,0.001605402350270284,0.1416015625,52.392778752,72024064
1100,4.374074459075928,0.0016031287877171614,0.1435546875,52.392778752,72089600
1101,4.23060941696167,0.0016008553891658595,0.1376953125,52.392778752,72155136
1102,4.321247100830078,0.0015985821611722705,0.1201171875,52.392778752,72220672
1103,4.197383880615234,0.0015963091102917937,0.1376953125,52.392778752,72286208
1104,4.345812797546387,0.0015940362430793178,0.12060546875,52.392778752,72351744
1105,4.215964317321777,0.001591763566089203,0.150390625,52.392778752,72417280
1106,4.428194999694824,0.0015894910858752585,0.1298828125,52.392778752,72482816
1107,4.607231140136719,0.0015872188089907293,0.1376953125,52.392778752,72548352
1108,4.447811126708984,0.0015849467419882723,0.126953125,52.392778752,72613888
1109,4.0522871017456055,0.0015826748914199386,0.130859375,52.392778752,72679424
1110,4.148991584777832,0.0015804032638371557,0.1328125,52.392778752,72744960
1111,4.274438858032227,0.0015781318657907089,0.1259765625,52.392778752,72810496
1112,4.478480339050293,0.0015758607038307202,0.1259765625,52.392778752,72876032
1113,4.207468509674072,0.0015735897845066318,0.1396484375,52.392778752,72941568
1114,4.434235572814941,0.0015713191143671853,0.1328125,52.392778752,73007104
1115,4.017450332641602,0.0015690486999604047,0.150390625,52.392778752,73072640
1116,4.225533962249756,0.001566778547833576,0.11865234375,52.392778752,73138176
1117,4.367318153381348,0.001564508664533229,0.126953125,52.392778752,73203712
1118,4.120608329772949,0.0015622390566051186,0.1328125,52.392778752,73269248
1119,3.908515214920044,0.0015599697305942043,0.1337890625,52.392778752,73334784
1120,4.267401695251465,0.001557700693044634,0.1455078125,52.392778752,73400320
1121,4.148898601531982,0.0015554319504997235,0.1328125,52.392778752,73465856
1122,4.1759419441223145,0.0015531635095019374,0.1484375,52.392778752,73531392
1123,4.2803955078125,0.0015508953765928709,0.142578125,52.392778752,73596928
1124,4.450584411621094,0.0015486275583132315,0.1591796875,52.392778752,73662464
1125,4.274161338806152,0.001546360061202818,0.13671875,52.392778752,73728000
1126,4.248000144958496,0.0015440928918005034,0.1572265625,52.392778752,73793536
1127,4.372776985168457,0.0015418260566442174,0.12353515625,52.392778752,73859072
1128,4.202861309051514,0.0015395595622709234,0.1357421875,52.392778752,73924608
1129,4.126289367675781,0.0015372934152166034,0.140625,52.392778752,73990144
1130,4.239727020263672,0.0015350276220162382,0.130859375,52.392778752,74055680
1131,4.381519317626953,0.0015327621892037863,0.1474609375,52.392778752,74121216
1132,4.370180606842041,0.0015304971233121687,0.1396484375,52.392778752,74186752
1133,4.268758773803711,0.0015282324308732486,0.1337890625,52.392778752,74252288
1134,4.0341668128967285,0.0015259681184178096,0.1171875,52.392778752,74317824
1135,4.363064765930176,0.0015237041924755432,0.125,52.392778752,74383360
1136,4.286197662353516,0.0015214406595750233,0.1240234375,52.392778752,74448896
1137,4.311964988708496,0.0015191775262436919,0.12451171875,52.392778752,74514432
1138,4.34105920791626,0.0015169147990078383,0.1162109375,52.392778752,74579968
1139,4.209643840789795,0.0015146524843925803,0.1259765625,52.392778752,74645504
1140,4.324620246887207,0.0015123905889218477,0.12890625,52.392778752,74711040
1141,4.133301258087158,0.0015101291191183584,0.1259765625,52.392778752,74776576
1142,4.115917205810547,0.0015078680815036058,0.1513671875,52.392778752,74842112
1143,4.0178542137146,0.0015056074825978353,0.1279296875,52.392778752,74907648
1144,4.3039350509643555,0.001503347328920028,0.134765625,52.392778752,74973184
1145,4.399795055389404,0.0015010876269878804,0.1396484375,52.392778752,75038720
1146,3.6824259757995605,0.001498828383317786,0.134765625,52.392778752,75104256
1147,4.275524139404297,0.0014965696044248182,0.14453125,52.392778752,75169792
1148,4.366789817810059,0.0014943112968227095,0.1181640625,52.392778752,75235328
1149,4.252760887145996,0.0014920534670238323,0.16015625,52.392778752,75300864
1150,4.153999328613281,0.0014897961215391824,0.130859375,52.392778752,75366400
1151,4.244894027709961,0.0014875392668783584,0.1328125,52.392778752,75431936
1152,4.153081893920898,0.001485282909549544,0.1435546875,52.392778752,75497472
1153,4.141165733337402,0.0014830270560594878,0.1484375,52.392778752,75563008
1154,4.101407051086426,0.001480771712913486,0.1376953125,52.392778752,75628544
1155,4.172115325927734,0.0014785168866153632,0.146484375,52.392778752,75694080
1156,4.192012310028076,0.0014762625836674534,0.146484375,52.392778752,75759616
1157,4.087899208068848,0.0014740088105705818,0.1259765625,52.392778752,75825152
1158,4.406278610229492,0.0014717555738240444,0.1337890625,52.392778752,75890688
1159,4.057540416717529,0.0014695028799255922,0.1328125,52.392778752,75956224
1160,4.353924751281738,0.0014672507353714098,0.1318359375,52.392778752,76021760
1161,4.0500993728637695,0.0014649991466560975,0.1474609375,52.392778752,76087296
1162,4.516623497009277,0.0014627481202726532,0.13671875,52.392778752,76152832
1163,4.3222503662109375,0.0014604976627124525,0.1259765625,52.392778752,76218368
1164,4.14474630355835,0.001458247780465232,0.1259765625,52.392778752,76283904
1165,4.265646457672119,0.0014559984800190677,0.13671875,52.392778752,76349440
1166,4.212148666381836,0.001453749767860358,0.12353515625,52.392778752,76414976
1167,4.346531867980957,0.0014515016504738061,0.1298828125,52.392778752,76480512
1168,4.183579921722412,0.0014492541343423997,0.1435546875,52.392778752,76546048
1169,4.187146186828613,0.0014470072259473914,0.130859375,52.392778752,76611584
1170,4.198958873748779,0.0014447609317682826,0.13671875,52.392778752,76677120
1171,4.42487096786499,0.0014425152582828022,0.1279296875,52.392778752,76742656
1172,4.4138946533203125,0.0014402702119668907,0.1337890625,52.392778752,76808192
1173,4.466989517211914,0.0014380257992946787,0.1298828125,52.392778752,76873728
1174,4.262679100036621,0.0014357820267384698,0.134765625,52.392778752,76939264
1175,4.306661605834961,0.0014335389007687225,0.1357421875,52.392778752,77004800
1176,3.920562267303467,0.0014312964278540296,0.1318359375,52.392778752,77070336
1177,4.2580246925354,0.0014290546144611017,0.13671875,52.392778752,77135872
1178,4.2929911613464355,0.0014268134670547465,0.1279296875,52.392778752,77201408
1179,4.081575870513916,0.001424572992097852,0.138671875,52.392778752,77266944
1180,4.216002464294434,0.0014223331960513668,0.1279296875,52.392778752,77332480
1181,4.332291126251221,0.0014200940853742808,0.1591796875,52.392778752,77398016
1182,4.280710220336914,0.0014178556665236093,0.138671875,52.392778752,77463552
1183,4.082747936248779,0.0014156179459543705,0.134765625,52.392778752,77529088
1184,4.158821105957031,0.0014133809301195707,0.134765625,52.392778752,77594624
1185,4.019083023071289,0.0014111446254701828,0.1513671875,52.392778752,77660160
1186,4.125868797302246,0.0014089090384551287,0.140625,52.392778752,77725696
1187,4.210352420806885,0.0014066741755212628,0.1318359375,52.392778752,77791232
1188,4.259274959564209,0.0014044400431133491,0.1279296875,52.392778752,77856768
1189,3.9927687644958496,0.0014022066476740453,0.1552734375,52.392778752,77922304
1190,4.10754919052124,0.0013999739956438851,0.1318359375,52.392778752,77987840
1191,4.080149173736572,0.0013977420934612574,0.146484375,52.392778752,78053376
1192,4.270816802978516,0.0013955109475623894,0.15234375,52.392778752,78118912
1193,4.05875301361084,0.0013932805643813262,0.12060546875,52.392778752,78184448
1194,4.180648326873779,0.001391050950349915,0.140625,52.392778752,78249984
1195,4.393463611602783,0.0013888221118977845,0.1357421875,52.392778752,78315520
1196,4.170808792114258,0.0013865940554523251,0.13671875,52.392778752,78381056
1197,4.269527435302734,0.0013843667874386748,0.138671875,52.392778752,78446592
1198,4.175464630126953,0.0013821403142796958,0.1337890625,52.392778752,78512128
1199,4.092930316925049,0.00137991464239596,0.1611328125,52.392778752,78577664
1200,4.679208755493164,0.0013776897782057272,0.1630859375,52.392778752,78643200
1201,4.2798309326171875,0.001375465728124928,0.1279296875,52.392778752,78708736
1202,4.1631059646606445,0.0013732424985671465,0.1484375,52.392778752,78774272
1203,4.535253047943115,0.0013710200959435993,0.130859375,52.392778752,78839808
1204,4.0465617179870605,0.0013687985266631194,0.1572265625,52.392778752,78905344
1205,4.099534034729004,0.0013665777971321362,0.134765625,52.392778752,78970880
1206,4.220843315124512,0.0013643579137546569,0.1259765625,52.392778752,79036416
1207,4.014500617980957,0.0013621388829322502,0.1259765625,52.392778752,79101952
1208,4.13761568069458,0.0013599207110640253,0.1220703125,52.392778752,79167488
1209,4.083973407745361,0.001357703404546613,0.140625,52.392778752,79233024
1210,4.043916702270508,0.0013554869697741515,0.126953125,52.392778752,79298560
1211,4.274046421051025,0.0013532714131382626,0.1552734375,52.392778752,79364096
1212,3.7789924144744873,0.0013510567410280375,0.13671875,52.392778752,79429632
1213,4.200990200042725,0.0013488429598300154,0.1220703125,52.392778752,79495168
1214,4.40678071975708,0.0013466300759281675,0.1455078125,52.392778752,79560704
1215,4.028360366821289,0.0013444180957038762,0.130859375,52.392778752,79626240
1216,4.217500686645508,0.001342207025535919,0.11376953125,52.392778752,79691776
1217,4.050346851348877,0.0013399968718004487,0.1318359375,52.392778752,79757312
1218,4.237907886505127,0.0013377876408709746,0.12109375,52.392778752,79822848
1219,4.032235145568848,0.0013355793391183462,0.1298828125,52.392778752,79888384
1220,3.98715877532959,0.0013333719729107325,0.12109375,52.392778752,79953920
1221,4.371784210205078,0.001331165548613605,0.12060546875,52.392778752,80019456
1222,4.284780502319336,0.001328960072589719,0.12255859375,52.392778752,80084992
1223,4.3678693771362305,0.0013267555511990948,0.1201171875,52.392778752,80150528
1224,4.17242431640625,0.0013245519907990008,0.1259765625,52.392778752,80216064
1225,4.355197906494141,0.0013223493977439326,0.11474609375,52.392778752,80281600
1226,4.214179992675781,0.0013201477783855973,0.123046875,52.392778752,80347136
1227,4.457167625427246,0.0013179471390728946,0.1357421875,52.392778752,80412672
1228,4.1806960105896,0.0013157474861518969,0.1220703125,52.392778752,80478208
1229,3.990189790725708,0.0013135488259658325,0.1455078125,52.392778752,80543744
1230,4.336051940917969,0.001311351164855067,0.1220703125,52.392778752,80609280
1231,4.174861431121826,0.0013091545091570846,0.12890625,52.392778752,80674816
1232,4.210055828094482,0.001306958865206471,0.1318359375,52.392778752,80740352
1233,4.354119300842285,0.001304764239334893,0.1318359375,52.392778752,80805888
1234,4.175995826721191,0.0013025706378710826,0.1435546875,52.392778752,80871424
1235,4.172236442565918,0.0013003780671408172,0.1328125,52.392778752,80936960
1236,4.262276649475098,0.0012981865334669017,0.13671875,52.392778752,81002496
1237,4.2991180419921875,0.0012959960431691514,0.140625,52.392778752,81068032
1238,4.024323463439941,0.0012938066025643712,0.1298828125,52.392778752,81133568
1239,4.230324745178223,0.00129161821796634,0.1259765625,52.392778752,81199104
1240,4.14464807510376,0.0012894308956857908,0.1220703125,52.392778752,81264640
1241,3.956360340118408,0.0012872446420303944,0.12109375,52.392778752,81330176
1242,4.263660430908203,0.0012850594633047386,0.1337890625,52.392778752,81395712
1243,4.1848649978637695,0.001282875365810312,0.11669921875,52.392778752,81461248
1244,4.3520355224609375,0.0012806923558454852,0.1318359375,52.392778752,81526784
1245,4.362157821655273,0.001278510439705492,0.130859375,52.392778752,81592320
1246,4.240633964538574,0.0012763296236824129,0.1318359375,52.392778752,81657856
1247,4.249904632568359,0.0012741499140651556,0.1376953125,52.392778752,81723392
1248,4.269132614135742,0.0012719713171394369,0.1259765625,52.392778752,81788928
1249,4.032544136047363,0.0012697938391877655,0.1396484375,52.392778752,81854464
1250,3.9230475425720215,0.0012676174864894225,0.142578125,52.392778752,81920000
1251,4.103420734405518,0.0012654422653204443,0.1337890625,52.392778752,81985536
1252,4.07230281829834,0.0012632681819536049,0.1337890625,52.392778752,82051072
1253,3.817725419998169,0.0012610952426583958,0.1259765625,52.392778752,82116608
1254,4.444316864013672,0.0012589234537010113,0.1337890625,52.392778752,82182144
1255,4.2814741134643555,0.001256752821344326,0.1416015625,52.392778752,82247680
1256,4.111699104309082,0.0012545833518478814,0.134765625,52.392778752,82313216
1257,4.238232612609863,0.0012524150514678645,0.12890625,52.392778752,82378752
1258,4.004513740539551,0.0012502479264570906,0.1318359375,52.392778752,82444288
1259,4.2562575340271,0.0012480819830649867,0.12890625,52.392778752,82509824
1260,4.069779396057129,0.0012459172275375706,0.12158203125,52.392778752,82575360
1261,4.246901035308838,0.0012437536661174366,0.1328125,52.392778752,82640896
1262,3.9915149211883545,0.0012415913050437338,0.1298828125,52.392778752,82706432
1263,3.935973644256592,0.0012394301505521507,0.130859375,52.392778752,82771968
1264,3.8031296730041504,0.0012372702088748963,0.1298828125,52.392778752,82837504
1265,4.178011894226074,0.0012351114862406817,0.1318359375,52.392778752,82903040
1266,4.214427947998047,0.0012329539888747034,0.13671875,52.392778752,82968576
1267,3.9608020782470703,0.0012307977229986228,0.125,52.392778752,83034112
1268,4.239652633666992,0.0012286426948305527,0.1357421875,52.392778752,83099648
1269,4.2540998458862305,0.0012264889105850353,0.1328125,52.392778752,83165184
1270,3.9339404106140137,0.0012243363764730241,0.134765625,52.392778752,83230720
1271,4.1339287757873535,0.0012221850987018704,0.1630859375,52.392778752,83296256
1272,4.110001087188721,0.0012200350834753004,0.130859375,52.392778752,83361792
1273,4.287065505981445,0.0012178863369934003,0.1416015625,52.392778752,83427328
1274,4.191115379333496,0.0012157388654525977,0.1328125,52.392778752,83492864
1275,4.215048789978027,0.001213592675045643,0.11376953125,52.392778752,83558400
1276,4.559755325317383,0.001211447771961593,0.1708984375,52.392778752,83623936
1277,4.256951332092285,0.001209304162385791,0.1396484375,52.392778752,83689472
1278,4.167757987976074,0.0012071618524998513,0.130859375,52.392778752,83755008
1279,4.307453632354736,0.0012050208484816398,0.1328125,52.392778752,83820544
1280,4.424587249755859,0.0012028811565052565,0.142578125,52.392778752,83886080
1281,4.152141571044922,0.0012007427827410181,0.12255859375,52.392778752,83951616
1282,4.100209712982178,0.0011986057333554392,0.1240234375,52.392778752,84017152
1283,3.8653321266174316,0.0011964700145112165,0.134765625,52.392778752,84082688
1284,4.315219879150391,0.0011943356323672087,0.12890625,52.392778752,84148224
1285,3.9794511795043945,0.0011922025930784198,0.1240234375,52.392778752,84213760
1286,4.213090419769287,0.0011900709027959824,0.11474609375,52.392778752,84279296
1287,3.999142646789551,0.0011879405676671372,0.1376953125,52.392778752,84344832
1288,4.191400527954102,0.0011858115938352188,0.11962890625,52.392778752,84410368
1289,4.1042327880859375,0.0011836839874396355,0.1337890625,52.392778752,84475904
1290,4.166541576385498,0.0011815577546158515,0.125,52.392778752,84541440
1291,4.487024307250977,0.0011794329014953712,0.1279296875,52.392778752,84606976
1292,4.1862993240356445,0.0011773094342057196,0.1328125,52.392778752,84672512
1293,4.188448429107666,0.0011751873588704248,0.125,52.392778752,84738048
1294,4.078946113586426,0.0011730666816090023,0.11376953125,52.392778752,84803584
1295,4.077362060546875,0.0011709474085369344,0.1396484375,52.392778752,84869120
1296,4.213866710662842,0.0011688295457656555,0.12353515625,52.392778752,84934656
1297,4.080378532409668,0.0011667130994025316,0.1298828125,52.392778752,85000192
1298,4.078980922698975,0.0011645980755508457,0.126953125,52.392778752,85065728
1299,4.061209201812744,0.0011624844803097773,0.1435546875,52.392778752,85131264
1300,4.049890041351318,0.0011603723197743867,0.12353515625,52.392778752,85196800
1301,4.08606481552124,0.0011582616000355972,0.12060546875,52.392778752,85262336
1302,4.18411922454834,0.0011561523271801765,0.177734375,52.392778752,85327872
1303,4.076157569885254,0.0011540445072907208,0.134765625,52.392778752,85393408
1304,4.289646148681641,0.001151938146445635,0.1396484375,52.392778752,85458944
1305,4.036649227142334,0.0011498332507191183,0.142578125,52.392778752,85524480
1306,4.136014938354492,0.0011477298261811431,0.1259765625,52.392778752,85590016
1307,3.8887362480163574,0.0011456278788974396,0.158203125,52.392778752,85655552
1308,4.074371337890625,0.0011435274149294795,0.125,52.392778752,85721088
1309,4.260014533996582,0.0011414284403344559,0.146484375,52.392778752,85786624
1310,4.024684906005859,0.0011393309611652661,0.150390625,52.392778752,85852160
1311,3.8233046531677246,0.0011372349834704964,0.1611328125,52.392778752,85917696
1312,4.18260383605957,0.0011351405132944024,0.13671875,52.392778752,85983232
1313,3.9519598484039307,0.001133047556676893,0.1337890625,52.392778752,86048768
1314,3.9113545417785645,0.0011309561196535117,0.1416015625,52.392778752,86114304
1315,4.266909599304199,0.0011288662082554204,0.1474609375,52.392778752,86179840
1316,4.227653980255127,0.0011267778285093814,0.134765625,52.392778752,86245376
1317,4.337564468383789,0.0011246909864377399,0.1376953125,52.392778752,86310912
1318,3.862043619155884,0.0011226056880584074,0.140625,52.392778752,86376448
1319,4.091959476470947,0.001120521939384843,0.1279296875,52.392778752,86441984
1320,4.372191905975342,0.0011184397464260372,0.1259765625,52.392778752,86507520
1321,3.999884843826294,0.0011163591151864946,0.1376953125,52.392778752,86573056
1322,4.306501388549805,0.0011142800516662154,0.12353515625,52.392778752,86638592
1323,3.9813809394836426,0.00111220256186068,0.140625,52.392778752,86704128
1324,4.089570999145508,0.0011101266517608292,0.12451171875,52.392778752,86769664
1325,4.017133712768555,0.00110805232735305,0.12060546875,52.392778752,86835200
1326,4.146066188812256,0.0011059795946191556,0.11572265625,52.392778752,86900736
1327,4.049396514892578,0.0011039084595363686,0.119140625,52.392778752,86966272
1328,4.310771942138672,0.0011018389280773061,0.1318359375,52.392778752,87031808
1329,4.182564735412598,0.0010997710062099597,0.1279296875,52.392778752,87097344
1330,4.046457290649414,0.0010977046998976792,0.12890625,52.392778752,87162880
1331,4.163983345031738,0.0010956400150991562,0.12353515625,52.392778752,87228416
1332,4.126081943511963,0.0010935769577684067,0.123046875,52.392778752,87293952
1333,4.238908767700195,0.0010915155338547514,0.201171875,52.392778752,87359488
1334,4.114581108093262,0.0010894557493028028,0.1279296875,52.392778752,87425024
1335,4.025802135467529,0.0010873976100524451,0.140625,52.392778752,87490560
1336,4.115242004394531,0.0010853411220388175,0.140625,52.392778752,87556096
1337,4.25949239730835,0.0010832862911922983,0.1279296875,52.392778752,87621632
1338,4.147500514984131,0.0010812331234384864,0.12255859375,52.392778752,87687168
1339,4.211751937866211,0.0010791816246981853,0.1455078125,52.392778752,87752704
1340,4.47285270690918,0.0010771318008873842,0.126953125,52.392778752,87818240
1341,4.013733386993408,0.0010750836579172438,0.1259765625,52.392778752,87883776
1342,4.305704593658447,0.0010730372016940774,0.1318359375,52.392778752,87949312
1343,4.12438440322876,0.0010709924381193327,0.1259765625,52.392778752,88014848
1344,3.958308219909668,0.0010689493730895777,0.140625,52.392778752,88080384
1345,4.142942428588867,0.0010669080124964825,0.1201171875,52.392778752,88145920
1346,4.356927871704102,0.0010648683622268014,0.12451171875,52.392778752,88211456
1347,4.008321762084961,0.0010628304281623552,0.1318359375,52.392778752,88276992
1348,3.8815674781799316,0.001060794216180019,0.1279296875,52.392778752,88342528
1349,4.2052178382873535,0.0010587597321516983,0.1318359375,52.392778752,88408064
1350,4.0738983154296875,0.0010567269819443175,0.125,52.392778752,88473600
1351,4.008530616760254,0.0010546959714198016,0.123046875,52.392778752,88539136
1352,4.3062214851379395,0.0010526667064350574,0.1298828125,52.392778752,88604672
1353,4.2696075439453125,0.0010506391928419587,0.123046875,52.392778752,88670208
1354,4.235000133514404,0.0010486134364873282,0.1318359375,52.392778752,88735744
1355,4.1704511642456055,0.0010465894432129229,0.1318359375,52.392778752,88801280
1356,3.8784945011138916,0.0010445672188554127,0.12890625,52.392778752,88866816
1357,4.0669941902160645,0.001042546769246369,0.1298828125,52.392778752,88932352
1358,4.391201019287109,0.0010405281002122437,0.1298828125,52.392778752,88997888
1359,4.132944583892822,0.0010385112175743557,0.119140625,52.392778752,89063424
1360,4.120957851409912,0.0010364961271488696,0.130859375,52.392778752,89128960
1361,4.124098777770996,0.0010344828347467843,0.1279296875,52.392778752,89194496
1362,4.191638946533203,0.001032471346173913,0.1240234375,52.392778752,89260032
1363,3.945831775665283,0.0010304616672308661,0.12890625,52.392778752,89325568
1364,4.14035177230835,0.0010284538037130364,0.1240234375,52.392778752,89391104
1365,4.045261383056641,0.0010264477614105817,0.125,52.392778752,89456640
1366,3.995499849319458,0.0010244435461084077,0.1220703125,52.392778752,89522176
1367,4.076745510101318,0.0010224411635861505,0.1396484375,52.392778752,89587712
1368,4.0703935623168945,0.0010204406196181628,0.138671875,52.392778752,89653248
1369,4.018987655639648,0.0010184419199734938,0.126953125,52.392778752,89718784
1370,4.162830352783203,0.0010164450704158747,0.12890625,52.392778752,89784320
1371,4.098365783691406,0.0010144500767037012,0.130859375,52.392778752,89849856
1372,4.173275947570801,0.001012456944590019,0.12890625,52.392778752,89915392
1373,4.1171875,0.0010104656798225022,0.1318359375,52.392778752,89980928
1374,4.339432716369629,0.0010084762881434426,0.134765625,52.392778752,90046464
1375,4.200983047485352,0.00100648877528973,0.1259765625,52.392778752,90112000
1376,4.230903625488281,0.001004503146992835,0.1357421875,52.392778752,90177536
1377,3.8850667476654053,0.0010025194089787947,0.1416015625,52.392778752,90243072
1378,4.393144607543945,0.0010005375669681952,0.1318359375,52.392778752,90308608
1379,4.019433975219727,0.0009985576266761547,0.12158203125,52.392778752,90374144
1380,4.101047515869141,0.0009965795938123067,0.130859375,52.392778752,90439680
1381,4.118943214416504,0.0009946034740807852,0.12255859375,52.392778752,90505216
1382,3.5728671550750732,0.000992629273180207,0.12109375,52.392778752,90570752
1383,3.9858102798461914,0.0009906569968036547,0.12890625,52.392778752,90636288
1384,4.131042003631592,0.0009886866506386618,0.130859375,52.392778752,90701824
1385,4.039885520935059,0.0009867182403671957,0.12255859375,52.392778752,90767360
1386,4.097555160522461,0.0009847517716656414,0.11962890625,52.392778752,90832896
1387,4.1635589599609375,0.0009827872502047826,0.126953125,52.392778752,90898432
1388,3.9749982357025146,0.0009808246816497914,0.12890625,52.392778752,90963968
1389,3.89926815032959,0.0009788640716602063,0.130859375,52.392778752,91029504
1390,4.126873970031738,0.0009769054258899168,0.12060546875,52.392778752,91095040
1391,3.7486090660095215,0.0009749487499871492,0.13671875,52.392778752,91160576
1392,3.9057106971740723,0.0009729940495944501,0.1376953125,52.392778752,91226112
1393,4.192406177520752,0.0009710413303486673,0.1240234375,52.392778752,91291648
1394,3.962411403656006,0.0009690905978809367,0.1259765625,52.392778752,91357184
1395,3.820436477661133,0.0009671418578166648,0.123046875,52.392778752,91422720
1396,3.9428329467773438,0.0009651951157755127,0.1240234375,52.392778752,91488256
1397,3.633328914642334,0.0009632503773713786,0.1298828125,52.392778752,91553792
1398,3.905946731567383,0.0009613076482123838,0.1318359375,52.392778752,91619328
1399,4.129169464111328,0.0009593669339008556,0.1357421875,52.392778752,91684864
1400,4.108094692230225,0.0009574282400333098,0.1201171875,52.392778752,91750400
1401,4.06020975112915,0.0009554915722004368,0.1328125,52.392778752,91815936
1402,4.258049964904785,0.0009535569359870846,0.1455078125,52.392778752,91881472
1403,3.7476916313171387,0.0009516243369722414,0.12353515625,52.392778752,91947008
1404,4.143694877624512,0.0009496937807290216,0.1259765625,52.392778752,92012544
1405,4.086459159851074,0.0009477652728246487,0.1298828125,52.392778752,92078080
1406,3.886009454727173,0.0009458388188204394,0.1220703125,52.392778752,92143616
1407,4.1071271896362305,0.000943914424271786,0.1318359375,52.392778752,92209152
1408,3.953840732574463,0.0009419920947281443,0.1328125,52.392778752,92274688
1409,4.0826520919799805,0.0009400718357330142,0.1240234375,52.392778752,92340224
1410,4.255956649780273,0.0009381536528239233,0.1279296875,52.392778752,92405760
1411,3.9577956199645996,0.000936237551532414,0.1220703125,52.392778752,92471296
1412,3.992443799972534,0.0009343235373840257,0.11572265625,52.392778752,92536832
1413,4.200444221496582,0.0009324116158982777,0.11767578125,52.392778752,92602368
1414,4.041547775268555,0.000930501792588656,0.1259765625,52.392778752,92667904
1415,3.9957728385925293,0.0009285940729625954,0.130859375,52.392778752,92733440
1416,3.9297776222229004,0.0009266884625214653,0.12255859375,52.392778752,92798976
1417,4.247560501098633,0.0009247849667605501,0.11865234375,52.392778752,92864512
1418,4.156983375549316,0.0009228835911690386,0.126953125,52.392778752,92930048
1419,4.131390571594238,0.0009209843412300053,0.12255859375,52.392778752,92995584
1420,4.293056488037109,0.0009190872224203932,0.123046875,52.392778752,93061120
1421,4.018887042999268,0.0009171922402110011,0.12060546875,52.392778752,93126656
1422,4.2260847091674805,0.0009152994000664658,0.12109375,52.392778752,93192192
1423,4.19968843460083,0.0009134087074452483,0.12890625,52.392778752,93257728
1424,4.240000247955322,0.0009115201677996142,0.1259765625,52.392778752,93323264
1425,4.354245185852051,0.0009096337865756223,0.1259765625,52.392778752,93388800
1426,4.141716480255127,0.0009077495692131073,0.1298828125,52.392778752,93454336
1427,3.94381046295166,0.0009058675211456615,0.1162109375,52.392778752,93519872
1428,4.0814104080200195,0.0009039876478006251,0.1162109375,52.392778752,93585408
1429,4.025751113891602,0.0009021099545990646,0.12353515625,52.392778752,93650944
1430,3.8091681003570557,0.0009002344469557595,0.123046875,52.392778752,93716480
1431,4.30972957611084,0.0008983611302791873,0.1220703125,52.392778752,93782016
1432,4.087062358856201,0.0008964900099715084,0.1181640625,52.392778752,93847552
1433,3.9804434776306152,0.0008946210914285464,0.11962890625,52.392778752,93913088
1434,4.104468822479248,0.0008927543800397788,0.1259765625,52.392778752,93978624
1435,3.999544620513916,0.0008908898811883164,0.1279296875,52.392778752,94044160
1436,3.9110584259033203,0.0008890276002508911,0.12890625,52.392778752,94109696
1437,4.076467514038086,0.0008871675425978366,0.11767578125,52.392778752,94175232
1438,3.950498104095459,0.0008853097135930771,0.134765625,52.392778752,94240768
1439,4.35928201675415,0.0008834541185941099,0.1318359375,52.392778752,94306304
1440,4.284952640533447,0.0008816007629519888,0.1337890625,52.392778752,94371840
1441,4.128917694091797,0.000879749652011311,0.1259765625,52.392778752,94437376
1442,3.9946653842926025,0.0008779007911102001,0.12158203125,52.392778752,94502912
1443,4.025232315063477,0.0008760541855802916,0.12109375,52.392778752,94568448
1444,4.129354476928711,0.0008742098407467163,0.126953125,52.392778752,94633984
1445,4.109930038452148,0.0008723677619280862,0.126953125,52.392778752,94699520
1446,4.088533878326416,0.0008705279544364792,0.130859375,52.392778752,94765056
1447,4.109023094177246,0.0008686904235774218,0.125,52.392778752,94830592
1448,3.809091806411743,0.0008668551746498767,0.125,52.392778752,94896128
1449,4.1270575523376465,0.0008650222129462264,0.126953125,52.392778752,94961664
1450,4.0530009269714355,0.000863191543752256,0.1171875,52.392778752,95027200
1451,3.7253105640411377,0.0008613631723471407,0.12451171875,52.392778752,95092736
1452,3.9370572566986084,0.0008595371040034296,0.11865234375,52.392778752,95158272
1453,4.017291069030762,0.0008577133439870295,0.1279296875,52.392778752,95223808
1454,3.989715337753296,0.0008558918975571913,0.119140625,52.392778752,95289344
1455,4.266972064971924,0.0008540727699664939,0.1259765625,52.392778752,95354880
1456,4.367775917053223,0.0008522559664608298,0.125,52.392778752,95420416
1457,3.8322348594665527,0.0008504414922793881,0.1201171875,52.392778752,95485952
1458,4.028141498565674,0.000848629352654642,0.1337890625,52.392778752,95551488
1459,4.2187395095825195,0.0008468195528123324,0.126953125,52.392778752,95617024
1460,4.066028594970703,0.0008450120979714518,0.1220703125,52.392778752,95682560
1461,3.9050936698913574,0.0008432069933442311,0.12451171875,52.392778752,95748096
1462,3.9897634983062744,0.0008414042441361241,0.1357421875,52.392778752,95813632
1463,3.813554286956787,0.000839603855545792,0.1318359375,52.392778752,95879168
1464,4.083868980407715,0.0008378058327650876,0.125,52.392778752,95944704
1465,3.991809844970703,0.0008360101809790424,0.12158203125,52.392778752,96010240
1466,3.807727813720703,0.0008342169053658509,0.12451171875,52.392778752,96075776
1467,3.934394359588623,0.0008324260110968535,0.1298828125,52.392778752,96141312
1468,4.06119441986084,0.0008306375033365251,0.12451171875,52.392778752,96206848
1469,3.9372453689575195,0.000828851387242459,0.12060546875,52.392778752,96272384
1470,3.9795877933502197,0.0008270676679653494,0.1279296875,52.392778752,96337920
1471,4.126674652099609,0.0008252863506489804,0.1318359375,52.392778752,96403456
1472,4.145107269287109,0.0008235074404302094,0.12109375,52.392778752,96468992
1473,4.098516464233398,0.0008217309424389509,0.12353515625,52.392778752,96534528
1474,3.9978699684143066,0.0008199568617981648,0.1376953125,52.392778752,96600064
1475,4.085841178894043,0.0008181852036238392,0.12255859375,52.392778752,96665600
1476,3.9047908782958984,0.0008164159730249772,0.12255859375,52.392778752,96731136
1477,3.9819400310516357,0.00081464917510358,0.1259765625,52.392778752,96796672
1478,4.129164695739746,0.000812884814954635,0.11962890625,52.392778752,96862208
1479,4.191988468170166,0.000811122897666099,0.1240234375,52.392778752,96927744
1480,4.2301225662231445,0.000809363428318884,0.1318359375,52.392778752,96993280
1481,4.393389701843262,0.0008076064119868432,0.1328125,52.392778752,97058816
1482,4.137358665466309,0.0008058518537367558,0.1259765625,52.392778752,97124352
1483,3.8873772621154785,0.0008040997586283134,0.125,52.392778752,97189888
1484,4.121948719024658,0.0008023501317141024,0.125,52.392778752,97255424
1485,3.9577860832214355,0.0008006029780395935,0.1337890625,52.392778752,97320960
1486,3.9881672859191895,0.0007988583026431254,0.1328125,52.392778752,97386496
1487,3.9083170890808105,0.0007971161105558875,0.126953125,52.392778752,97452032
1488,4.182933807373047,0.0007953764068019108,0.12109375,52.392778752,97517568
1489,3.910338878631592,0.0007936391963980501,0.130859375,52.392778752,97583104
1490,4.0451741218566895,0.0007919044843539687,0.1259765625,52.392778752,97648640
1491,4.081972599029541,0.0007901722756721261,0.119140625,52.392778752,97714176
1492,4.142851829528809,0.0007884425753477628,0.1259765625,52.392778752,97779712
1493,3.810029983520508,0.0007867153883688864,0.126953125,52.392778752,97845248
1494,4.004479885101318,0.000784990719716255,0.126953125,52.392778752,97910784
1495,3.8430261611938477,0.0007832685743633661,0.1298828125,52.392778752,97976320
1496,4.209685325622559,0.0007815489572764404,0.1279296875,52.392778752,98041856
1497,4.269753456115723,0.0007798318734144064,0.12255859375,52.392778752,98107392
1498,3.717268466949463,0.0007781173277288892,0.1318359375,52.392778752,98172928
1499,4.007227420806885,0.0007764053251641935,0.13671875,52.392778752,98238464
1500,3.7987148761749268,0.0007746958706572912,0.134765625,52.392778752,98304000
1501,4.1196699142456055,0.0007729889691378044,0.123046875,52.392778752,98369536
1502,3.9000730514526367,0.0007712846255279946,0.140625,52.392778752,98435072
1503,4.087943077087402,0.0007695828447427476,0.1220703125,52.392778752,98500608
1504,4.149624824523926,0.0007678836316895564,0.126953125,52.392778752,98566144
1505,3.8754196166992188,0.0007661869912685107,0.1318359375,52.392778752,98631680
1506,4.046258926391602,0.0007644929283722822,0.12890625,52.392778752,98697216
1507,4.191286087036133,0.0007628014478861076,0.1337890625,52.392778752,98762752
1508,3.9472270011901855,0.000761112554687778,0.125,52.392778752,98828288
1509,4.198089599609375,0.0007594262536476244,0.125,52.392778752,98893824
1510,3.8192596435546875,0.0007577425496285002,0.1220703125,52.392778752,98959360
1511,4.063258171081543,0.0007560614474857715,0.130859375,52.392778752,99024896
1512,3.9442355632781982,0.0007543829520673004,0.12255859375,52.392778752,99090432
1513,3.951911449432373,0.0007527070682134327,0.1259765625,52.392778752,99155968
1514,4.168442726135254,0.0007510338007569821,0.1240234375,52.392778752,99221504
1515,3.7912521362304688,0.0007493631545232177,0.12255859375,52.392778752,99287040
1516,4.182152271270752,0.000747695134329851,0.1279296875,52.392778752,99352576
1517,3.935667037963867,0.0007460297449870178,0.1298828125,52.392778752,99418112
1518,3.8466081619262695,0.0007443669912972699,0.125,52.392778752,99483648
1519,4.07754373550415,0.0007427068780555571,0.1298828125,52.392778752,99549184
1520,3.8936524391174316,0.000741049410049216,0.125,52.392778752,99614720
1521,3.9507033824920654,0.0007393945920579533,0.12109375,52.392778752,99680256
1522,4.10980224609375,0.0007377424288538351,0.1220703125,52.392778752,99745792
1523,4.06657600402832,0.0007360929252012722,0.1220703125,52.392778752,99811328
1524,3.950942277908325,0.0007344460858570038,0.12060546875,52.392778752,99876864
1525,4.029398441314697,0.0007328019155700883,0.1240234375,52.392778752,99942400
1526,3.8464114665985107,0.0007311604190818856,0.1279296875,52.392778752,100007936
1527,3.8750383853912354,0.0007295216011260468,0.1220703125,52.392778752,100073472
1528,3.829998016357422,0.0007278854664284957,0.1240234375,52.392778752,100139008
1529,3.960104465484619,0.0007262520197074226,0.1279296875,52.392778752,100204544
1530,3.7773525714874268,0.0007246212656732623,0.12255859375,52.392778752,100270080
1531,4.182734489440918,0.000722993209028687,0.125,52.392778752,100335616
1532,3.822627067565918,0.0007213678544685896,0.130859375,52.392778752,100401152
1533,3.9839937686920166,0.0007197452066800713,0.123046875,52.392778752,100466688
1534,4.11013126373291,0.0007181252703424268,0.126953125,52.392778752,100532224
1535,3.9409663677215576,0.0007165080501271323,0.1318359375,52.392778752,100597760
1536,3.869971990585327,0.0007148935506978316,0.12109375,52.392778752,100663296
1537,4.158260822296143,0.0007132817767103217,0.1279296875,52.392778752,100728832
1538,3.8147287368774414,0.000711672732812541,0.1416015625,52.392778752,100794368
1539,4.074798583984375,0.0007100664236445543,0.12890625,52.392778752,100859904
1540,4.015751838684082,0.0007084628538385412,0.126953125,52.392778752,100925440
1541,4.014256477355957,0.0007068620280187801,0.14453125,52.392778752,100990976
1542,4.155422210693359,0.0007052639508016375,0.12890625,52.392778752,101056512
1543,3.985915184020996,0.0007036686267955542,0.12109375,52.392778752,101122048
1544,3.934041738510132,0.00070207606060103,0.1201171875,52.392778752,101187584
1545,4.055459022521973,0.0007004862568106127,0.123046875,52.392778752,101253120
1546,4.073307991027832,0.0006988992200088839,0.12890625,52.392778752,101318656
1547,4.208769798278809,0.0006973149547724465,0.126953125,52.392778752,101384192
1548,3.9201807975769043,0.0006957334656699095,0.125,52.392778752,101449728
1549,3.8898863792419434,0.0006941547572618782,0.1298828125,52.392778752,101515264
1550,3.782435417175293,0.0006925788341009372,0.1298828125,52.392778752,101580800
1551,4.007578372955322,0.0006910057007316406,0.12060546875,52.392778752,101646336
1552,3.62979793548584,0.0006894353616904964,0.1279296875,52.392778752,101711872
1553,4.091303825378418,0.0006878678215059557,0.12158203125,52.392778752,101777408
1554,3.9860591888427734,0.0006863030846983969,0.12451171875,52.392778752,101842944
1555,4.098529815673828,0.0006847411557801151,0.12158203125,52.392778752,101908480
1556,4.18455696105957,0.0006831820392553089,0.126953125,52.392778752,101974016
1557,4.016891002655029,0.0006816257396200646,0.1259765625,52.392778752,102039552
1558,3.9829745292663574,0.0006800722613623471,0.1279296875,52.392778752,102105088
1559,3.7738559246063232,0.000678521608961985,0.1298828125,52.392778752,102170624
1560,4.339934349060059,0.0006769737868906572,0.125,52.392778752,102236160
1561,3.9764719009399414,0.0006754287996118809,0.126953125,52.392778752,102301696
1562,4.164636611938477,0.0006738866515809986,0.12255859375,52.392778752,102367232
1563,4.129701137542725,0.0006723473472451655,0.12451171875,52.392778752,102432768
1564,4.129113674163818,0.0006708108910433351,0.1279296875,52.392778752,102498304
1565,4.024665832519531,0.000669277287406249,0.125,52.392778752,102563840
1566,3.7753777503967285,0.0006677465407564222,0.11865234375,52.392778752,102629376
1567,4.22392463684082,0.0006662186555081311,0.12451171875,52.392778752,102694912
1568,4.36391019821167,0.0006646936360673992,0.12255859375,52.392778752,102760448
1569,4.123693943023682,0.0006631714868319883,0.11767578125,52.392778752,102825984
1570,3.6824121475219727,0.0006616522121913816,0.11767578125,52.392778752,102891520
1571,4.024646759033203,0.0006601358165267724,0.1240234375,52.392778752,102957056
1572,3.94197940826416,0.0006586223042110527,0.12890625,52.392778752,103022592
1573,4.027157783508301,0.0006571116796087995,0.1279296875,52.392778752,103088128
1574,3.8984062671661377,0.0006556039470762619,0.1259765625,52.392778752,103153664
1575,3.9897279739379883,0.0006540991109613493,0.1259765625,52.392778752,103219200
1576,4.009526252746582,0.0006525971756036193,0.11669921875,52.392778752,103284736
1577,4.156423091888428,0.0006510981453342629,0.1279296875,52.392778752,103350272
1578,3.769468307495117,0.0006496020244760949,0.11865234375,52.392778752,103415808
1579,4.044858932495117,0.0006481088173435395,0.1240234375,52.392778752,103481344
1580,3.9194083213806152,0.0006466185282426192,0.123046875,52.392778752,103546880
1581,4.0061564445495605,0.0006451311614709404,0.12060546875,52.392778752,103612416
1582,4.172723293304443,0.0006436467213176834,0.125,52.392778752,103677952
1583,4.060388565063477,0.0006421652120635886,0.123046875,52.392778752,103743488
1584,4.06638240814209,0.0006406866379809437,0.11962890625,52.392778752,103809024
1585,4.075700759887695,0.000639211003333573,0.123046875,52.392778752,103874560
1586,3.965590715408325,0.0006377383123768243,0.1201171875,52.392778752,103940096
1587,4.093555927276611,0.0006362685693575562,0.12109375,52.392778752,104005632
1588,3.9284090995788574,0.0006348017785141254,0.11767578125,52.392778752,104071168
1589,4.149703502655029,0.0006333379440763771,0.111328125,52.392778752,104136704
1590,4.0453338623046875,0.00063187707026563,0.12451171875,52.392778752,104202240
1591,4.133881568908691,0.0006304191612946645,0.123046875,52.392778752,104267776
1592,3.391047954559326,0.0006289642213677121,0.1220703125,52.392778752,104333312
1593,4.265652179718018,0.0006275122546804426,0.12353515625,52.392778752,104398848
1594,4.032398223876953,0.0006260632654199504,0.12451171875,52.392778752,104464384
1595,3.976423740386963,0.0006246172577647447,0.1396484375,52.392778752,104529920
1596,3.898660659790039,0.0006231742358847368,0.1240234375,52.392778752,104595456
1597,4.179930686950684,0.0006217342039412276,0.12060546875,52.392778752,104660992
1598,3.847841262817383,0.0006202971660868948,0.12255859375,52.392778752,104726528
1599,3.926969289779663,0.0006188631264657833,0.1201171875,52.392778752,104792064
1600,3.9818897247314453,0.0006174320892132914,0.130859375,52.392778752,104857600
1601,3.786818504333496,0.0006160040584561587,0.11767578125,52.392778752,104923136
1602,4.208154678344727,0.0006145790383124557,0.11865234375,52.392778752,104988672
1603,4.106568336486816,0.0006131570328915708,0.1162109375,52.392778752,105054208
1604,4.0653533935546875,0.0006117380462941991,0.11962890625,52.392778752,105119744
1605,4.0328240394592285,0.000610322082612329,0.11865234375,52.392778752,105185280
1606,3.9607748985290527,0.0006089091459292328,0.12451171875,52.392778752,105250816
1607,3.7232675552368164,0.0006074992403194537,0.11767578125,52.392778752,105316352
1608,4.105584621429443,0.0006060923698487925,0.1162109375,52.392778752,105381888
1609,4.260108470916748,0.0006046885385742996,0.1201171875,52.392778752,105447424
1610,3.8862967491149902,0.0006032877505442604,0.123046875,52.392778752,105512960
1611,3.9769184589385986,0.0006018900097981834,0.12353515625,52.392778752,105578496
1612,4.019178867340088,0.0006004953203667905,0.11767578125,52.392778752,105644032
1613,3.9765825271606445,0.0005991036862720046,0.1259765625,52.392778752,105709568
1614,3.718092441558838,0.0005977151115269366,0.1279296875,52.392778752,105775104
1615,4.21333122253418,0.000596329600135876,0.1220703125,52.392778752,105840640
1616,3.815042018890381,0.0005949471560942786,0.125,52.392778752,105906176
1617,3.8141534328460693,0.0005935677833887545,0.1337890625,52.392778752,105971712
1618,3.930413246154785,0.0005921914859970559,0.12890625,52.392778752,106037248
1619,3.957205057144165,0.0005908182678880679,0.140625,52.392778752,106102784
1620,4.004366397857666,0.0005894481330217953,0.1298828125,52.392778752,106168320
1621,3.816162586212158,0.0005880810853493512,0.12255859375,52.392778752,106233856
1622,4.1147260665893555,0.0005867171288129466,0.12451171875,52.392778752,106299392
1623,3.975287675857544,0.0005853562673458783,0.12890625,52.392778752,106364928
1624,3.7227110862731934,0.000583998504872518,0.12060546875,52.392778752,106430464
1625,4.032578468322754,0.0005826438453082998,0.12109375,52.392778752,106496000
1626,4.045456409454346,0.0005812922925597108,0.130859375,52.392778752,106561536
1627,3.9151968955993652,0.0005799438505242786,0.1220703125,52.392778752,106627072
1628,3.977691650390625,0.0005785985230905593,0.12109375,52.392778752,106692608
1629,3.8890557289123535,0.0005772563141381291,0.12353515625,52.392778752,106758144
1630,4.126025676727295,0.0005759172275375705,0.126953125,52.392778752,106823680
1631,4.027558326721191,0.0005745812671504612,0.1201171875,52.392778752,106889216
1632,4.267857551574707,0.0005732484368293644,0.1318359375,52.392778752,106954752
1633,4.131621360778809,0.0005719187404178176,0.134765625,52.392778752,107020288
1634,4.152383804321289,0.0005705921817503194,0.1494140625,52.392778752,107085824
1635,3.9740395545959473,0.0005692687646523211,0.123046875,52.392778752,107151360
1636,3.800265312194824,0.0005679484929402143,0.1220703125,52.392778752,107216896
1637,3.7932140827178955,0.0005666313704213206,0.1328125,52.392778752,107282432
1638,3.914971351623535,0.0005653174008938789,0.1328125,52.392778752,107347968
1639,4.036971092224121,0.0005640065881470364,0.126953125,52.392778752,107413504
1640,3.9051947593688965,0.0005626989359608377,0.138671875,52.392778752,107479040
1641,4.003326416015625,0.0005613944481062116,0.1298828125,52.392778752,107544576
1642,3.999755859375,0.0005600931283449629,0.1318359375,52.392778752,107610112
1643,4.073533058166504,0.0005587949804297603,0.125,52.392778752,107675648
1644,3.9459047317504883,0.0005575000081041257,0.1171875,52.392778752,107741184
1645,4.037382125854492,0.000556208215102423,0.142578125,52.392778752,107806720
1646,3.8623828887939453,0.0005549196051498481,0.12890625,52.392778752,107872256
1647,4.167919635772705,0.000553634181962418,0.1328125,52.392778752,107937792
1648,4.102437973022461,0.0005523519492469594,0.12158203125,52.392778752,108003328
1649,3.9614980220794678,0.0005510729107010985,0.1298828125,52.392778752,108068864
1650,3.9597764015197754,0.0005497970700132517,0.171875,52.392778752,108134400
1651,3.6268129348754883,0.0005485244308626113,0.11962890625,52.392778752,108199936
1652,3.74407696723938,0.0005472549969191392,0.1240234375,52.392778752,108265472
1653,4.014878273010254,0.0005459887718435538,0.12060546875,52.392778752,108331008
1654,4.0656538009643555,0.0005447257592873185,0.1435546875,52.392778752,108396544
1655,4.293209075927734,0.0005434659628926345,0.130859375,52.392778752,108462080
1656,3.983532667160034,0.0005422093862924279,0.134765625,52.392778752,108527616
1657,4.132834434509277,0.0005409560331103399,0.130859375,52.392778752,108593152
1658,3.8586745262145996,0.0005397059069607149,0.1201171875,52.392778752,108658688
1659,4.025227069854736,0.000538459011448593,0.12158203125,52.392778752,108724224
1660,4.05380916595459,0.0005372153501696978,0.12451171875,52.392778752,108789760
1661,3.8180179595947266,0.0005359749267104247,0.12109375,52.392778752,108855296
1662,3.9450113773345947,0.0005347377446478336,0.12353515625,52.392778752,108920832
1663,4.2358245849609375,0.0005335038075496367,0.11865234375,52.392778752,108986368
1664,3.8737235069274902,0.0005322731189741887,0.1259765625,52.392778752,109051904
1665,4.221400260925293,0.0005310456824704755,0.11572265625,52.392778752,109117440
1666,4.18634033203125,0.0005298215015781057,0.12158203125,52.392778752,109182976
1667,3.9362096786499023,0.0005286005798273,0.1279296875,52.392778752,109248512
1668,4.115227699279785,0.0005273829207388793,0.12109375,52.392778752,109314048
1669,3.8285529613494873,0.0005261685278242561,0.11767578125,52.392778752,109379584
1670,3.9415247440338135,0.000524957404585426,0.1328125,52.392778752,109445120
1671,3.770738124847412,0.0005237495545149527,0.1435546875,52.392778752,109510656
1672,4.179954528808594,0.0005225449810959632,0.12109375,52.392778752,109576192
1673,4.023577690124512,0.0005213436878021343,0.126953125,52.392778752,109641728
1674,4.2952880859375,0.0005201456780976846,0.1435546875,52.392778752,109707264
1675,3.825315237045288,0.0005189509554373629,0.1162109375,52.392778752,109772800
1676,4.2048516273498535,0.0005177595232664395,0.1259765625,52.392778752,109838336
1677,4.153815746307373,0.0005165713850206961,0.12109375,52.392778752,109903872
1678,3.7719297409057617,0.0005153865441264141,0.11962890625,52.392778752,109969408
1679,3.933286190032959,0.0005142050040003682,0.1396484375,52.392778752,110034944
1680,3.8354978561401367,0.0005130267680498134,0.125,52.392778752,110100480
1681,3.9776158332824707,0.0005118518396724759,0.11962890625,52.392778752,110166016
1682,3.9359230995178223,0.0005106802222565448,0.11865234375,52.392778752,110231552
1683,4.03841495513916,0.0005095119191806605,0.1259765625,52.392778752,110297088
1684,3.8251686096191406,0.0005083469338139067,0.12255859375,52.392778752,110362624
1685,3.783052682876587,0.0005071852695157979,0.1259765625,52.392778752,110428160
1686,3.992600917816162,0.000506026929636273,0.1298828125,52.392778752,110493696
1687,3.921931505203247,0.000504871917515684,0.1279296875,52.392778752,110559232
1688,4.150652885437012,0.0005037202364847856,0.12353515625,52.392778752,110624768
1689,3.969640016555786,0.0005025718898647271,0.11474609375,52.392778752,110690304
1690,3.960510015487671,0.0005014268809670429,0.123046875,52.392778752,110755840
1691,4.016449928283691,0.0005002852130936412,0.125,52.392778752,110821376
1692,4.010549545288086,0.0004991468895367956,0.1279296875,52.392778752,110886912
1693,3.6225733757019043,0.0004980119135791362,0.1279296875,52.392778752,110952448
1694,3.9877753257751465,0.0004968802884936395,0.1318359375,52.392778752,111017984
1695,3.6376562118530273,0.0004957520175436182,0.119140625,52.392778752,111083520
1696,3.757908344268799,0.0004946271039827128,0.12158203125,52.392778752,111149056
1697,3.5098586082458496,0.0004935055510548831,0.126953125,52.392778752,111214592
1698,4.154440402984619,0.0004923873619943957,0.1318359375,52.392778752,111280128
1699,3.984910011291504,0.0004912725400258182,0.1220703125,52.392778752,111345664
1700,3.648602247238159,0.0004901610883640079,0.11962890625,52.392778752,111411200
1701,3.8305115699768066,0.0004890530102141031,0.1259765625,52.392778752,111476736
1702,4.042715072631836,0.0004879483087715135,0.126953125,52.392778752,111542272
1703,4.119483947753906,0.0004868469872219115,0.11962890625,52.392778752,111607808
1704,4.056970596313477,0.00048574904874122314,0.12109375,52.392778752,111673344
1705,4.270325183868408,0.0004846544964956173,0.115234375,52.392778752,111738880
1706,4.070830821990967,0.00048356333364149914,0.12353515625,52.392778752,111804416
1707,3.9389655590057373,0.00048247556332549926,0.125,52.392778752,111869952
1708,3.9123029708862305,0.00048139118868446525,0.1171875,52.392778752,111935488
1709,3.7658097743988037,0.0004803102128454513,0.12158203125,52.392778752,112001024
1710,3.870720863342285,0.00047923263892571275,0.1201171875,52.392778752,112066560
1711,4.033267974853516,0.0004781584700326919,0.12158203125,52.392778752,112132096
1712,4.023433685302734,0.00047708770926401363,0.11865234375,52.392778752,112197632
1713,3.689225435256958,0.00047602035970747416,0.11962890625,52.392778752,112263168
1714,3.6880621910095215,0.00047495642444103317,0.12109375,52.392778752,112328704
1715,4.08643102645874,0.00047389590653280314,0.123046875,52.392778752,112394240
1716,3.786781072616577,0.00047283880904104277,0.126953125,52.392778752,112459776
1717,3.916269302368164,0.0004717851350141475,0.1201171875,52.392778752,112525312
1718,3.961005210876465,0.000470734887490639,0.12353515625,52.392778752,112590848
1719,3.824435234069824,0.0004696880694991593,0.126953125,52.392778752,112656384
1720,3.766193389892578,0.00046864468405845956,0.126953125,52.392778752,112721920
1721,3.761788845062256,0.00046760473417739297,0.130859375,52.392778752,112787456
1722,3.9072794914245605,0.0004665682228549049,0.126953125,52.392778752,112852992
1723,4.028709411621094,0.0004655351530800251,0.11669921875,52.392778752,112918528
1724,3.844090461730957,0.00046450552783185904,0.1337890625,52.392778752,112984064
1725,4.044255256652832,0.0004634793500795784,0.12255859375,52.392778752,113049600
1726,3.8115782737731934,0.0004624566227824138,0.12890625,52.392778752,113115136
1727,4.011858940124512,0.00046143734888964534,0.1318359375,52.392778752,113180672
1728,4.052874565124512,0.0004604215313405947,0.126953125,52.392778752,113246208
1729,3.8362526893615723,0.0004594091730646156,0.125,52.392778752,113311744
1730,3.9940786361694336,0.0004584002769810876,0.1259765625,52.392778752,113377280
1731,3.9535160064697266,0.0004573948459994042,0.134765625,52.392778752,113442816
1732,3.908423900604248,0.000456392883018968,0.12255859375,52.392778752,113508352
1733,3.8270721435546875,0.00045539439092918033,0.126953125,52.392778752,113573888
1734,3.8532071113586426,0.0004543993726094334,0.11962890625,52.392778752,113639424
1735,3.8623294830322266,0.00045340783092910153,0.12353515625,52.392778752,113704960
1736,3.9967517852783203,0.00045241976874753375,0.1396484375,52.392778752,113770496
1737,3.7271881103515625,0.0004514351889140454,0.1279296875,52.392778752,113836032
1738,3.9225988388061523,0.0004504540942679087,0.12158203125,52.392778752,113901568
1739,3.98399019241333,0.0004494764876383464,0.125,52.392778752,113967104
1740,3.915421962738037,0.0004485023718445224,0.11474609375,52.392778752,114032640
1741,4.04608678817749,0.0004475317496955341,0.1240234375,52.392778752,114098176
1742,4.035763263702393,0.0004465646239904033,0.12060546875,52.392778752,114163712
1743,3.9372150897979736,0.0004456009975180702,0.125,52.392778752,114229248
1744,3.754171371459961,0.0004446408730573835,0.1259765625,52.392778752,114294784
1745,3.842586040496826,0.00044368425337709265,0.138671875,52.392778752,114360320
1746,3.794919013977051,0.00044273114123584076,0.11962890625,52.392778752,114425856
1747,3.850287437438965,0.00044178153938215616,0.1201171875,52.392778752,114491392
1748,3.7544572353363037,0.0004408354505544444,0.1259765625,52.392778752,114556928
1749,3.8708856105804443,0.00043989287748097926,0.1259765625,52.392778752,114622464
1750,4.1797990798950195,0.0004389538228798981,0.1279296875,52.392778752,114688000
1751,4.050642490386963,0.0004380182894591902,0.1337890625,52.392778752,114753536
1752,3.811884641647339,0.0004370862799166911,0.125,52.392778752,114819072
1753,3.9681339263916016,0.0004361577969400747,0.12451171875,52.392778752,114884608
1754,3.7306785583496094,0.0004352328432068452,0.126953125,52.392778752,114950144
1755,3.8895373344421387,0.00043431142138432863,0.12890625,52.392778752,115015680
1756,4.086565017700195,0.00043339353412966694,0.12890625,52.392778752,115081216
1757,4.050287246704102,0.0004324791840898088,0.1298828125,52.392778752,115146752
1758,3.995145797729492,0.0004315683739015021,0.12060546875,52.392778752,115212288
1759,4.280426025390625,0.0004306611061912875,0.12109375,52.392778752,115277824
1760,3.8875045776367188,0.0004297573835754894,0.13671875,52.392778752,115343360
1761,3.9837088584899902,0.00042885720866021,0.1259765625,52.392778752,115408896
1762,3.9133284091949463,0.00042796058404131923,0.1279296875,52.392778752,115474432
1763,4.060103416442871,0.00042706751230445043,0.11962890625,52.392778752,115539968
1764,3.637467622756958,0.00042617799602499097,0.1259765625,52.392778752,115605504
1765,3.669750452041626,0.0004252920377680745,0.119140625,52.392778752,115671040
1766,3.8882369995117188,0.0004244096400885751,0.125,52.392778752,115736576
1767,3.9746816158294678,0.0004235308055310985,0.1220703125,52.392778752,115802112
1768,3.886873722076416,0.0004226555366299761,0.1201171875,52.392778752,115867648
1769,4.013492584228516,0.00042178383590925545,0.1298828125,52.392778752,115933184
1770,3.799534559249878,0.00042091570588269594,0.125,52.392778752,115998720
1771,3.86124849319458,0.00042005114905375936,0.1240234375,52.392778752,116064256
1772,4.066374778747559,0.00041919016791560276,0.1318359375,52.392778752,116129792
1773,3.8165524005889893,0.0004183327649510728,0.12158203125,52.392778752,116195328
1774,3.783568859100342,0.0004174789426326972,0.1201171875,52.392778752,116260864
1775,3.9959702491760254,0.00041662870342267747,0.12158203125,52.392778752,116326400
1776,3.8121178150177,0.0004157820497728836,0.1376953125,52.392778752,116391936
1777,3.832367420196533,0.00041493898412484455,0.119140625,52.392778752,116457472
1778,3.613381862640381,0.00041409950890974325,0.1240234375,52.392778752,116523008
1779,4.317654609680176,0.000413263626548408,0.15625,52.392778752,116588544
1780,4.006584167480469,0.0004124313394513071,0.1220703125,52.392778752,116654080
1781,3.997375965118408,0.0004116026500185406,0.119140625,52.392778752,116719616
1782,3.8718814849853516,0.00041077756063983325,0.12158203125,52.392778752,116785152
1783,3.6953067779541016,0.0004099560736945293,0.11865234375,52.392778752,116850688
1784,4.0304341316223145,0.0004091381915515838,0.119140625,52.392778752,116916224
1785,3.896251678466797,0.00040832391656955673,0.12255859375,52.392778752,116981760
1786,3.843027114868164,0.00040751325109660567,0.1279296875,52.392778752,117047296
1787,4.175655364990234,0.00040670619747047964,0.11962890625,52.392778752,117112832
1788,3.900346517562866,0.0004059027580185121,0.1259765625,52.392778752,117178368
1789,3.77144718170166,0.0004051029350576134,0.11865234375,52.392778752,117243904
1790,3.8560233116149902,0.0004043067308942659,0.12255859375,52.392778752,117309440
1791,4.036975860595703,0.00040351414782451603,0.11865234375,52.392778752,117374976
1792,3.678619623184204,0.0004027251881339674,0.1259765625,52.392778752,117440512
1793,3.9111409187316895,0.0004019398540977749,0.119140625,52.392778752,117506048
1794,4.057308197021484,0.00040115814798063863,0.125,52.392778752,117571584
1795,3.9125595092773438,0.0004003800720367958,0.11474609375,52.392778752,117637120
1796,4.031951904296875,0.0003996056285100156,0.12060546875,52.392778752,117702656
1797,3.736543655395508,0.0003988348196335923,0.1259765625,52.392778752,117768192
1798,3.932117462158203,0.0003980676476303392,0.11962890625,52.392778752,117833728
1799,3.821873903274536,0.0003973041147125804,0.12158203125,52.392778752,117899264
1800,3.6825056076049805,0.00039654422308214724,0.1220703125,52.392778752,117964800
1801,3.8443570137023926,0.00039578797493037014,0.12109375,52.392778752,118030336
1802,3.8774032592773438,0.00039503537243807226,0.12109375,52.392778752,118095872
1803,4.036560535430908,0.00039428641777556413,0.1220703125,52.392778752,118161408
1804,3.865180492401123,0.0003935411131026365,0.123046875,52.392778752,118226944
1805,4.008906364440918,0.000392799460568555,0.12353515625,52.392778752,118292480
1806,4.04982328414917,0.0003920614623120527,0.1298828125,52.392778752,118358016
1807,3.93092679977417,0.0003913271204613254,0.12353515625,52.392778752,118423552
1808,4.019405841827393,0.00039059643713402456,0.123046875,52.392778752,118489088
1809,3.9871740341186523,0.00038986941443725057,0.119140625,52.392778752,118554624
1810,3.9280569553375244,0.0003891460544675491,0.12158203125,52.392778752,118620160
1811,3.951272487640381,0.00038842635931090263,0.1298828125,52.392778752,118685696
1812,3.794297695159912,0.00038771033104272474,0.1328125,52.392778752,118751232
1813,3.905806303024292,0.00038699797172785544,0.126953125,52.392778752,118816768
1814,3.799818992614746,0.00038628928342055433,0.12451171875,52.392778752,118882304
1815,4.024261474609375,0.0003855842681644943,0.1201171875,52.392778752,118947840
1816,3.7673356533050537,0.00038488292799275655,0.1220703125,52.392778752,119013376
1817,3.9749488830566406,0.00038418526492782425,0.11962890625,52.392778752,119078912
1818,3.918424129486084,0.0003834912809815767,0.12255859375,52.392778752,119144448
1819,4.071481704711914,0.0003828009781552833,0.123046875,52.392778752,119209984
1820,3.9277114868164062,0.0003821143584395985,0.130859375,52.392778752,119275520
1821,4.092748165130615,0.0003814314238145556,0.11572265625,52.392778752,119341056
1822,4.014316558837891,0.0003807521762495605,0.1220703125,52.392778752,119406592
1823,3.9285728931427,0.00038007661770338705,0.12109375,52.392778752,119472128
1824,3.364943027496338,0.0003794047501241708,0.1240234375,52.392778752,119537664
1825,4.029785633087158,0.0003787365754494039,0.126953125,52.392778752,119603200
1826,3.984074592590332,0.00037807209560592836,0.1328125,52.392778752,119668736
1827,3.8699963092803955,0.00037741131250993153,0.11962890625,52.392778752,119734272
1828,3.581885814666748,0.00037675422806694085,0.119140625,52.392778752,119799808
1829,3.894726276397705,0.00037610084417181707,0.126953125,52.392778752,119865344
1830,4.111233711242676,0.00037545116270874975,0.130859375,52.392778752,119930880
1831,3.8270223140716553,0.00037480518555125223,0.12158203125,52.392778752,119996416
1832,3.927279472351074,0.00037416291456215435,0.12158203125,52.392778752,120061952
1833,4.103630065917969,0.0003735243515935992,0.11669921875,52.392778752,120127488
1834,4.015984535217285,0.0003728894984870372,0.11962890625,52.392778752,120193024
1835,3.8809468746185303,0.00037225835707321923,0.12890625,52.392778752,120258560
1836,3.6831722259521484,0.00037163092917219374,0.11865234375,52.392778752,120324096
1837,3.921276569366455,0.00037100721659330023,0.1220703125,52.392778752,120389632
1838,4.073521614074707,0.0003703872211351637,0.11572265625,52.392778752,120455168
1839,3.9306745529174805,0.00036977094458569005,0.123046875,52.392778752,120520704
1840,3.7738637924194336,0.00036915838872206123,0.12255859375,52.392778752,120586240
1841,3.9350497722625732,0.0003685495553107294,0.12890625,52.392778752,120651776
1842,3.793433904647827,0.000367944446107412,0.1455078125,52.392778752,120717312
1843,4.029164791107178,0.0003673430628570869,0.1220703125,52.392778752,120782848
1844,3.8161089420318604,0.0003667454072939877,0.1357421875,52.392778752,120848384
1845,3.8314037322998047,0.0003661514811415979,0.119140625,52.392778752,120913920
1846,3.705289125442505,0.0003655612861126462,0.12890625,52.392778752,120979456
1847,3.733205795288086,0.00036497482390910203,0.130859375,52.392778752,121044992
1848,4.062070369720459,0.0003643920962221705,0.1259765625,52.392778752,121110528
1849,4.144463539123535,0.0003638131047322864,0.12353515625,52.392778752,121176064
1850,3.9426956176757812,0.00036323785110911155,0.1220703125,52.392778752,121241600
1851,3.9042062759399414,0.00036266633701152815,0.119140625,52.392778752,121307136
1852,3.8736746311187744,0.0003620985640876344,0.12255859375,52.392778752,121372672
1853,3.905527114868164,0.0003615345339747399,0.11669921875,52.392778752,121438208
1854,3.9053516387939453,0.0003609742482993616,0.125,52.392778752,121503744
1855,3.88077974319458,0.000360417708677218,0.12158203125,52.392778752,121569280
1856,3.999199867248535,0.00035986491671322453,0.130859375,52.392778752,121634816
1857,3.7231340408325195,0.00035931587400149,0.1279296875,52.392778752,121700352
1858,3.720808506011963,0.00035877058212531145,0.125,52.392778752,121765888
1859,4.015121936798096,0.0003582290426571686,0.12060546875,52.392778752,121831424
1860,3.9785871505737305,0.0003576912571587213,0.125,52.392778752,121896960
1861,3.8866820335388184,0.0003571572271808032,0.12109375,52.392778752,121962496
1862,4.103989601135254,0.00035662695426341793,0.123046875,52.392778752,122028032
1863,4.0695366859436035,0.00035610043993573545,0.126953125,52.392778752,122093568
1864,3.6025822162628174,0.00035557768571608617,0.1181640625,52.392778752,122159104
1865,3.9245004653930664,0.00035505869311195797,0.1220703125,52.392778752,122224640
1866,3.771263599395752,0.00035454346361999046,0.125,52.392778752,122290176
1867,3.94154691696167,0.00035403199872597213,0.126953125,52.392778752,122355712
1868,4.006908416748047,0.00035352429990483493,0.11865234375,52.392778752,122421248
1869,3.9536311626434326,0.0003530203686206502,0.130859375,52.392778752,122486784
1870,3.932591199874878,0.0003525202063266255,0.1259765625,52.392778752,122552320
1871,4.016737937927246,0.00035202381446509907,0.125,52.392778752,122617856
1872,3.947504758834839,0.000351531194467536,0.12158203125,52.392778752,122683392
1873,3.978886842727661,0.00035104234775452464,0.11865234375,52.392778752,122748928
1874,3.923356056213379,0.00035055727573577225,0.11767578125,52.392778752,122814464
1875,4.018362045288086,0.0003500759798101006,0.1298828125,52.392778752,122880000
1876,3.674283027648926,0.00034959846136544206,0.1259765625,52.392778752,122945536
1877,3.863323211669922,0.0003491247217788361,0.1494140625,52.392778752,123011072
1878,3.5518736839294434,0.0003486547624164249,0.126953125,52.392778752,123076608
1879,3.902186632156372,0.00034818858463344916,0.115234375,52.392778752,123142144
1880,3.7120885848999023,0.0003477261897742446,0.12109375,52.392778752,123207680
1881,3.965273857116699,0.00034726757917223806,0.12109375,52.392778752,123273216
1882,4.015145778656006,0.0003468127541499438,0.1259765625,52.392778752,123338752
1883,3.804701805114746,0.00034636171601895886,0.11865234375,52.392778752,123404288
1884,4.334716320037842,0.00034591446607996017,0.1279296875,52.392778752,123469824
1885,4.048450469970703,0.0003454710056227009,0.11962890625,52.392778752,123535360
1886,3.802358627319336,0.0003450313359260054,0.1181640625,52.392778752,123600896
1887,3.8871026039123535,0.0003445954582577674,0.12060546875,52.392778752,123666432
1888,3.934741258621216,0.000344163373874945,0.1201171875,52.392778752,123731968
1889,3.9053592681884766,0.0003437350840235573,0.12158203125,52.392778752,123797504
1890,3.9590039253234863,0.00034331058993868096,0.12060546875,52.392778752,123863040
1891,3.949505567550659,0.0003428898928444473,0.130859375,52.392778752,123928576
1892,3.7532308101654053,0.00034247299395403716,0.12353515625,52.392778752,123994112
1893,3.981598377227783,0.00034205989446967874,0.1259765625,52.392778752,124059648
1894,3.6593093872070312,0.000341650595582644,0.126953125,52.392778752,124125184
1895,4.1320695877075195,0.00034124509847324486,0.1337890625,52.392778752,124190720
1896,3.9048612117767334,0.00034084340431082946,0.12158203125,52.392778752,124256256
1897,4.039461135864258,0.0003404455142537797,0.1279296875,52.392778752,124321792
1898,4.004627227783203,0.0003400514294495071,0.125,52.392778752,124387328
1899,3.8368706703186035,0.00033966115103445025,0.12060546875,52.392778752,124452864
1900,3.8316404819488525,0.0003392746801340707,0.1884765625,52.392778752,124518400
1901,4.0611467361450195,0.0003388920178628502,0.123046875,52.392778752,124583936
1902,3.778413772583008,0.0003385131653242877,0.1181640625,52.392778752,124649472
1903,4.048779487609863,0.0003381381236108953,0.125,52.392778752,124715008
1904,3.8133561611175537,0.0003377668938041963,0.1259765625,52.392778752,124780544
1905,3.968473434448242,0.0003373994769747209,0.125,52.392778752,124846080
1906,3.6414308547973633,0.00033703587418200403,0.126953125,52.392778752,124911616
1907,3.807281017303467,0.0003366760864745817,0.126953125,52.392778752,124977152
1908,3.6139299869537354,0.00033632011488998856,0.126953125,52.392778752,125042688
1909,3.763622283935547,0.0003359679604547542,0.1318359375,52.392778752,125108224
1910,4.099424839019775,0.0003356196241844004,0.1298828125,52.392778752,125173760
1911,3.604905605316162,0.0003352751070834388,0.12890625,52.392778752,125239296
1912,3.864988327026367,0.0003349344101453674,0.1201171875,52.392778752,125304832
1913,3.9827070236206055,0.00033459753435266765,0.1181640625,52.392778752,125370368
1914,4.090280055999756,0.0003342644806768019,0.11962890625,52.392778752,125435904
1915,4.158751487731934,0.00033393525007821074,0.1455078125,52.392778752,125501440
1916,3.8265695571899414,0.0003336098435063096,0.123046875,52.392778752,125566976
1917,3.567727565765381,0.0003332882618994866,0.12890625,52.392778752,125632512
1918,4.041081428527832,0.00033297050618509984,0.158203125,52.392778752,125698048
1919,3.894700050354004,0.00033265657727947424,0.119140625,52.392778752,125763584
1920,3.8129138946533203,0.00033234647608789927,0.1259765625,52.392778752,125829120
1921,3.8441474437713623,0.0003320402035046264,0.12451171875,52.392778752,125894656
1922,3.828723669052124,0.00033173776041286627,0.12451171875,52.392778752,125960192
1923,4.106030464172363,0.00033143914768478627,0.125,52.392778752,126025728
1924,3.8713479042053223,0.00033114436618150814,0.1201171875,52.392778752,126091264
1925,3.86110782623291,0.00033085341675310505,0.12158203125,52.392778752,126156800
1926,3.806621551513672,0.00033056630023859984,0.1220703125,52.392778752,126222336
1927,4.1266374588012695,0.0003302830174659618,0.1279296875,52.392778752,126287872
1928,3.835641860961914,0.0003300035692521052,0.140625,52.392778752,126353408
1929,4.0167717933654785,0.00032972795640288634,0.125,52.392778752,126418944
1930,3.877368450164795,0.00032945617971310063,0.125,52.392778752,126484480
1931,3.8389341831207275,0.0003291882399664819,0.11962890625,52.392778752,126550016
1932,4.023403167724609,0.000328924137935699,0.12353515625,52.392778752,126615552
1933,4.135652542114258,0.00032866387438235323,0.12353515625,52.392778752,126681088
1934,3.978928565979004,0.0003284074500569776,0.1279296875,52.392778752,126746624
1935,4.060386657714844,0.00032815486569903306,0.126953125,52.392778752,126812160
1936,3.93532657623291,0.00032790612203690737,0.12890625,52.392778752,126877696
1937,4.034738063812256,0.0003276612197879128,0.123046875,52.392778752,126943232
1938,4.018747806549072,0.0003274201596582839,0.1318359375,52.392778752,127008768
1939,3.7637529373168945,0.00032718294234317547,0.1279296875,52.392778752,127074304
1940,3.993307590484619,0.00032694956852666074,0.1357421875,52.392778752,127139840
1941,3.91796875,0.00032672003888172923,0.125,52.392778752,127205376
1942,4.357618808746338,0.0003264943540702849,0.1259765625,52.392778752,127270912
1943,3.961949348449707,0.00032627251474314433,0.12109375,52.392778752,127336448
1944,3.902677536010742,0.0003260545215400343,0.1240234375,52.392778752,127401984
1945,3.8551506996154785,0.00032584037508959083,0.1259765625,52.392778752,127467520
1946,3.8888797760009766,0.00032563007600935683,0.115234375,52.392778752,127533056
1947,4.093725204467773,0.0003254236249057799,0.12158203125,52.392778752,127598592
1948,4.4655351638793945,0.00032522102237421185,0.1298828125,52.392778752,127664128
1949,3.96836519241333,0.0003250222689989058,0.12255859375,52.392778752,127729664
1950,3.979193687438965,0.00032482736535301447,0.12890625,52.392778752,127795200
1951,3.923029661178589,0.00032463631199858983,0.1298828125,52.392778752,127860736
1952,3.839613437652588,0.0003244491094865803,0.1279296875,52.392778752,127926272
1953,4.1331562995910645,0.000324265758356829,0.1298828125,52.392778752,127991808
1954,3.9426417350769043,0.0003240862591380731,0.12451171875,52.392778752,128057344
1955,3.786212921142578,0.0003239106123479419,0.1240234375,52.392778752,128122880
1956,3.6102752685546875,0.000323738818492955,0.1259765625,52.392778752,128188416
1957,4.027210235595703,0.00032357087806852145,0.1259765625,52.392778752,128253952
1958,3.8740062713623047,0.0003234067915589378,0.1240234375,52.392778752,128319488
1959,3.7299697399139404,0.00032324655943738706,0.1259765625,52.392778752,128385024
1960,3.9204742908477783,0.00032309018216593706,0.130859375,52.392778752,128450560
1961,4.055869102478027,0.00032293766019553916,0.134765625,52.392778752,128516096
1962,3.9812633991241455,0.0003227889939660273,0.1240234375,52.392778752,128581632
1963,3.7770938873291016,0.00032264418390611616,0.12060546875,52.392778752,128647168
1964,4.01984977722168,0.00032250323043340047,0.1259765625,52.392778752,128712704
1965,4.184891700744629,0.0003223661339543535,0.125,52.392778752,128778240
1966,4.016714572906494,0.00032223289486432596,0.12890625,52.392778752,128843776
1967,4.163197994232178,0.00032210351354754473,0.12451171875,52.392778752,128909312
1968,4.002669334411621,0.0003219779903771119,0.1279296875,52.392778752,128974848
1969,4.051492214202881,0.0003218563257150039,0.12890625,52.392778752,129040384
1970,3.722203254699707,0.0003217385199120699,0.12890625,52.392778752,129105920
1971,4.03708553314209,0.0003216245733080313,0.119140625,52.392778752,129171456
1972,3.974696636199951,0.0003215144862314807,0.1201171875,52.392778752,129236992
1973,3.986356735229492,0.00032140825899988054,0.1279296875,52.392778752,129302528
1974,4.188014984130859,0.00032130589191956243,0.12451171875,52.392778752,129368064
1975,3.8523378372192383,0.00032120738528572694,0.125,52.392778752,129433600
1976,3.7283756732940674,0.00032111273938244104,0.1279296875,52.392778752,129499136
1977,3.8125243186950684,0.0003210219544826393,0.12109375,52.392778752,129564672
1978,3.977599620819092,0.00032093503084812186,0.11669921875,52.392778752,129630208
1979,3.746915578842163,0.0003208519687295539,0.12109375,52.392778752,129695744
1980,3.9185450077056885,0.000320772768366465,0.123046875,52.392778752,129761280
1981,3.9439003467559814,0.00032069742998724833,0.1201171875,52.392778752,129826816
1982,3.9776477813720703,0.00032062595380916023,0.11669921875,52.392778752,129892352
1983,4.09238338470459,0.0003205583400383197,0.130859375,52.392778752,129957888
1984,3.479217052459717,0.0003204945888697071,0.12060546875,52.392778752,130023424
1985,4.111526966094971,0.0003204347004871643,0.1240234375,52.392778752,130088960
1986,3.7415366172790527,0.0003203786750633939,0.1162109375,52.392778752,130154496
1987,3.8410239219665527,0.0003203265127599587,0.1279296875,52.392778752,130220032
1988,3.8165721893310547,0.0003202782137272812,0.1201171875,52.392778752,130285568
1989,4.016024589538574,0.0003202337781046433,0.12353515625,52.392778752,130351104
1990,4.048923015594482,0.00032019320602018575,0.12109375,52.392778752,130416640
1991,3.7201223373413086,0.000320156497590908,0.1220703125,52.392778752,130482176
1992,3.8709707260131836,0.0003201236529226676,0.130859375,52.392778752,130547712
1993,3.654910087585449,0.00032009467211018005,0.1298828125,52.392778752,130613248
1994,3.8326072692871094,0.0003200695552370185,0.126953125,52.392778752,130678784
1995,3.773207187652588,0.0003200483023756135,0.1201171875,52.392778752,130744320
1996,3.8130457401275635,0.0003200309135872527,0.123046875,52.392778752,130809856
1997,4.043704986572266,0.000320017388922081,0.11865234375,52.392778752,130875392
1998,3.7644214630126953,0.00032000772841909997,0.1201171875,52.392778752,130940928
1999,4.165363788604736,0.0003200019321061679,0.12451171875,52.392778752,131006464
2000,3.714077949523926,0.00032,0.125,52.392778752,131072000
