step,loss,lr,grad_norm,peak_mem_gb,tok_seen
1,12.076866149902344,1.1333333333333334e-05,5.0625,50.008549888,65536
2,12.10586166381836,2.2666666666666668e-05,5.375,52.392778752,131072
3,12.09094524383545,3.4e-05,4.9375,52.392778752,196608
4,11.952733993530273,4.5333333333333335e-05,5.0,52.392778752,262144
5,11.669540405273438,5.6666666666666664e-05,5.0625,52.392778752,327680
6,11.493467330932617,6.8e-05,5.0625,52.392778752,393216
7,11.053544044494629,7.933333333333333e-05,3.4375,52.392778752,458752
8,10.854501724243164,9.066666666666667e-05,2.609375,52.392778752,524288
9,10.555147171020508,0.00010199999999999999,2.421875,52.392778752,589824
10,10.415218353271484,0.00011333333333333333,2.25,52.392778752,655360
11,10.300821304321289,0.00012466666666666667,2.25,52.392778752,720896
12,10.221153259277344,0.000136,2.171875,52.392778752,786432
13,10.050764083862305,0.00014733333333333333,2.140625,52.392778752,851968
14,10.01419448852539,0.00015866666666666666,2.109375,52.392778752,917504
15,9.859291076660156,0.00017,1.953125,52.392778752,983040
16,9.754804611206055,0.00018133333333333334,1.8515625,52.392778752,1048576
17,9.542779922485352,0.00019266666666666664,1.78125,52.392778752,1114112
18,9.368246078491211,0.00020399999999999997,1.6796875,52.392778752,1179648
19,9.194008827209473,0.00021533333333333333,1.5546875,52.392778752,1245184
20,9.049259185791016,0.00022666666666666666,1.4140625,52.392778752,1310720
21,8.860456466674805,0.000238,1.296875,52.392778752,1376256
22,8.673151016235352,0.00024933333333333334,1.3046875,52.392778752,1441792
23,8.37780475616455,0.00026066666666666664,1.1796875,52.392778752,1507328
24,8.246789932250977,0.000272,1.078125,52.392778752,1572864
25,8.140487670898438,0.0002833333333333333,0.9609375,52.392778752,1638400
26,8.125499725341797,0.00029466666666666666,0.80078125,52.392778752,1703936
27,7.8995041847229,0.00030599999999999996,0.71484375,52.392778752,1769472
28,7.961145401000977,0.0003173333333333333,0.78125,52.392778752,1835008
29,7.80971622467041,0.0003286666666666666,0.55859375,52.392778752,1900544
30,7.697663307189941,0.00034,0.55078125,52.392778752,1966080
31,7.773434638977051,0.0003513333333333333,0.484375,52.392778752,2031616
32,7.621677398681641,0.0003626666666666667,0.494140625,52.392778752,2097152
33,7.6755828857421875,0.000374,0.6796875,52.392778752,2162688
34,7.814693450927734,0.0003853333333333333,0.57421875,52.392778752,2228224
35,7.8137102127075195,0.00039666666666666664,0.69921875,52.392778752,2293760
36,8.079015731811523,0.00040799999999999994,0.72265625,52.392778752,2359296
37,7.842548370361328,0.0004193333333333333,0.8984375,52.392778752,2424832
38,7.804726600646973,0.00043066666666666665,0.83984375,52.392778752,2490368
39,7.633365631103516,0.000442,0.68359375,52.392778752,2555904
40,7.830336570739746,0.0004533333333333333,0.671875,52.392778752,2621440
41,8.100838661193848,0.0004646666666666666,0.75,52.392778752,2686976
42,7.769556045532227,0.000476,0.72265625,52.392778752,2752512
43,7.765917778015137,0.0004873333333333333,0.58203125,52.392778752,2818048
44,7.76811408996582,0.0004986666666666667,0.7734375,52.392778752,2883584
45,7.683937072753906,0.0005099999999999999,0.69921875,52.392778752,2949120
46,7.723833084106445,0.0005213333333333333,0.66796875,52.392778752,3014656
47,7.605942726135254,0.0005326666666666666,0.51953125,52.392778752,3080192
48,7.603835582733154,0.000544,0.91015625,52.392778752,3145728
49,7.7318196296691895,0.0005553333333333332,1.0859375,52.392778752,3211264
50,7.838251113891602,0.0005666666666666666,0.69921875,52.392778752,3276800
51,7.5935516357421875,0.0005780000000000001,1.2109375,52.392778752,3342336
52,7.838519096374512,0.0005893333333333333,0.7734375,52.392778752,3407872
53,7.547731399536133,0.0006006666666666667,0.9140625,52.392778752,3473408
54,7.589410781860352,0.0006119999999999999,0.58984375,52.392778752,3538944
55,7.709602355957031,0.0006233333333333333,0.97265625,52.392778752,3604480
56,7.463085174560547,0.0006346666666666666,0.796875,52.392778752,3670016
57,7.597308158874512,0.000646,0.79296875,52.392778752,3735552
58,7.472736358642578,0.0006573333333333332,0.81640625,52.392778752,3801088
59,7.466395378112793,0.0006686666666666666,0.87890625,52.392778752,3866624
60,7.684038162231445,0.00068,0.83203125,52.392778752,3932160
61,7.519166946411133,0.0006913333333333333,1.15625,52.392778752,3997696
62,7.362341403961182,0.0007026666666666667,1.375,52.392778752,4063232
63,7.787664890289307,0.0007139999999999999,0.83203125,52.392778752,4128768
64,7.415138244628906,0.0007253333333333334,1.0390625,52.392778752,4194304
65,7.443441390991211,0.0007366666666666666,0.66015625,52.392778752,4259840
66,7.521522521972656,0.000748,0.76171875,52.392778752,4325376
67,7.321932792663574,0.0007593333333333333,0.65234375,52.392778752,4390912
68,7.393917083740234,0.0007706666666666666,0.67578125,52.392778752,4456448
69,7.297220706939697,0.000782,0.96875,52.392778752,4521984
70,7.170722007751465,0.0007933333333333333,1.3984375,52.392778752,4587520
71,7.238696098327637,0.0008046666666666666,0.7890625,52.392778752,4653056
72,7.28091287612915,0.0008159999999999999,1.109375,52.392778752,4718592
73,7.035544395446777,0.0008273333333333333,0.9765625,52.392778752,4784128
74,6.980688095092773,0.0008386666666666666,0.6484375,52.392778752,4849664
75,7.252230167388916,0.00085,0.828125,52.392778752,4915200
76,7.247860431671143,0.0008613333333333333,0.69921875,52.392778752,4980736
77,7.426815509796143,0.0008726666666666666,0.60546875,52.392778752,5046272
78,7.2318196296691895,0.000884,0.79296875,52.392778752,5111808
79,7.129516124725342,0.0008953333333333332,0.68359375,52.392778752,5177344
80,7.087911605834961,0.0009066666666666666,0.71484375,52.392778752,5242880
81,7.153759956359863,0.000918,0.70703125,52.392778752,5308416
82,7.0302348136901855,0.0009293333333333332,0.58984375,52.392778752,5373952
83,7.033640384674072,0.0009406666666666666,0.55859375,52.392778752,5439488
84,7.097294807434082,0.000952,0.6640625,52.392778752,5505024
85,7.0431108474731445,0.0009633333333333333,0.671875,52.392778752,5570560
86,7.028561592102051,0.0009746666666666666,0.640625,52.392778752,5636096
87,6.909631729125977,0.000986,1.1484375,52.392778752,5701632
88,6.939935684204102,0.0009973333333333334,0.6875,52.392778752,5767168
89,6.900396347045898,0.0010086666666666666,0.95703125,52.392778752,5832704
90,6.9948835372924805,0.0010199999999999999,0.8125,52.392778752,5898240
91,6.965831279754639,0.0010313333333333333,0.73828125,52.392778752,5963776
92,6.9895830154418945,0.0010426666666666666,0.6484375,52.392778752,6029312
93,7.172295570373535,0.001054,0.7578125,52.392778752,6094848
94,6.906953811645508,0.0010653333333333333,0.734375,52.392778752,6160384
95,6.9674072265625,0.0010766666666666665,1.2578125,52.392778752,6225920
96,6.936290740966797,0.001088,1.0390625,52.392778752,6291456
97,6.904253959655762,0.0010993333333333332,1.171875,52.392778752,6356992
98,6.773807525634766,0.0011106666666666665,0.94921875,52.392778752,6422528
99,6.918825626373291,0.001122,0.8125,52.392778752,6488064
100,7.043745040893555,0.0011333333333333332,1.0859375,52.392778752,6553600
101,6.952543258666992,0.0011446666666666667,1.5859375,52.392778752,6619136
102,6.676187515258789,0.0011560000000000001,0.83984375,52.392778752,6684672
103,6.914848327636719,0.0011673333333333332,1.15625,52.392778752,6750208
104,6.919928073883057,0.0011786666666666666,0.77734375,52.392778752,6815744
105,6.835622787475586,0.0011899999999999999,0.703125,52.392778752,6881280
106,6.7037248611450195,0.0012013333333333333,0.78125,52.392778752,6946816
107,6.762775897979736,0.0012126666666666666,0.69921875,52.392778752,7012352
108,6.652426242828369,0.0012239999999999998,0.83984375,52.392778752,7077888
109,6.817052841186523,0.0012353333333333333,0.77734375,52.392778752,7143424
110,6.802215576171875,0.0012466666666666665,0.546875,52.392778752,7208960
111,6.787542819976807,0.001258,0.73828125,52.392778752,7274496
112,6.800594329833984,0.0012693333333333333,0.58203125,52.392778752,7340032
113,6.927892684936523,0.0012806666666666665,0.69921875,52.392778752,7405568
114,6.693658351898193,0.001292,0.5703125,52.392778752,7471104
115,6.768218040466309,0.0013033333333333334,0.8125,52.392778752,7536640
116,6.834681510925293,0.0013146666666666665,0.83984375,52.392778752,7602176
117,6.797415733337402,0.001326,0.55859375,52.392778752,7667712
118,6.601956367492676,0.0013373333333333332,0.54296875,52.392778752,7733248
119,6.6280717849731445,0.0013486666666666666,0.62890625,52.392778752,7798784
120,7.561545372009277,0.00136,0.625,52.392778752,7864320
121,6.562600135803223,0.0013713333333333331,0.7109375,52.392778752,7929856
122,6.680412769317627,0.0013826666666666666,0.62890625,52.392778752,7995392
123,6.624618053436279,0.0013939999999999998,0.94921875,52.392778752,8060928
124,6.705588340759277,0.0014053333333333333,0.73828125,52.392778752,8126464
125,6.765995979309082,0.0014166666666666666,0.859375,52.392778752,8192000
126,6.672804355621338,0.0014279999999999998,0.85546875,52.392778752,8257536
127,6.605815887451172,0.0014393333333333333,0.66015625,52.392778752,8323072
128,6.694587707519531,0.0014506666666666667,0.72265625,52.392778752,8388608
129,6.658149719238281,0.001462,0.70703125,52.392778752,8454144
130,6.683138847351074,0.0014733333333333332,0.55859375,52.392778752,8519680
131,6.619992733001709,0.0014846666666666665,0.81640625,52.392778752,8585216
132,6.4077839851379395,0.001496,0.51171875,52.392778752,8650752
133,6.551567077636719,0.0015073333333333334,0.7734375,52.392778752,8716288
134,6.567205905914307,0.0015186666666666666,0.54296875,52.392778752,8781824
135,6.675418376922607,0.00153,0.69140625,52.392778752,8847360
136,6.546395301818848,0.0015413333333333331,0.546875,52.392778752,8912896
137,6.415596961975098,0.0015526666666666666,0.76171875,52.392778752,8978432
138,6.604793071746826,0.001564,0.82421875,52.392778752,9043968
139,6.441423416137695,0.001575333333333333,0.6484375,52.392778752,9109504
140,6.502240180969238,0.0015866666666666666,0.81640625,52.392778752,9175040
141,6.321496963500977,0.0015979999999999998,0.65234375,52.392778752,9240576
142,6.47442626953125,0.0016093333333333333,0.78515625,52.392778752,9306112
143,6.434600353240967,0.0016206666666666667,0.609375,52.392778752,9371648
144,6.431027412414551,0.0016319999999999998,0.59765625,52.392778752,9437184
145,6.611502170562744,0.0016433333333333332,0.7109375,52.392778752,9502720
146,6.536465167999268,0.0016546666666666667,0.5546875,52.392778752,9568256
147,6.539525032043457,0.001666,0.55078125,52.392778752,9633792
148,6.497372627258301,0.0016773333333333332,0.4921875,52.392778752,9699328
149,6.369576454162598,0.0016886666666666664,0.55078125,52.392778752,9764864
150,6.450824737548828,0.0017,0.99609375,52.392778752,9830400
151,6.538090705871582,0.0016999990051095105,0.640625,52.392778752,9895936
152,6.473323822021484,0.0016999960204409112,0.734375,52.392778752,9961472
153,6.431695938110352,0.0016999910460028089,0.52734375,52.392778752,10027008
154,6.556690692901611,0.0016999840818095488,0.609375,52.392778752,10092544
155,6.498325824737549,0.0016999751278812137,0.7890625,52.392778752,10158080
156,6.484277248382568,0.0016999641842436247,0.8828125,52.392778752,10223616
157,6.594521999359131,0.00169995125092834,0.80078125,52.392778752,10289152
158,6.478603363037109,0.0016999363279726562,0.6875,52.392778752,10354688
159,6.305066108703613,0.001699919415419607,0.58984375,52.392778752,10420224
160,6.7055792808532715,0.0016999005133179637,0.53125,52.392778752,10485760
161,6.434933662414551,0.001699879621722236,0.52734375,52.392778752,10551296
162,6.509057998657227,0.0016998567406926685,0.498046875,52.392778752,10616832
163,6.420672416687012,0.0016998318702952451,0.5546875,52.392778752,10682368
164,6.431700706481934,0.0016998050106016853,0.4453125,52.392778752,10747904
165,6.4585981369018555,0.001699776161689445,0.453125,52.392778752,10813440
166,6.401450157165527,0.001699745323641718,0.41796875,52.392778752,10878976
167,6.417427062988281,0.0016997124965474322,0.474609375,52.392778752,10944512
168,6.401672840118408,0.0016996776805012534,0.5,52.392778752,11010048
169,6.293895721435547,0.0016996408756035808,0.55859375,52.392778752,11075584
170,6.420991897583008,0.0016996020819605516,0.447265625,52.392778752,11141120
171,6.553949356079102,0.0016995612996840354,0.59765625,52.392778752,11206656
172,6.273143768310547,0.0016995185288916387,0.56640625,52.392778752,11272192
173,6.32257080078125,0.0016994737697067005,0.4921875,52.392778752,11337728
174,6.263149261474609,0.0016994270222582953,0.376953125,52.392778752,11403264
175,6.239455223083496,0.0016993782866812303,0.53515625,52.392778752,11468800
176,6.35682487487793,0.001699327563116046,0.5234375,52.392778752,11534336
177,6.2029924392700195,0.0016992748517090166,0.734375,52.392778752,11599872
178,6.280725002288818,0.001699220152612148,0.63671875,52.392778752,11665408
179,6.164833068847656,0.0016991634659831777,0.78125,52.392778752,11730944
180,6.238519668579102,0.0016991047919855758,0.5078125,52.392778752,11796480
181,6.37191104888916,0.0016990441307885428,0.8203125,52.392778752,11862016
182,6.365386962890625,0.0016989814825670094,0.7109375,52.392778752,11927552
183,5.941587448120117,0.0016989168475016374,0.5703125,52.392778752,11993088
184,6.118469715118408,0.001698850225778817,0.6328125,52.392778752,12058624
185,6.199044227600098,0.0016987816175906686,0.5703125,52.392778752,12124160
186,6.313999176025391,0.00169871102313504,0.498046875,52.392778752,12189696
187,5.968982219696045,0.0016986384426155073,0.515625,52.392778752,12255232
188,6.229564666748047,0.001698563876241374,0.65625,52.392778752,12320768
189,6.009181022644043,0.00169848732422767,0.4921875,52.392778752,12386304
190,6.079943656921387,0.0016984087867951518,0.423828125,52.392778752,12451840
191,6.376256465911865,0.0016983282641703007,0.498046875,52.392778752,12517376
192,6.216456413269043,0.001698245756585323,0.46484375,52.392778752,12582912
193,6.210724830627441,0.0016981612642781492,0.451171875,52.392778752,12648448
194,6.119434356689453,0.0016980747874924334,0.421875,52.392778752,12713984
195,6.251437187194824,0.001697986326477552,0.3984375,52.392778752,12779520
196,6.259154319763184,0.0016978958814886042,0.5078125,52.392778752,12845056
197,6.2378034591674805,0.001697803452786409,0.51953125,52.392778752,12910592
198,7.02577018737793,0.0016977090406375072,0.578125,52.392778752,12976128
199,6.065099716186523,0.0016976126453141587,0.3828125,52.392778752,13041664
200,6.187938690185547,0.0016975142670943432,0.490234375,52.392778752,13107200
201,6.085604190826416,0.0016974139062617575,0.41796875,52.392778752,13172736
202,6.21110200881958,0.0016973115631058163,0.482421875,52.392778752,13238272
203,6.069046974182129,0.0016972072379216505,0.427734375,52.392778752,13303808
204,5.966727256774902,0.0016971009310101073,0.5390625,52.392778752,13369344
205,6.093766212463379,0.0016969926426777479,0.474609375,52.392778752,13434880
206,6.4056396484375,0.001696882373236848,0.56640625,52.392778752,13500416
207,5.999552249908447,0.0016967701230053958,0.68359375,52.392778752,13565952
208,6.056535243988037,0.001696655892307092,0.57421875,52.392778752,13631488
209,6.0692524909973145,0.0016965396814713483,0.484375,52.392778752,13697024
210,6.229654788970947,0.0016964214908332866,0.640625,52.392778752,13762560
211,6.2128496170043945,0.001696301320733738,0.44140625,52.392778752,13828096
212,6.007537364959717,0.0016961791715192417,0.423828125,52.392778752,13893632
213,5.810500144958496,0.0016960550435420447,0.400390625,52.392778752,13959168
214,6.22528600692749,0.0016959289371601,0.42578125,52.392778752,14024704
215,6.27446174621582,0.001695800852737065,0.44140625,52.392778752,14090240
216,6.135940074920654,0.0016956707906423025,0.56640625,52.392778752,14155776
217,5.997756481170654,0.0016955387512508778,0.59375,52.392778752,14221312
218,6.106738567352295,0.001695404734943558,0.5546875,52.392778752,14286848
219,6.0083208084106445,0.0016952687421068115,0.55859375,52.392778752,14352384
220,6.0753350257873535,0.0016951307731328062,0.490234375,52.392778752,14417920
221,6.086237907409668,0.0016949908284194092,0.46484375,52.392778752,14483456
222,6.021533966064453,0.0016948489083701845,0.5234375,52.392778752,14548992
223,6.0796918869018555,0.0016947050133943927,0.412109375,52.392778752,14614528
224,6.14547872543335,0.0016945591439069898,0.455078125,52.392778752,14680064
225,6.182450294494629,0.0016944113003286249,0.369140625,52.392778752,14745600
226,5.987907409667969,0.0016942614830856412,0.47265625,52.392778752,14811136
227,5.930980682373047,0.0016941096926100727,0.42578125,52.392778752,14876672
228,6.268350124359131,0.0016939559293396432,0.53515625,52.392778752,14942208
229,5.753794193267822,0.0016938001937177667,0.482421875,52.392778752,15007744
230,5.85037899017334,0.0016936424861935444,0.5703125,52.392778752,15073280
231,6.156707763671875,0.0016934828072217632,0.42578125,52.392778752,15138816
232,6.05885124206543,0.0016933211572628963,0.375,52.392778752,15204352
233,6.100625991821289,0.0016931575367831,0.41796875,52.392778752,15269888
234,6.0031538009643555,0.0016929919462542135,0.4140625,52.392778752,15335424
235,5.91036319732666,0.001692824386153757,0.439453125,52.392778752,15400960
236,6.060955047607422,0.0016926548569649303,0.546875,52.392778752,15466496
237,5.983399868011475,0.0016924833591766115,0.498046875,52.392778752,15532032
238,6.0064544677734375,0.0016923098932833554,0.55078125,52.392778752,15597568
239,5.76827335357666,0.0016921344597853932,0.439453125,52.392778752,15663104
240,6.096667766571045,0.0016919570591886295,0.54296875,52.392778752,15728640
241,5.933859348297119,0.0016917776920046417,0.4375,52.392778752,15794176
242,5.94959831237793,0.0016915963587506775,0.396484375,52.392778752,15859712
243,6.001284599304199,0.0016914130599496556,0.47265625,52.392778752,15925248
244,5.889482021331787,0.001691227796130162,0.361328125,52.392778752,15990784
245,5.93499755859375,0.0016910405678264495,0.3984375,52.392778752,16056320
246,5.887508392333984,0.0016908513755784361,0.53515625,52.392778752,16121856
247,5.8832526206970215,0.0016906602199317031,0.5390625,52.392778752,16187392
248,5.970974445343018,0.0016904671014374934,0.5234375,52.392778752,16252928
249,5.8925065994262695,0.0016902720206527114,0.47265625,52.392778752,16318464
250,5.981366157531738,0.0016900749781399186,0.4609375,52.392778752,16384000
251,5.918381690979004,0.0016898759744673354,0.5234375,52.392778752,16449536
252,5.937230110168457,0.0016896750102088358,0.466796875,52.392778752,16515072
253,6.093286991119385,0.0016894720859439492,0.498046875,52.392778752,16580608
254,5.894586086273193,0.0016892672022578565,0.470703125,52.392778752,16646144
255,5.8171210289001465,0.0016890603597413888,0.58203125,52.392778752,16711680
256,6.066944122314453,0.0016888515589910265,0.70703125,52.392778752,16777216
257,5.906411170959473,0.0016886408006088966,0.62890625,52.392778752,16842752
258,5.688325881958008,0.001688428085202772,0.5546875,52.392778752,16908288
259,5.80945348739624,0.0016882134133860683,0.494140625,52.392778752,16973824
260,5.873903274536133,0.0016879967857778432,0.490234375,52.392778752,17039360
261,5.755220413208008,0.0016877782030027954,0.482421875,52.392778752,17104896
262,5.835335731506348,0.0016875576656912596,0.40625,52.392778752,17170432
263,5.806260585784912,0.0016873351744792092,0.5078125,52.392778752,17235968
264,5.909381866455078,0.001687110730008251,0.42578125,52.392778752,17301504
265,5.908549785614014,0.0016868843329256242,0.35546875,52.392778752,17367040
266,5.76059627532959,0.0016866559838841996,0.39453125,52.392778752,17432576
267,6.125570297241211,0.0016864256835424764,0.404296875,52.392778752,17498112
268,5.676413536071777,0.001686193432564581,0.42578125,52.392778752,17563648
269,5.813764572143555,0.0016859592316202654,0.380859375,52.392778752,17629184
270,5.72181510925293,0.0016857230813849037,0.40234375,52.392778752,17694720
271,5.750882625579834,0.0016854849825394924,0.337890625,52.392778752,17760256
272,5.783921241760254,0.001685244935770647,0.453125,52.392778752,17825792
273,5.834229946136475,0.0016850029417705991,0.486328125,52.392778752,17891328
274,5.80899715423584,0.0016847590012371977,0.375,52.392778752,17956864
275,5.894150257110596,0.0016845131148739035,0.423828125,52.392778752,18022400
276,5.568751335144043,0.001684265283389789,0.41796875,52.392778752,18087936
277,5.900039196014404,0.0016840155074995355,0.5,52.392778752,18153472
278,5.780301094055176,0.001683763787923433,0.41796875,52.392778752,18219008
279,5.883559226989746,0.0016835101253873741,0.45703125,52.392778752,18284544
280,5.777985095977783,0.001683254520622857,0.462890625,52.392778752,18350080
281,5.7038774490356445,0.0016829969743669783,0.361328125,52.392778752,18415616
282,5.754515647888184,0.001682737487362436,0.390625,52.392778752,18481152
283,6.1599273681640625,0.0016824760603575217,0.48046875,52.392778752,18546688
284,5.794079780578613,0.0016822126941061243,0.37890625,52.392778752,18612224
285,5.91663122177124,0.0016819473893677232,0.41015625,52.392778752,18677760
286,5.845947265625,0.0016816801469073882,0.431640625,52.392778752,18743296
287,5.7592291831970215,0.0016814109674957779,0.3984375,52.392778752,18808832
288,5.811226844787598,0.0016811398519091356,0.3984375,52.392778752,18874368
289,5.6244964599609375,0.0016808668009292878,0.419921875,52.392778752,18939904
290,5.763658046722412,0.0016805918153436435,0.345703125,52.392778752,19005440
291,5.723435401916504,0.0016803148959451894,0.431640625,52.392778752,19070976
292,5.582022666931152,0.0016800360435324888,0.35546875,52.392778752,19136512
293,5.715408802032471,0.0016797552589096804,0.392578125,52.392778752,19202048
294,5.861324787139893,0.001679472542886474,0.37109375,52.392778752,19267584
295,5.6058173179626465,0.001679187896278149,0.498046875,52.392778752,19333120
296,5.65968656539917,0.0016789013199055526,0.341796875,52.392778752,19398656
297,6.261252403259277,0.0016786128145950964,0.515625,52.392778752,19464192
298,5.733994960784912,0.0016783223811787553,0.59375,52.392778752,19529728
299,5.209892272949219,0.001678030020494064,0.609375,52.392778752,19595264
300,5.852560043334961,0.0016777357333841141,0.38671875,52.392778752,19660800
301,5.568831920623779,0.001677439520697554,0.458984375,52.392778752,19726336
302,5.846945285797119,0.0016771413832885839,0.412109375,52.392778752,19791872
303,5.776759147644043,0.0016768413220169549,0.357421875,52.392778752,19857408
304,5.720224380493164,0.0016765393377479658,0.419921875,52.392778752,19922944
305,5.691281318664551,0.0016762354313524608,0.359375,52.392778752,19988480
306,5.7367844581604,0.001675929603706827,0.3671875,52.392778752,20054016
307,5.590397834777832,0.0016756218556929923,0.419921875,52.392778752,20119552
308,5.788971900939941,0.001675312188198422,0.412109375,52.392778752,20185088
309,5.6230974197387695,0.001675000602116117,0.451171875,52.392778752,20250624
310,5.689057350158691,0.0016746870983446102,0.5703125,52.392778752,20316160
311,5.534336090087891,0.0016743716777879655,0.47265625,52.392778752,20381696
312,5.669161796569824,0.0016740543413557738,0.60546875,52.392778752,20447232
313,5.572707176208496,0.0016737350899631513,0.51953125,52.392778752,20512768
314,5.621820449829102,0.001673413924530736,0.4765625,52.392778752,20578304
315,5.8373494148254395,0.0016730908459846854,0.478515625,52.392778752,20643840
316,5.654751300811768,0.0016727658552566748,0.443359375,52.392778752,20709376
317,5.630401611328125,0.0016724389532838928,0.435546875,52.392778752,20774912
318,5.437147617340088,0.00167211014100904,0.546875,52.392778752,20840448
319,5.710404396057129,0.0016717794193803251,0.33984375,52.392778752,20905984
320,5.737623691558838,0.0016714467893514647,0.44921875,52.392778752,20971520
321,5.619872570037842,0.0016711122518816763,0.42578125,52.392778752,21037056
322,5.706192970275879,0.0016707758079356797,0.3359375,52.392778752,21102592
323,5.829554557800293,0.0016704374584836919,0.37109375,52.392778752,21168128
324,5.596395492553711,0.0016700972045014249,0.486328125,52.392778752,21233664
325,5.536017417907715,0.001669755046970083,0.40625,52.392778752,21299200
326,5.570785045623779,0.0016694109868763598,0.4296875,52.392778752,21364736
327,5.626185417175293,0.001669065025212435,0.4609375,52.392778752,21430272
328,5.600424766540527,0.0016687171629759725,0.38671875,52.392778752,21495808
329,5.515951633453369,0.001668367401170117,0.3828125,52.392778752,21561344
330,5.371779441833496,0.0016680157408034903,0.375,52.392778752,21626880
331,5.682196617126465,0.0016676621828901898,0.3671875,52.392778752,21692416
332,5.459750175476074,0.0016673067284497852,0.380859375,52.392778752,21757952
333,5.623055458068848,0.0016669493785073143,0.376953125,52.392778752,21823488
334,5.634829521179199,0.001666590134093282,0.4140625,52.392778752,21889024
335,5.5256547927856445,0.0016662289962436558,0.37109375,52.392778752,21954560
336,5.787832260131836,0.0016658659659998637,0.423828125,52.392778752,22020096
337,5.5297532081604,0.0016655010444087909,0.3125,52.392778752,22085632
338,5.610734462738037,0.001665134232522776,0.435546875,52.392778752,22151168
339,5.482161521911621,0.0016647655313996096,0.3984375,52.392778752,22216704
340,5.4483795166015625,0.0016643949421025306,0.365234375,52.392778752,22282240
341,5.25991153717041,0.0016640224657002217,0.408203125,52.392778752,22347776
342,5.420697212219238,0.0016636481032668083,0.32421875,52.392778752,22413312
343,5.5834760665893555,0.0016632718558818548,0.37890625,52.392778752,22478848
344,5.517428398132324,0.0016628937246303608,0.36328125,52.392778752,22544384
345,5.689347267150879,0.0016625137106027592,0.35546875,52.392778752,22609920
346,5.371397972106934,0.0016621318148949107,0.439453125,52.392778752,22675456
347,5.644292831420898,0.001661748038608105,0.341796875,52.392778752,22740992
348,5.6387128829956055,0.0016613623828490522,0.42578125,52.392778752,22806528
349,5.361928939819336,0.001660974848729884,0.310546875,52.392778752,22872064
350,5.125990867614746,0.001660585437368148,0.353515625,52.392778752,22937600
351,5.539573669433594,0.0016601941498868055,0.33203125,52.392778752,23003136
352,5.388607978820801,0.0016598009874142284,0.302734375,52.392778752,23068672
353,5.412165641784668,0.0016594059510841948,0.322265625,52.392778752,23134208
354,5.608430862426758,0.0016590090420358875,0.37109375,52.392778752,23199744
355,5.275981426239014,0.0016586102614138886,0.3125,52.392778752,23265280
356,5.6887006759643555,0.0016582096103681786,0.41015625,52.392778752,23330816
357,5.535580158233643,0.0016578070900541307,0.42578125,52.392778752,23396352
358,5.1803998947143555,0.0016574027016325093,0.4140625,52.392778752,23461888
359,5.378814697265625,0.0016569964462694656,0.365234375,52.392778752,23527424
360,5.682292938232422,0.0016565883251365345,0.310546875,52.392778752,23592960
361,5.556304454803467,0.0016561783394106319,0.546875,52.392778752,23658496
362,5.290889263153076,0.0016557664902740496,0.3515625,52.392778752,23724032
363,5.353769302368164,0.0016553527789144545,0.345703125,52.392778752,23789568
364,5.59653377532959,0.001654937206524882,0.337890625,52.392778752,23855104
365,5.568892478942871,0.0016545197743037358,0.369140625,52.392778752,23920640
366,5.529499530792236,0.0016541004834547813,0.33203125,52.392778752,23986176
367,5.569066524505615,0.0016536793351871453,0.326171875,52.392778752,24051712
368,5.501593589782715,0.0016532563307153098,0.392578125,52.392778752,24117248
369,5.356262683868408,0.0016528314712591096,0.341796875,52.392778752,24182784
370,5.504085540771484,0.00165240475804373,0.380859375,52.392778752,24248320
371,5.446469306945801,0.0016519761922997001,0.365234375,52.392778752,24313856
372,5.471909523010254,0.0016515457752628935,0.369140625,52.392778752,24379392
373,5.300711631774902,0.0016511135081745203,0.388671875,52.392778752,24444928
374,5.159626007080078,0.001650679392281127,0.341796875,52.392778752,24510464
375,5.589738845825195,0.0016502434288345913,0.34765625,52.392778752,24576000
376,5.302675247192383,0.0016498056190921186,0.3828125,52.392778752,24641536
377,5.274771213531494,0.0016493659643162385,0.330078125,52.392778752,24707072
378,5.451288223266602,0.0016489244657748015,0.37890625,52.392778752,24772608
379,5.278443813323975,0.0016484811247409747,0.310546875,52.392778752,24838144
380,5.458492279052734,0.0016480359424932386,0.34375,52.392778752,24903680
381,5.255765914916992,0.0016475889203153833,0.37890625,52.392778752,24969216
382,5.399635314941406,0.0016471400594965048,0.326171875,52.392778752,25034752
383,5.232010364532471,0.0016466893613310014,0.404296875,52.392778752,25100288
384,5.337955474853516,0.0016462368271185697,0.38671875,52.392778752,25165824
385,5.265737056732178,0.0016457824581642005,0.375,52.392778752,25231360
386,5.529980659484863,0.0016453262557781763,0.36328125,52.392778752,25296896
387,5.408402919769287,0.0016448682212760665,0.37890625,52.392778752,25362432
388,5.321246147155762,0.0016444083559787237,0.41796875,52.392778752,25427968
389,5.52921199798584,0.0016439466612122799,0.337890625,52.392778752,25493504
390,5.342555999755859,0.0016434831383081434,0.361328125,52.392778752,25559040
391,5.418435573577881,0.0016430177886029938,0.341796875,52.392778752,25624576
392,5.4010210037231445,0.0016425506134387787,0.3203125,52.392778752,25690112
393,5.171828269958496,0.0016420816141627104,0.357421875,52.392778752,25755648
394,5.462023735046387,0.0016416107921272609,0.341796875,52.392778752,25821184
395,5.401614189147949,0.0016411381486901592,0.373046875,52.392778752,25886720
396,5.403931617736816,0.0016406636852143856,0.326171875,52.392778752,25952256
397,5.351909160614014,0.0016401874030681706,0.390625,52.392778752,26017792
398,5.52649450302124,0.0016397093036249872,0.34375,52.392778752,26083328
399,5.626621246337891,0.0016392293882635512,0.30859375,52.392778752,26148864
400,5.186770439147949,0.0016387476583678137,0.30078125,52.392778752,26214400
401,5.3675689697265625,0.0016382641153269582,0.341796875,52.392778752,26279936
402,5.486923694610596,0.001637778760535398,0.3046875,52.392778752,26345472
403,5.1104536056518555,0.0016372915953927704,0.36328125,52.392778752,26411008
404,5.352914810180664,0.0016368026213039327,0.32421875,52.392778752,26476544
405,5.357605457305908,0.00163631183967896,0.359375,52.392778752,26542080
406,5.214080810546875,0.0016358192519331384,0.34765625,52.392778752,26607616
407,5.394183158874512,0.0016353248594869639,0.353515625,52.392778752,26673152
408,5.257788181304932,0.0016348286637661354,0.3671875,52.392778752,26738688
409,5.493936538696289,0.0016343306662015536,0.3515625,52.392778752,26804224
410,5.471189498901367,0.001633830868229313,0.40625,52.392778752,26869760
411,5.304265975952148,0.0016333292712907021,0.337890625,52.392778752,26935296
412,5.269579887390137,0.0016328258768321963,0.322265625,52.392778752,27000832
413,4.898063659667969,0.0016323206863054541,0.349609375,52.392778752,27066368
414,5.479215621948242,0.0016318137011673145,0.337890625,52.392778752,27131904
415,5.128763198852539,0.001631304922879791,0.33203125,52.392778752,27197440
416,5.3407745361328125,0.001630794352910068,0.3203125,52.392778752,27262976
417,5.412240982055664,0.0016302819927304967,0.306640625,52.392778752,27328512
418,5.307631015777588,0.001629767843818591,0.2890625,52.392778752,27394048
419,5.037178039550781,0.001629251907657023,0.3046875,52.392778752,27459584
420,5.277093887329102,0.001628734185733619,0.341796875,52.392778752,27525120
421,5.098087310791016,0.0016282146795413546,0.37109375,52.392778752,27590656
422,5.184412956237793,0.0016276933905783504,0.34765625,52.392778752,27656192
423,5.395703315734863,0.0016271703203478692,0.36328125,52.392778752,27721728
424,5.240078926086426,0.0016266454703583093,0.33984375,52.392778752,27787264
425,5.03205680847168,0.0016261188421232023,0.322265625,52.392778752,27852800
426,5.20006799697876,0.0016255904371612069,0.35546875,52.392778752,27918336
427,5.071308135986328,0.0016250602569961065,0.34375,52.392778752,27983872
428,5.479612827301025,0.0016245283031568027,0.34765625,52.392778752,28049408
429,5.133852481842041,0.0016239945771773126,0.34765625,52.392778752,28114944
430,5.06903600692749,0.001623459080596763,0.384765625,52.392778752,28180480
431,5.249264717102051,0.0016229218149593882,0.322265625,52.392778752,28246016
432,5.257987022399902,0.0016223827818145217,0.375,52.392778752,28311552
433,5.188535213470459,0.0016218419827165955,0.359375,52.392778752,28377088
434,5.145090103149414,0.0016212994192251345,0.400390625,52.392778752,28442624
435,5.181122303009033,0.0016207550929047505,0.388671875,52.392778752,28508160
436,5.169851303100586,0.0016202090053251397,0.349609375,52.392778752,28573696
437,5.189296245574951,0.0016196611580610765,0.361328125,52.392778752,28639232
438,5.0617547035217285,0.0016191115526924108,0.30078125,52.392778752,28704768
439,5.3294219970703125,0.0016185601908040618,0.310546875,52.392778752,28770304
440,5.360950469970703,0.0016180070739860136,0.3828125,52.392778752,28835840
441,4.904665946960449,0.0016174522038333121,0.3203125,52.392778752,28901376
442,5.154088973999023,0.0016168955819460588,0.41015625,52.392778752,28966912
443,5.279703140258789,0.001616337209929407,0.3125,52.392778752,29032448
444,5.148979663848877,0.0016157770893935565,0.353515625,52.392778752,29097984
445,4.727288246154785,0.0016152152219537494,0.44140625,52.392778752,29163520
446,5.324948787689209,0.0016146516092302658,0.291015625,52.392778752,29229056
447,5.514772415161133,0.0016140862528484187,0.35546875,52.392778752,29294592
448,5.336457252502441,0.0016135191544385489,0.337890625,52.392778752,29360128
449,5.316563129425049,0.0016129503156360214,0.361328125,52.392778752,29425664
450,5.259016990661621,0.0016123797380812198,0.373046875,52.392778752,29491200
451,5.5908966064453125,0.0016118074234195412,0.369140625,52.392778752,29556736
452,5.349120140075684,0.0016112333733013932,0.318359375,52.392778752,29622272
453,5.123292922973633,0.0016106575893821873,0.333984375,52.392778752,29687808
454,5.183380603790283,0.0016100800733223344,0.328125,52.392778752,29753344
455,5.178966045379639,0.0016095008267872414,0.298828125,52.392778752,29818880
456,5.000852584838867,0.0016089198514473051,0.314453125,52.392778752,29884416
457,5.507077217102051,0.0016083371489779075,0.330078125,52.392778752,29949952
458,5.307545185089111,0.001607752721059411,0.294921875,52.392778752,30015488
459,5.216542720794678,0.001607166569377155,0.361328125,52.392778752,30081024
460,5.346031188964844,0.0016065786956214478,0.265625,52.392778752,30146560
461,5.345369338989258,0.0016059891014875657,0.353515625,52.392778752,30212096
462,4.686153411865234,0.0016053977886757447,0.3125,52.392778752,30277632
463,5.179388999938965,0.0016048047588911778,0.318359375,52.392778752,30343168
464,5.003178596496582,0.0016042100138440086,0.359375,52.392778752,30408704
465,4.859604358673096,0.001603613555249328,0.34375,52.392778752,30474240
466,5.117361068725586,0.0016030153848271675,0.328125,52.392778752,30539776
467,4.980315685272217,0.0016024155043024956,0.361328125,52.392778752,30605312
468,5.2161736488342285,0.001601813915405212,0.34375,52.392778752,30670848
469,5.211068153381348,0.0016012106198701431,0.326171875,52.392778752,30736384
470,5.246939182281494,0.0016006056194370363,0.35546875,52.392778752,30801920
471,5.179136276245117,0.001599998915850557,0.30859375,52.392778752,30867456
472,5.219618320465088,0.0015993905108602792,0.296875,52.392778752,30932992
473,5.201755523681641,0.0015987804062206864,0.328125,52.392778752,30998528
474,5.18358039855957,0.0015981686036911616,0.296875,52.392778752,31064064
475,5.079156398773193,0.0015975551050359845,0.330078125,52.392778752,31129600
476,5.062884330749512,0.0015969399120243264,0.37109375,52.392778752,31195136
477,5.3285417556762695,0.001596323026430244,0.328125,52.392778752,31260672
478,5.185815811157227,0.0015957044500326757,0.31640625,52.392778752,31326208
479,5.093194007873535,0.0015950841846154346,0.3359375,52.392778752,31391744
480,5.302055358886719,0.0015944622319672061,0.322265625,52.392778752,31457280
481,5.173620223999023,0.0015938385938815396,0.306640625,52.392778752,31522816
482,4.9615631103515625,0.0015932132721568457,0.31640625,52.392778752,31588352
483,5.224925518035889,0.0015925862685963904,0.279296875,52.392778752,31653888
484,5.147384166717529,0.001591957585008289,0.287109375,52.392778752,31719424
485,5.071053504943848,0.0015913272232055016,0.375,52.392778752,31784960
486,5.156982421875,0.0015906951850058282,0.31640625,52.392778752,31850496
487,5.251132011413574,0.0015900614722319034,0.341796875,52.392778752,31916032
488,4.997002601623535,0.0015894260867111904,0.291015625,52.392778752,31981568
489,5.099520683288574,0.0015887890302759753,0.3046875,52.392778752,32047104
490,5.107507705688477,0.0015881503047633647,0.26953125,52.392778752,32112640
491,4.976194381713867,0.0015875099120152769,0.314453125,52.392778752,32178176
492,4.938785552978516,0.0015868678538784378,0.328125,52.392778752,32243712
493,4.974117279052734,0.0015862241322043772,0.333984375,52.392778752,32309248
494,5.22530460357666,0.0015855787488494213,0.302734375,52.392778752,32374784
495,5.332275390625,0.001584931705674688,0.3046875,52.392778752,32440320
496,4.997287273406982,0.0015842830045460822,0.30078125,52.392778752,32505856
497,4.7787580490112305,0.0015836326473342894,0.365234375,52.392778752,32571392
498,4.9591474533081055,0.0015829806359147713,0.29296875,52.392778752,32636928
499,5.205153465270996,0.0015823269721677597,0.3125,52.392778752,32702464
500,4.8611040115356445,0.0015816716579782509,0.408203125,52.392778752,32768000
501,5.006892204284668,0.0015810146952360013,0.373046875,52.392778752,32833536
502,5.005789756774902,0.001580356085835521,0.318359375,52.392778752,32899072
503,5.340706825256348,0.0015796958316760684,0.32421875,52.392778752,32964608
504,5.097744464874268,0.0015790339346616455,0.34765625,52.392778752,33030144
505,5.388336658477783,0.0015783703967009912,0.30078125,52.392778752,33095680
506,4.901329040527344,0.0015777052197075772,0.328125,52.392778752,33161216
507,4.985001564025879,0.001577038405599601,0.328125,52.392778752,33226752
508,5.167200088500977,0.001576369956299982,0.298828125,52.392778752,33292288
509,5.073688507080078,0.0015756998737363537,0.384765625,52.392778752,33357824
510,4.982786178588867,0.0015750281598410612,0.296875,52.392778752,33423360
511,4.984499931335449,0.001574354816551153,0.365234375,52.392778752,33488896
512,5.118227958679199,0.0015736798458083757,0.34765625,52.392778752,33554432
513,5.0182623863220215,0.0015730032495591705,0.30859375,52.392778752,33619968
514,5.148050308227539,0.0015723250297546656,0.2890625,52.392778752,33685504
515,5.005070686340332,0.0015716451883506706,0.302734375,52.392778752,33751040
516,4.828855514526367,0.0015709637273076712,0.306640625,52.392778752,33816576
517,5.158941268920898,0.0015702806485908252,0.296875,52.392778752,33882112
518,5.169295310974121,0.001569595954169954,0.310546875,52.392778752,33947648
519,4.861731052398682,0.0015689096460195387,0.412109375,52.392778752,34013184
520,5.038952827453613,0.0015682217261187138,0.2890625,52.392778752,34078720
521,5.317867755889893,0.001567532196451262,0.333984375,52.392778752,34144256
522,5.065810680389404,0.0015668410590056075,0.275390625,52.392778752,34209792
523,4.782052516937256,0.0015661483157748117,0.302734375,52.392778752,34275328
524,5.1421332359313965,0.0015654539687565668,0.27734375,52.392778752,34340864
525,5.067457675933838,0.001564758019953189,0.349609375,52.392778752,34406400
526,4.903331279754639,0.001564060471371614,0.30078125,52.392778752,34471936
527,4.9533891677856445,0.0015633613250233909,0.35546875,52.392778752,34537472
528,4.959674835205078,0.0015626605829246766,0.279296875,52.392778752,34603008
529,5.083558082580566,0.0015619582470962296,0.30859375,52.392778752,34668544
530,4.88321590423584,0.001561254319563404,0.36328125,52.392778752,34734080
531,4.946784973144531,0.0015605488023561441,0.3515625,52.392778752,34799616
532,4.830897808074951,0.0015598416975089787,0.357421875,52.392778752,34865152
533,5.141696929931641,0.0015591330070610144,0.353515625,52.392778752,34930688
534,4.892784595489502,0.0015584227330559311,0.3125,52.392778752,34996224
535,4.998545169830322,0.0015577108775419743,0.287109375,52.392778752,35061760
536,4.69370174407959,0.0015569974425719505,0.34375,52.392778752,35127296
537,4.929989814758301,0.0015562824302032215,0.3046875,52.392778752,35192832
538,4.989070892333984,0.0015555658424976971,0.35546875,52.392778752,35258368
539,5.053095817565918,0.0015548476815218308,0.265625,52.392778752,35323904
540,4.8976664543151855,0.001554127949346612,0.298828125,52.392778752,35389440
541,5.071462631225586,0.001553406648047562,0.314453125,52.392778752,35454976
542,4.851607799530029,0.0015526837797047261,0.283203125,52.392778752,35520512
543,5.14360237121582,0.0015519593464026695,0.306640625,52.392778752,35586048
544,4.678163051605225,0.0015512333502304698,0.265625,52.392778752,35651584
545,5.046024322509766,0.0015505057932817111,0.306640625,52.392778752,35717120
546,4.780026435852051,0.0015497766776544795,0.294921875,52.392778752,35782656
547,4.887497901916504,0.0015490460054513552,0.3046875,52.392778752,35848192
548,4.88771390914917,0.0015483137787794072,0.36328125,52.392778752,35913728
549,4.749691009521484,0.001547579999750187,0.28515625,52.392778752,35979264
550,5.075657844543457,0.0015468446704797233,0.35546875,52.392778752,36044800
551,4.8725199699401855,0.0015461077930885147,0.31640625,52.392778752,36110336
552,4.794238090515137,0.0015453693697015242,0.34375,52.392778752,36175872
553,5.009498119354248,0.001544629402448174,0.30078125,52.392778752,36241408
554,5.015870094299316,0.001543887893462337,0.341796875,52.392778752,36306944
555,4.955517292022705,0.0015431448448823327,0.296875,52.392778752,36372480
556,5.064946174621582,0.0015424002588509211,0.33203125,52.392778752,36438016
557,4.850152492523193,0.0015416541375152944,0.318359375,52.392778752,36503552
558,5.034721851348877,0.0015409064830270733,0.28515625,52.392778752,36569088
559,4.928336143493652,0.0015401572975422995,0.33203125,52.392778752,36634624
560,4.77560567855835,0.0015394065832214292,0.318359375,52.392778752,36700160
561,4.467254161834717,0.0015386543422293282,0.310546875,52.392778752,36765696
562,4.930126190185547,0.0015379005767352637,0.337890625,52.392778752,36831232
563,4.8936967849731445,0.0015371452889129,0.267578125,52.392778752,36896768
564,4.845885276794434,0.001536388480940292,0.365234375,52.392778752,36962304
565,4.977833271026611,0.0015356301549998765,0.283203125,52.392778752,37027840
566,4.829964637756348,0.0015348703132784694,0.30859375,52.392778752,37093376
567,4.753692626953125,0.0015341089579672567,0.310546875,52.392778752,37158912
568,4.90529727935791,0.00153334609126179,0.328125,52.392778752,37224448
569,4.809150695800781,0.0015325817153619785,0.287109375,52.392778752,37289984
570,4.663142204284668,0.0015318158324720843,0.30859375,52.392778752,37355520
571,4.968245506286621,0.0015310484448007146,0.302734375,52.392778752,37421056
572,4.924840927124023,0.001530279554560817,0.318359375,52.392778752,37486592
573,4.467883110046387,0.0015295091639696706,0.28125,52.392778752,37552128
574,4.693728446960449,0.0015287372752488826,0.359375,52.392778752,37617664
575,4.9437575340271,0.0015279638906243796,0.2890625,52.392778752,37683200
576,4.72874641418457,0.0015271890123264025,0.2890625,52.392778752,37748736
577,4.788575649261475,0.0015264126425894988,0.298828125,52.392778752,37814272
578,4.811498641967773,0.0015256347836525175,0.302734375,52.392778752,37879808
579,4.871706485748291,0.0015248554377586022,0.287109375,52.392778752,37945344
580,4.804179668426514,0.001524074607155184,0.275390625,52.392778752,38010880
581,4.7897047996521,0.001523292294093976,0.28515625,52.392778752,38076416
582,4.8519697189331055,0.001522508500830966,0.287109375,52.392778752,38141952
583,4.984884262084961,0.0015217232296264103,0.3203125,52.392778752,38207488
584,4.699153900146484,0.0015209364827448275,0.349609375,52.392778752,38273024
585,4.891050338745117,0.0015201482624549914,0.283203125,52.392778752,38338560
586,4.992037773132324,0.0015193585710299245,0.298828125,52.392778752,38404096
587,4.932414531707764,0.0015185674107468926,0.30859375,52.392778752,38469632
588,4.788660049438477,0.0015177747838873963,0.2734375,52.392778752,38535168
589,4.799622535705566,0.0015169806927371658,0.283203125,52.392778752,38600704
590,4.817127227783203,0.0015161851395861542,0.251953125,52.392778752,38666240
591,4.554078102111816,0.0015153881267285301,0.263671875,52.392778752,38731776
592,4.817873954772949,0.001514589656462672,0.26953125,52.392778752,38797312
593,4.99901008605957,0.0015137897310911607,0.287109375,52.392778752,38862848
594,4.910039901733398,0.0015129883529207738,0.275390625,52.392778752,38928384
595,4.889545917510986,0.001512185524262478,0.259765625,52.392778752,38993920
596,4.921894073486328,0.0015113812474314226,0.248046875,52.392778752,39059456
597,4.811765193939209,0.001510575524746933,0.26953125,52.392778752,39124992
598,4.759417533874512,0.0015097683585325056,0.306640625,52.392778752,39190528
599,4.614434242248535,0.001508959751115797,0.267578125,52.392778752,39256064
600,4.7993292808532715,0.0015081497048286218,0.26953125,52.392778752,39321600
601,4.800012588500977,0.0015073382220069434,0.2578125,52.392778752,39387136
602,4.686689376831055,0.0015065253049908675,0.26953125,52.392778752,39452672
603,4.9000654220581055,0.0015057109561246358,0.28515625,52.392778752,39518208
604,4.979785919189453,0.0015048951777566196,0.28125,52.392778752,39583744
605,4.421491622924805,0.0015040779722393116,0.3046875,52.392778752,39649280
606,4.99080753326416,0.0015032593419293204,0.27734375,52.392778752,39714816
607,4.710321426391602,0.0015024392891873639,0.267578125,52.392778752,39780352
608,4.822922706604004,0.001501617816378261,0.291015625,52.392778752,39845888
609,4.852251052856445,0.0015007949258709265,0.322265625,52.392778752,39911424
610,4.773993492126465,0.001499970620038363,0.271484375,52.392778752,39976960
611,4.765113830566406,0.0014991449012576547,0.32421875,52.392778752,40042496
612,4.837371826171875,0.0014983177719099603,0.373046875,52.392778752,40108032
613,4.635341167449951,0.001497489234380506,0.287109375,52.392778752,40173568
614,4.628326892852783,0.0014966592910585792,0.35546875,52.392778752,40239104
615,4.944834232330322,0.0014958279443375215,0.265625,52.392778752,40304640
616,4.6532301902771,0.0014949951966147204,0.3046875,52.392778752,40370176
617,4.6926069259643555,0.0014941610502916052,0.2578125,52.392778752,40435712
618,4.694393157958984,0.0014933255077736367,0.23828125,52.392778752,40501248
619,4.637332916259766,0.0014924885714703029,0.279296875,52.392778752,40566784
620,4.635099411010742,0.0014916502437951112,0.265625,52.392778752,40632320
621,4.806318283081055,0.001490810527165581,0.275390625,52.392778752,40697856
622,4.743202209472656,0.001489969424003237,0.33203125,52.392778752,40763392
623,4.466432571411133,0.001489126936733603,0.30078125,52.392778752,40828928
624,4.838865280151367,0.001488283067786193,0.298828125,52.392778752,40894464
625,4.4424238204956055,0.0014874378195945067,0.337890625,52.392778752,40960000
626,4.391533851623535,0.0014865911945960205,0.27734375,52.392778752,41025536
627,4.8464460372924805,0.001485743195232181,0.2421875,52.392778752,41091072
628,4.63463020324707,0.0014848938239483982,0.345703125,52.392778752,41156608
629,4.61446475982666,0.0014840430831940389,0.2421875,52.392778752,41222144
630,4.783443450927734,0.0014831909754224185,0.26171875,52.392778752,41287680
631,4.659000396728516,0.0014823375030907952,0.30078125,52.392778752,41353216
632,4.785311698913574,0.0014814826686603611,0.263671875,52.392778752,41418752
633,4.782770156860352,0.001480626474596237,0.26953125,52.392778752,41484288
634,4.460485458374023,0.001479768923367465,0.265625,52.392778752,41549824
635,4.676466941833496,0.0014789100174469997,0.28125,52.392778752,41615360
636,4.718871593475342,0.0014780497593117033,0.2890625,52.392778752,41680896
637,4.519016265869141,0.001477188151442337,0.25390625,52.392778752,41746432
638,4.797384262084961,0.001476325196323554,0.318359375,52.392778752,41811968
639,4.6772565841674805,0.0014754608964438938,0.27734375,52.392778752,41877504
640,4.751138210296631,0.0014745952542957721,0.28515625,52.392778752,41943040
641,4.963317394256592,0.0014737282723754769,0.271484375,52.392778752,42008576
642,4.514530181884766,0.001472859953183159,0.25390625,52.392778752,42074112
643,4.793304443359375,0.0014719902992228252,0.240234375,52.392778752,42139648
644,4.594942092895508,0.0014711193130023325,0.2578125,52.392778752,42205184
645,4.481043815612793,0.001470246997033379,0.306640625,52.392778752,42270720
646,4.605555534362793,0.0014693733538314973,0.263671875,52.392778752,42336256
647,4.587723731994629,0.0014684983859160482,0.291015625,52.392778752,42401792
648,4.735219955444336,0.0014676220958102116,0.298828125,52.392778752,42467328
649,4.626692295074463,0.0014667444860409812,0.26171875,52.392778752,42532864
650,4.547154426574707,0.001465865559139156,0.265625,52.392778752,42598400
651,4.701377868652344,0.001464985317639333,0.2412109375,52.392778752,42663936
652,4.770301818847656,0.0014641037640799005,0.259765625,52.392778752,42729472
653,4.545194625854492,0.0014632209010030297,0.255859375,52.392778752,42795008
654,4.706942558288574,0.0014623367309546688,0.26171875,52.392778752,42860544
655,4.623324394226074,0.0014614512564845353,0.310546875,52.392778752,42926080
656,4.651285648345947,0.0014605644801461075,0.294921875,52.392778752,42991616
657,4.769956588745117,0.0014596764044966183,0.28515625,52.392778752,43057152
658,4.7483110427856445,0.0014587870320970473,0.275390625,52.392778752,43122688
659,4.794866561889648,0.001457896365512114,0.291015625,52.392778752,43188224
660,4.685364723205566,0.00145700440731027,0.287109375,52.392778752,43253760
661,4.42865514755249,0.0014561111600636906,0.26953125,52.392778752,43319296
662,4.409747123718262,0.0014552166263482698,0.263671875,52.392778752,43384832
663,4.650866508483887,0.00145432080874361,0.31640625,52.392778752,43450368
664,4.7210774421691895,0.0014534237098330178,0.26171875,52.392778752,43515904
665,4.653231143951416,0.0014525253322034929,0.30859375,52.392778752,43581440
666,4.445918560028076,0.0014516256784457237,0.318359375,52.392778752,43646976
667,4.592768669128418,0.0014507247511540775,0.26953125,52.392778752,43712512
668,4.565527439117432,0.0014498225529265957,0.30078125,52.392778752,43778048
669,4.851358413696289,0.0014489190863649839,0.40625,52.392778752,43843584
670,4.419355392456055,0.0014480143540746048,0.306640625,52.392778752,43909120
671,4.880807876586914,0.0014471083586644715,0.310546875,52.392778752,43974656
672,4.66232442855835,0.0014462011027472402,0.287109375,52.392778752,44040192
673,4.665184497833252,0.0014452925889392014,0.28515625,52.392778752,44105728
674,4.703697204589844,0.001444382819860273,0.31640625,52.392778752,44171264
675,4.66817045211792,0.0014434717981339931,0.333984375,52.392778752,44236800
676,4.515490531921387,0.001442559526387512,0.408203125,52.392778752,44302336
677,4.7086615562438965,0.0014416460072515852,0.361328125,52.392778752,44367872
678,4.6850996017456055,0.001440731243360564,0.283203125,52.392778752,44433408
679,4.723389625549316,0.0014398152373523907,0.28125,52.392778752,44498944
680,4.391046524047852,0.0014388979918685887,0.251953125,52.392778752,44564480
681,4.781150817871094,0.0014379795095542562,0.2578125,52.392778752,44630016
682,4.539233684539795,0.0014370597930580579,0.267578125,52.392778752,44695552
683,4.741124629974365,0.0014361388450322172,0.259765625,52.392778752,44761088
684,4.462976455688477,0.0014352166681325098,0.259765625,52.392778752,44826624
685,4.530521392822266,0.0014342932650182544,0.255859375,52.392778752,44892160
686,4.5794267654418945,0.0014333686383523057,0.255859375,52.392778752,44957696
687,4.688998699188232,0.0014324427908010476,0.2470703125,52.392778752,45023232
688,4.795141696929932,0.0014315157250343836,0.25390625,52.392778752,45088768
689,4.7975945472717285,0.0014305874437257316,0.2734375,52.392778752,45154304
690,4.68798303604126,0.0014296579495520136,0.2431640625,52.392778752,45219840
691,4.757519721984863,0.0014287272451936498,0.240234375,52.392778752,45285376
692,4.542062759399414,0.00142779533333455,0.42578125,52.392778752,45350912
693,4.591326713562012,0.001426862216662106,0.25390625,52.392778752,45416448
694,4.84061336517334,0.0014259278978671847,0.275390625,52.392778752,45481984
695,4.733488082885742,0.0014249923796441186,0.265625,52.392778752,45547520
696,4.5388288497924805,0.0014240556646907,0.330078125,52.392778752,45613056
697,4.558679580688477,0.0014231177557081714,0.3125,52.392778752,45678592
698,4.6266093254089355,0.001422178655401219,0.296875,52.392778752,45744128
699,5.036041259765625,0.001421238366477965,0.294921875,52.392778752,45809664
700,4.745735168457031,0.0014202968916499578,0.2734375,52.392778752,45875200
701,4.580037593841553,0.0014193542336321668,0.28515625,52.392778752,45940736
702,4.637836456298828,0.0014184103951429738,0.26171875,52.392778752,46006272
703,4.900533676147461,0.0014174653789041634,0.27734375,52.392778752,46071808
704,4.425538539886475,0.0014165191876409178,0.275390625,52.392778752,46137344
705,4.543580055236816,0.0014155718240818065,0.279296875,52.392778752,46202880
706,4.5236287117004395,0.0014146232909587803,0.294921875,52.392778752,46268416
707,4.608111381530762,0.0014136735910071634,0.2470703125,52.392778752,46333952
708,4.255562782287598,0.0014127227269656432,0.259765625,52.392778752,46399488
709,4.664851188659668,0.0014117707015762653,0.283203125,52.392778752,46465024
710,4.833992958068848,0.0014108175175844236,0.2412109375,52.392778752,46530560
711,4.474478721618652,0.001409863177738854,0.267578125,52.392778752,46596096
712,4.524687767028809,0.0014089076847916245,0.287109375,52.392778752,46661632
713,4.666178226470947,0.0014079510414981289,0.265625,52.392778752,46727168
714,5.124209880828857,0.0014069932506170786,0.26953125,52.392778752,46792704
715,4.54893159866333,0.0014060343149104935,0.25390625,52.392778752,46858240
716,4.777707099914551,0.0014050742371436958,0.25,52.392778752,46923776
717,4.681562900543213,0.0014041130200853006,0.279296875,52.392778752,46989312
718,4.325525283813477,0.0014031506665072085,0.267578125,52.392778752,47054848
719,4.6912384033203125,0.0014021871791845971,0.263671875,52.392778752,47120384
720,4.504239082336426,0.0014012225608959147,0.26953125,52.392778752,47185920
721,4.634842395782471,0.0014002568144228695,0.271484375,52.392778752,47251456
722,5.073607444763184,0.0013992899425504242,0.2451171875,52.392778752,47316992
723,4.624177932739258,0.0013983219480667862,0.29296875,52.392778752,47382528
724,4.537606239318848,0.0013973528337634003,0.26953125,52.392778752,47448064
725,4.650338172912598,0.0013963826024349407,0.2578125,52.392778752,47513600
726,4.3482465744018555,0.0013954112568793035,0.275390625,52.392778752,47579136
727,4.581610679626465,0.001394438799897596,0.265625,52.392778752,47644672
728,4.611283302307129,0.0013934652342941331,0.2421875,52.392778752,47710208
729,4.444311141967773,0.0013924905628764249,0.298828125,52.392778752,47775744
730,4.836811542510986,0.0013915147884551705,0.25390625,52.392778752,47841280
731,4.322260856628418,0.0013905379138442512,0.310546875,52.392778752,47906816
732,4.435410499572754,0.0013895599418607188,0.29296875,52.392778752,47972352
733,4.605751037597656,0.0013885808753247915,0.263671875,52.392778752,48037888
734,4.147337913513184,0.0013876007170598426,0.279296875,52.392778752,48103424
735,4.662960052490234,0.0013866194698923947,0.248046875,52.392778752,48168960
736,4.620913028717041,0.0013856371366521099,0.26171875,52.392778752,48234496
737,4.56003475189209,0.0013846537201717822,0.259765625,52.392778752,48300032
738,4.531622409820557,0.0013836692232873302,0.25390625,52.392778752,48365568
739,4.3409810066223145,0.0013826836488377867,0.2578125,52.392778752,48431104
740,4.407802581787109,0.0013816969996652932,0.271484375,52.392778752,48496640
741,4.445730686187744,0.0013807092786150897,0.2236328125,52.392778752,48562176
742,4.673910140991211,0.0013797204885355077,0.259765625,52.392778752,48627712
743,4.611278533935547,0.0013787306322779608,0.2470703125,52.392778752,48693248
744,4.511678218841553,0.0013777397126969381,0.2275390625,52.392778752,48758784
745,4.484941482543945,0.0013767477326499943,0.265625,52.392778752,48824320
746,4.465412139892578,0.0013757546949977428,0.2490234375,52.392778752,48889856
747,4.950186252593994,0.001374760602603846,0.251953125,52.392778752,48955392
748,4.577582359313965,0.001373765458335009,0.265625,52.392778752,49020928
749,4.50739860534668,0.0013727692650609693,0.2470703125,52.392778752,49086464
750,4.507745742797852,0.0013717720256544897,0.291015625,52.392778752,49152000
751,4.7490034103393555,0.0013707737429913506,0.294921875,52.392778752,49217536
752,4.588649272918701,0.0013697744199503397,0.2451171875,52.392778752,49283072
753,4.513623237609863,0.0013687740594132455,0.26953125,52.392778752,49348608
754,4.609213829040527,0.001367772664264848,0.283203125,52.392778752,49414144
755,4.391599178314209,0.0013667702373929113,0.36328125,52.392778752,49479680
756,4.734437942504883,0.0013657667816881743,0.291015625,52.392778752,49545216
757,4.5085883140563965,0.001364762300044343,0.2578125,52.392778752,49610752
758,4.728216171264648,0.0013637567953580817,0.248046875,52.392778752,49676288
759,4.357967853546143,0.0013627502705290053,0.314453125,52.392778752,49741824
760,4.569234371185303,0.0013617427284596697,0.23828125,52.392778752,49807360
761,4.184511184692383,0.0013607341720555653,0.27734375,52.392778752,49872896
762,4.603671073913574,0.001359724604225107,0.27734375,52.392778752,49938432
763,4.383589744567871,0.0013587140278796266,0.25,52.392778752,50003968
764,4.3410491943359375,0.001357702445933364,0.29296875,52.392778752,50069504
765,4.398078918457031,0.001356689861303459,0.240234375,52.392778752,50135040
766,4.455526828765869,0.001355676276909943,0.28515625,52.392778752,50200576
767,4.4669084548950195,0.0013546616956757302,0.28125,52.392778752,50266112
768,4.626799583435059,0.00135364612052661,0.26171875,52.392778752,50331648
769,4.59871768951416,0.0013526295543912375,0.263671875,52.392778752,50397184
770,4.241331100463867,0.0013516120002011257,0.265625,52.392778752,50462720
771,4.530981063842773,0.0013505934608906368,0.2392578125,52.392778752,50528256
772,4.4554853439331055,0.001349573939396974,0.2392578125,52.392778752,50593792
773,4.559120178222656,0.0013485534386601728,0.2216796875,52.392778752,50659328
774,4.778015613555908,0.0013475319616230925,0.21484375,52.392778752,50724864
775,4.54716682434082,0.0013465095112314078,0.2451171875,52.392778752,50790400
776,4.540384769439697,0.0013454860904336006,0.23046875,52.392778752,50855936
777,4.686557769775391,0.0013444617021809505,0.2236328125,52.392778752,50921472
778,4.452239036560059,0.0013434363494275276,0.265625,52.392778752,50987008
779,4.715199947357178,0.0013424100351301835,0.24609375,52.392778752,51052544
780,4.5123748779296875,0.0013413827622485422,0.2451171875,52.392778752,51118080
781,4.422667503356934,0.001340354533744992,0.2294921875,52.392778752,51183616
782,4.727327346801758,0.001339325352584677,0.2216796875,52.392778752,51249152
783,4.400259017944336,0.0013382952217354895,0.267578125,52.392778752,51314688
784,4.832863807678223,0.0013372641441680587,0.2236328125,52.392778752,51380224
785,4.378598690032959,0.001336232122855745,0.298828125,52.392778752,51445760
786,4.338589191436768,0.0013351991607746304,0.26953125,52.392778752,51511296
787,4.337316513061523,0.0013341652609035095,0.25390625,52.392778752,51576832
788,4.4111714363098145,0.001333130426223881,0.2470703125,52.392778752,51642368
789,4.57002067565918,0.0013320946597199393,0.29296875,52.392778752,51707904
790,4.741940021514893,0.001331057964378567,0.2392578125,52.392778752,51773440
791,4.404623031616211,0.0013300203431893245,0.26953125,52.392778752,51838976
792,4.54714298248291,0.0013289817991444417,0.296875,52.392778752,51904512
793,4.277108192443848,0.00132794233523881,0.2138671875,52.392778752,51970048
794,4.414361953735352,0.0013269019544699739,0.279296875,52.392778752,52035584
795,4.59761381149292,0.0013258606598381217,0.248046875,52.392778752,52101120
796,4.609666347503662,0.001324818454346077,0.27734375,52.392778752,52166656
797,4.320293426513672,0.0013237753409992901,0.2275390625,52.392778752,52232192
798,4.578316688537598,0.0013227313228058287,0.26171875,52.392778752,52297728
799,4.6057610511779785,0.0013216864027763705,0.2294921875,52.392778752,52363264
800,4.360457420349121,0.0013206405839241945,0.28515625,52.392778752,52428800
801,4.789947509765625,0.0013195938692651702,0.275390625,52.392778752,52494336
802,4.655377388000488,0.0013185462618177514,0.240234375,52.392778752,52559872
803,4.396148204803467,0.0013174977646029664,0.255859375,52.392778752,52625408
804,4.5867018699646,0.0013164483806444084,0.25390625,52.392778752,52690944
805,4.305062294006348,0.0013153981129682291,0.236328125,52.392778752,52756480
806,4.335084915161133,0.0013143469646031277,0.271484375,52.392778752,52822016
807,4.206729412078857,0.0013132949385803439,0.2734375,52.392778752,52887552
808,4.440792083740234,0.0013122420379336472,0.2490234375,52.392778752,52953088
809,4.459819316864014,0.0013111882656993295,0.265625,52.392778752,53018624
810,4.460232734680176,0.0013101336249161978,0.267578125,52.392778752,53084160
811,4.488419055938721,0.0013090781186255614,0.236328125,52.392778752,53149696
812,4.580341339111328,0.001308021749871227,0.283203125,52.392778752,53215232
813,4.690216064453125,0.0013069645216994882,0.22265625,52.392778752,53280768
814,4.335696220397949,0.0013059064371591163,0.30078125,52.392778752,53346304
815,4.653595924377441,0.0013048474993013531,0.234375,52.392778752,53411840
816,4.512411594390869,0.0013037877111799002,0.23046875,52.392778752,53477376
817,4.405694007873535,0.0013027270758509118,0.28515625,52.392778752,53542912
818,4.691888809204102,0.0013016655963729849,0.236328125,52.392778752,53608448
819,4.5159993171691895,0.0013006032758071506,0.25390625,52.392778752,53673984
820,4.435297012329102,0.0012995401172168665,0.232421875,52.392778752,53739520
821,4.39354133605957,0.0012984761236680058,0.220703125,52.392778752,53805056
822,4.363344192504883,0.0012974112982288499,0.2353515625,52.392778752,53870592
823,4.625970840454102,0.001296345643970079,0.263671875,52.392778752,53936128
824,4.5367584228515625,0.0012952791639647633,0.2412109375,52.392778752,54001664
825,4.441161155700684,0.0012942118612883548,0.28515625,52.392778752,54067200
826,4.37786865234375,0.0012931437390186777,0.255859375,52.392778752,54132736
827,4.392699241638184,0.0012920748002359186,0.2490234375,52.392778752,54198272
828,4.463728904724121,0.0012910050480226204,0.2333984375,52.392778752,54263808
829,4.4256181716918945,0.0012899344854636707,0.2451171875,52.392778752,54329344
830,4.43011474609375,0.0012888631156462943,0.25390625,52.392778752,54394880
831,4.539202690124512,0.0012877909416600436,0.234375,52.392778752,54460416
832,4.582170486450195,0.0012867179665967904,0.2421875,52.392778752,54525952
833,4.2451276779174805,0.0012856441935507159,0.255859375,52.392778752,54591488
834,4.471839427947998,0.0012845696256183036,0.2412109375,52.392778752,54657024
835,4.387179374694824,0.0012834942658983284,0.2294921875,52.392778752,54722560
836,3.817776918411255,0.0012824181174918485,0.2265625,52.392778752,54788096
837,4.403720855712891,0.001281341183502197,0.2138671875,52.392778752,54853632
838,4.358760833740234,0.001280263467034972,0.22265625,52.392778752,54919168
839,4.497109413146973,0.0012791849711980279,0.2470703125,52.392778752,54984704
840,4.195744514465332,0.0012781056991014673,0.255859375,52.392778752,55050240
841,4.470179080963135,0.001277025653857631,0.2373046875,52.392778752,55115776
842,4.400629997253418,0.001275944838581089,0.23828125,52.392778752,55181312
843,4.453293323516846,0.0012748632563886317,0.2265625,52.392778752,55246848
844,4.385778427124023,0.0012737809103992622,0.2294921875,52.392778752,55312384
845,4.355877876281738,0.0012726978037341855,0.2412109375,52.392778752,55377920
846,4.531796455383301,0.0012716139395167999,0.2275390625,52.392778752,55443456
847,4.125973701477051,0.0012705293208726887,0.23046875,52.392778752,55508992
848,4.62451696395874,0.0012694439509296105,0.27734375,52.392778752,55574528
849,4.293543815612793,0.001268357832817491,0.322265625,52.392778752,55640064
850,4.19511079788208,0.0012672709696684129,0.263671875,52.392778752,55705600
851,4.476454734802246,0.0012661833646166072,0.2255859375,52.392778752,55771136
852,4.296483039855957,0.0012650950207984451,0.294921875,52.392778752,55836672
853,4.53433895111084,0.0012640059413524278,0.2216796875,52.392778752,55902208
854,4.602246284484863,0.0012629161294191774,0.26171875,52.392778752,55967744
855,4.330993175506592,0.0012618255881414293,0.2421875,52.392778752,56033280
856,4.56381893157959,0.0012607343206640213,0.2255859375,52.392778752,56098816
857,4.323481559753418,0.0012596423301338856,0.259765625,52.392778752,56164352
858,4.465362071990967,0.0012585496197000398,0.25390625,52.392778752,56229888
859,4.50167989730835,0.0012574561925135775,0.2373046875,52.392778752,56295424
860,4.455231666564941,0.0012563620517276584,0.2578125,52.392778752,56360960
861,4.474997043609619,0.001255267200497501,0.2294921875,52.392778752,56426496
862,4.284677982330322,0.0012541716419803722,0.23828125,52.392778752,56492032
863,4.544180870056152,0.0012530753793355786,0.2470703125,52.392778752,56557568
864,4.186598777770996,0.001251978415724457,0.25,52.392778752,56623104
865,4.028656005859375,0.0012508807543103661,0.23046875,52.392778752,56688640
866,4.050004959106445,0.0012497823982586763,0.224609375,52.392778752,56754176
867,4.196568489074707,0.001248683350736762,0.234375,52.392778752,56819712
868,4.483816146850586,0.0012475836149139902,0.2412109375,52.392778752,56885248
869,4.2304840087890625,0.0012464831939617146,0.263671875,52.392778752,56950784
870,4.310333251953125,0.0012453820910532636,0.26171875,52.392778752,57016320
871,4.642420768737793,0.0012442803093639318,0.240234375,52.392778752,57081856
872,4.570250511169434,0.0012431778520709722,0.240234375,52.392778752,57147392
873,4.213741302490234,0.0012420747223535853,0.234375,52.392778752,57212928
874,4.646005630493164,0.0012409709233929113,0.2470703125,52.392778752,57278464
875,4.804539203643799,0.0012398664583720197,0.345703125,52.392778752,57344000
876,4.497009754180908,0.001238761330475901,0.25390625,52.392778752,57409536
877,4.407311916351318,0.0012376555428914582,0.265625,52.392778752,57475072
878,4.574139595031738,0.0012365490988074945,0.2294921875,52.392778752,57540608
879,4.574326515197754,0.0012354420014147084,0.2421875,52.392778752,57606144
880,4.393317222595215,0.0012343342539056815,0.259765625,52.392778752,57671680
881,4.420498847961426,0.0012332258594748699,0.224609375,52.392778752,57737216
882,4.386784076690674,0.0012321168213185957,0.2294921875,52.392778752,57802752
883,4.461158752441406,0.0012310071426350374,0.25,52.392778752,57868288
884,4.371744155883789,0.00122989682662422,0.2451171875,52.392778752,57933824
885,4.416639804840088,0.0012287858764880074,0.244140625,52.392778752,57999360
886,4.493686199188232,0.0012276742954300908,0.2265625,52.392778752,58064896
887,4.322754859924316,0.0012265620866559824,0.265625,52.392778752,58130432
888,4.239447593688965,0.001225449253373003,0.2578125,52.392778752,58195968
889,4.45286226272583,0.0012243357987902753,0.263671875,52.392778752,58261504
890,4.706941604614258,0.0012232217261187136,0.25390625,52.392778752,58327040
891,4.549686908721924,0.0012221070385710145,0.2578125,52.392778752,58392576
892,4.41127872467041,0.0012209917393616475,0.2451171875,52.392778752,58458112
893,4.667259216308594,0.0012198758317068458,0.240234375,52.392778752,58523648
894,4.190807342529297,0.0012187593188245983,0.25,52.392778752,58589184
895,4.315925121307373,0.0012176422039346382,0.267578125,52.392778752,58654720
896,4.562538146972656,0.0012165244902584346,0.2431640625,52.392778752,58720256
897,4.561674118041992,0.0012154061810191843,0.228515625,52.392778752,58785792
898,4.462609767913818,0.0012142872794418005,0.228515625,52.392778752,58851328
899,3.9267544746398926,0.0012131677887529057,0.2333984375,52.392778752,58916864
900,4.300352096557617,0.0012120477121808197,0.2578125,52.392778752,58982400
901,4.259546279907227,0.0012109270529555535,0.26171875,52.392778752,59047936
902,4.279788970947266,0.0012098058143087973,0.25,52.392778752,59113472
903,4.314085006713867,0.0012086839994739124,0.2392578125,52.392778752,59179008
904,4.552492141723633,0.0012075616116859218,0.2451171875,52.392778752,59244544
905,4.512099742889404,0.0012064386541815006,0.265625,52.392778752,59310080
906,4.118190288543701,0.0012053151301989668,0.2255859375,52.392778752,59375616
907,4.490685939788818,0.0012041910429782725,0.251953125,52.392778752,59441152
908,4.4231157302856445,0.001203066395760993,0.259765625,52.392778752,59506688
909,4.663468360900879,0.0012019411917903195,0.2138671875,52.392778752,59572224
910,4.452225208282471,0.001200815434311048,0.2470703125,52.392778752,59637760
911,4.311834335327148,0.0011996891265695713,0.28125,52.392778752,59703296
912,4.158787727355957,0.0011985622718138687,0.28125,52.392778752,59768832
913,4.448241710662842,0.0011974348732934968,0.2470703125,52.392778752,59834368
914,4.197583198547363,0.0011963069342595804,0.2255859375,52.392778752,59899904
915,4.435460567474365,0.0011951784579648033,0.248046875,52.392778752,59965440
916,4.589869499206543,0.0011940494476633979,0.2578125,52.392778752,60030976
917,4.506011962890625,0.0011929199066111373,0.244140625,52.392778752,60096512
918,4.26177453994751,0.0011917898380653246,0.240234375,52.392778752,60162048
919,4.317832946777344,0.0011906592452847848,0.267578125,52.392778752,60227584
920,4.3819990158081055,0.0011895281315298534,0.2412109375,52.392778752,60293120
921,4.4294939041137695,0.0011883965000623698,0.2265625,52.392778752,60358656
922,4.340022563934326,0.001187264354145665,0.2470703125,52.392778752,60424192
923,4.031496047973633,0.0011861316970445542,0.2490234375,52.392778752,60489728
924,4.507002830505371,0.0011849985320253266,0.2158203125,52.392778752,60555264
925,4.3841962814331055,0.0011838648623557365,0.2578125,52.392778752,60620800
926,4.230297088623047,0.0011827306913049925,0.236328125,52.392778752,60686336
927,4.5144853591918945,0.0011815960221437498,0.251953125,52.392778752,60751872
928,4.37520694732666,0.0011804608581441002,0.2216796875,52.392778752,60817408
929,4.2959136962890625,0.0011793252025795618,0.2275390625,52.392778752,60882944
930,4.198166847229004,0.0011781890587250707,0.2431640625,52.392778752,60948480
931,4.3320794105529785,0.001177052429856971,0.2265625,52.392778752,61014016
932,4.449185848236084,0.0011759153192530058,0.248046875,52.392778752,61079552
933,4.26554012298584,0.0011747777301923063,0.2275390625,52.392778752,61145088
934,4.162479400634766,0.001173639665955385,0.236328125,52.392778752,61210624
935,4.253708362579346,0.0011725011298241233,0.234375,52.392778752,61276160
936,4.268515586853027,0.0011713621250817646,0.2294921875,52.392778752,61341696
937,4.103751182556152,0.0011702226550129025,0.2099609375,52.392778752,61407232
938,4.324113845825195,0.0011690827229034735,0.22265625,52.392778752,61472768
939,4.506014823913574,0.0011679423320407455,0.2294921875,52.392778752,61538304
940,4.415105819702148,0.0011668014857133104,0.2060546875,52.392778752,61603840
941,4.471907138824463,0.0011656601872110722,0.216796875,52.392778752,61669376
942,4.374706745147705,0.001164518439825241,0.2109375,52.392778752,61734912
943,4.23394775390625,0.0011633762468483185,0.220703125,52.392778752,61800448
944,4.226340293884277,0.0011622336115740945,0.2109375,52.392778752,61865984
945,4.344038009643555,0.0011610905372976313,0.236328125,52.392778752,61931520
946,4.271437644958496,0.0011599470273152598,0.2236328125,52.392778752,61997056
947,4.579668998718262,0.001158803084924565,0.2255859375,52.392778752,62062592
948,4.443670272827148,0.0011576587134243801,0.2255859375,52.392778752,62128128
949,4.251714706420898,0.0011565139161147761,0.2294921875,52.392778752,62193664
950,4.179487228393555,0.0011553686962970512,0.220703125,52.392778752,62259200
951,4.040364742279053,0.001154223057273722,0.2158203125,52.392778752,62324736
952,3.9682364463806152,0.001153077002348515,0.21875,52.392778752,62390272
953,4.291374206542969,0.001151930534826354,0.212890625,52.392778752,62455808
954,4.316284656524658,0.001150783658013355,0.2060546875,52.392778752,62521344
955,4.196008682250977,0.0011496363752168126,0.21875,52.392778752,62586880
956,4.393351078033447,0.001148488689745193,0.224609375,52.392778752,62652416
957,4.355583190917969,0.001147340604908123,0.224609375,52.392778752,62717952
958,4.453548908233643,0.0011461921240163819,0.2392578125,52.392778752,62783488
959,4.380364418029785,0.00114504325038189,0.2099609375,52.392778752,62849024
960,4.312395095825195,0.001143893987317701,0.248046875,52.392778752,62914560
961,4.203426361083984,0.0011427443381379916,0.2177734375,52.392778752,62980096
962,4.339360237121582,0.0011415943061580517,0.2373046875,52.392778752,63045632
963,4.206603050231934,0.0011404438946942751,0.224609375,52.392778752,63111168
964,4.150569915771484,0.00113929310706415,0.2333984375,52.392778752,63176704
965,4.178974628448486,0.0011381419465862493,0.232421875,52.392778752,63242240
966,4.358460426330566,0.001136990416580221,0.23046875,52.392778752,63307776
967,4.3238630294799805,0.0011358385203667795,0.212890625,52.392778752,63373312
968,4.406567573547363,0.0011346862612676939,0.2119140625,52.392778752,63438848
969,4.228156566619873,0.0011335336426057808,0.23828125,52.392778752,63504384
970,4.109940528869629,0.0011323806677048932,0.201171875,52.392778752,63569920
971,4.191133975982666,0.001131227339889912,0.21875,52.392778752,63635456
972,4.302689075469971,0.001130073662486735,0.2216796875,52.392778752,63700992
973,4.445086479187012,0.0011289196388222685,0.234375,52.392778752,63766528
974,4.479191780090332,0.001127765272224418,0.1982421875,52.392778752,63832064
975,4.504026889801025,0.001126610566022076,0.2177734375,52.392778752,63897600
976,4.334322929382324,0.0011254555235451164,0.2158203125,52.392778752,63963136
977,4.284880638122559,0.001124300148124382,0.228515625,52.392778752,64028672
978,4.056553363800049,0.001123144443091676,0.21484375,52.392778752,64094208
979,4.360211372375488,0.0011219884117797511,0.234375,52.392778752,64159744
980,4.310842514038086,0.0011208320575223022,0.20703125,52.392778752,64225280
981,3.994030237197876,0.001119675383653955,0.2421875,52.392778752,64290816
982,4.145122051239014,0.001118518393510257,0.228515625,52.392778752,64356352
983,4.478235244750977,0.001117361090427667,0.23828125,52.392778752,64421888
984,4.277953147888184,0.001116203477743547,0.2080078125,52.392778752,64487424
985,4.201529026031494,0.001115045558796152,0.333984375,52.392778752,64552960
986,4.459949970245361,0.0011138873369246195,0.2734375,52.392778752,64618496
987,4.340144634246826,0.0011127288154689613,0.267578125,52.392778752,64684032
988,4.167974472045898,0.0011115699977700519,0.212890625,52.392778752,64749568
989,4.255362510681152,0.0011104108871696217,0.2431640625,52.392778752,64815104
990,4.330338478088379,0.0011092514870102443,0.2158203125,52.392778752,64880640
991,4.405126094818115,0.0011080918006353294,0.2275390625,52.392778752,64946176
992,4.353647232055664,0.0011069318313891114,0.2216796875,52.392778752,65011712
993,4.553944110870361,0.0011057715826166407,0.248046875,52.392778752,65077248
994,4.417362213134766,0.001104611057663774,0.2275390625,52.392778752,65142784
995,4.40428352355957,0.0011034502598771638,0.232421875,52.392778752,65208320
996,4.453226566314697,0.00110228919260425,0.259765625,52.392778752,65273856
997,4.097715377807617,0.001101127859193249,0.2373046875,52.392778752,65339392
998,4.451891899108887,0.0010999662629931452,0.2275390625,52.392778752,65404928
999,4.452892780303955,0.0010988044073536813,0.255859375,52.392778752,65470464
1000,4.356790542602539,0.0010976422956253465,0.23046875,52.392778752,65536000
1001,4.093339920043945,0.00109647993115937,0.267578125,52.392778752,65601536
1002,4.1920318603515625,0.0010953173173077091,0.224609375,52.392778752,65667072
1003,4.210602760314941,0.0010941544574230412,0.2255859375,52.392778752,65732608
1004,4.302628517150879,0.001092991354858752,0.2080078125,52.392778752,65798144
1005,4.081610679626465,0.0010918280129689276,0.2158203125,52.392778752,65863680
1006,4.135623455047607,0.001090664435108344,0.203125,52.392778752,65929216
1007,4.28125524520874,0.001089500624632458,0.2255859375,52.392778752,65994752
1008,4.041766166687012,0.001088336584897397,0.228515625,52.392778752,66060288
1009,4.316064357757568,0.00108717231925995,0.2158203125,52.392778752,66125824
1010,4.183908462524414,0.0010860078310775561,0.2099609375,52.392778752,66191360
1011,4.357670783996582,0.0010848431237082982,0.21484375,52.392778752,66256896
1012,4.367156028747559,0.0010836782005108894,0.2314453125,52.392778752,66322432
1013,4.164148330688477,0.001082513064844666,0.212890625,52.392778752,66387968
1014,4.179277420043945,0.0010813477200695778,0.2119140625,52.392778752,66453504
1015,4.172316074371338,0.0010801821695461756,0.2353515625,52.392778752,66519040
1016,4.16454553604126,0.0010790164166356055,0.1943359375,52.392778752,66584576
1017,4.202830791473389,0.001077850464699596,0.2265625,52.392778752,66650112
1018,4.306575298309326,0.0010766843171004503,0.232421875,52.392778752,66715648
1019,4.215499401092529,0.0010755179772010354,0.220703125,52.392778752,66781184
1020,4.205324172973633,0.001074351448364773,0.2060546875,52.392778752,66846720
1021,4.111676216125488,0.0010731847339556294,0.2177734375,52.392778752,66912256
1022,4.545978546142578,0.0010720178373381064,0.236328125,52.392778752,66977792
1023,4.309340476989746,0.0010708507618772312,0.212890625,52.392778752,67043328
1024,4.173755645751953,0.0010696835109385468,0.212890625,52.392778752,67108864
1025,4.325174331665039,0.0010685160878881014,0.201171875,52.392778752,67174400
1026,4.0355610847473145,0.0010673484960924406,0.19921875,52.392778752,67239936
1027,4.018820285797119,0.0010661807389185964,0.2314453125,52.392778752,67305472
1028,4.258604049682617,0.0010650128197340772,0.2216796875,52.392778752,67371008
1029,4.36447286605835,0.0010638447419068589,0.2197265625,52.392778752,67436544
1030,4.104203701019287,0.001062676508805375,0.22265625,52.392778752,67502080
1031,4.643619537353516,0.0010615081237985069,0.21484375,52.392778752,67567616
1032,4.053239822387695,0.0010603395902555734,0.220703125,52.392778752,67633152
1033,3.812474250793457,0.0010591709115463223,0.2294921875,52.392778752,67698688
1034,4.656639099121094,0.00105800209104092,0.224609375,52.392778752,67764224
1035,4.0929107666015625,0.0010568331321099411,0.2265625,52.392778752,67829760
1036,4.20784854888916,0.00105566403812436,0.224609375,52.392778752,67895296
1037,4.347631454467773,0.0010544948124555406,0.236328125,52.392778752,67960832
1038,4.196791172027588,0.0010533254584752265,0.2119140625,52.392778752,68026368
1039,4.140398025512695,0.0010521559795555306,0.2177734375,52.392778752,68091904
1040,4.000008583068848,0.0010509863790689271,0.2255859375,52.392778752,68157440
1041,4.335797309875488,0.0010498166603882405,0.23828125,52.392778752,68222976
1042,4.0619893074035645,0.0010486468268866359,0.2451171875,52.392778752,68288512
1043,4.0280609130859375,0.0010474768819376094,0.2333984375,52.392778752,68354048
1044,4.339409828186035,0.0010463068289149789,0.240234375,52.392778752,68419584
1045,4.385965824127197,0.0010451366711928735,0.2265625,52.392778752,68485120
1046,4.425896644592285,0.0010439664121457246,0.2236328125,52.392778752,68550656
1047,4.329714775085449,0.0010427960551482557,0.23046875,52.392778752,68616192
1048,4.497933387756348,0.0010416256035754728,0.2451171875,52.392778752,68681728
1049,4.395076751708984,0.0010404550608026544,0.25390625,52.392778752,68747264
1050,4.373894214630127,0.0010392844302053422,0.3046875,52.392778752,68812800
1051,4.20836877822876,0.0010381137151593315,0.28515625,52.392778752,68878336
1052,4.118284225463867,0.00103694291904066,0.2431640625,52.392778752,68943872
1053,4.102630615234375,0.0010357720452256005,0.232421875,52.392778752,69009408
1054,4.180068016052246,0.0010346010970906491,0.2451171875,52.392778752,69074944
1055,4.137568473815918,0.0010334300780125167,0.2275390625,52.392778752,69140480
1056,4.086911201477051,0.0010322589913681181,0.2353515625,52.392778752,69206016
1057,4.221686363220215,0.0010310878405345634,0.259765625,52.392778752,69271552
1058,4.241970062255859,0.001029916628889148,0.21875,52.392778752,69337088
1059,4.236611366271973,0.0010287453598093422,0.232421875,52.392778752,69402624
1060,4.39763069152832,0.001027574036672782,0.21484375,52.392778752,69468160
1061,4.264235019683838,0.0010264026628572602,0.44921875,52.392778752,69533696
1062,4.17586612701416,0.001025231241740714,0.2041015625,52.392778752,69599232
1063,3.9795892238616943,0.0010240597767012187,0.2236328125,52.392778752,69664768
1064,4.184091567993164,0.0010228882711169746,0.2041015625,52.392778752,69730304
1065,4.0646562576293945,0.001021716728366301,0.2158203125,52.392778752,69795840
1066,4.15962028503418,0.0010205451518276228,0.2177734375,52.392778752,69861376
1067,4.4102606773376465,0.0010193735448794624,0.212890625,52.392778752,69926912
1068,4.1494245529174805,0.0010182019109004304,0.216796875,52.392778752,69992448
1069,4.370291709899902,0.0010170302532692156,0.2333984375,52.392778752,70057984
1070,4.357743263244629,0.0010158585753645743,0.2099609375,52.392778752,70123520
1071,3.79976749420166,0.0010146868805653217,0.220703125,52.392778752,70189056
1072,4.278286457061768,0.0010135151722503214,0.2158203125,52.392778752,70254592
1073,4.218238830566406,0.0010123434537984766,0.2041015625,52.392778752,70320128
1074,4.4087114334106445,0.0010111717285887188,0.2021484375,52.392778752,70385664
1075,4.403702259063721,0.00101,0.232421875,52.392778752,70451200
1076,4.120649337768555,0.0010088282714112813,0.20703125,52.392778752,70516736
1077,4.170764923095703,0.0010076565462015235,0.21484375,52.392778752,70582272
1078,3.882692813873291,0.0010064848277496787,0.2138671875,52.392778752,70647808
1079,4.495224475860596,0.0010053131194346784,0.2294921875,52.392778752,70713344
1080,4.177340030670166,0.0010041414246354258,0.2109375,52.392778752,70778880
1081,4.235182285308838,0.0010029697467307845,0.208984375,52.392778752,70844416
1082,4.18531608581543,0.0010017980890995699,0.2177734375,52.392778752,70909952
1083,4.276970386505127,0.001000626455120538,0.2333984375,52.392778752,70975488
1084,4.145294666290283,0.0009994548481723775,0.2255859375,52.392778752,71041024
1085,4.3926496505737305,0.000998283271633699,0.22265625,52.392778752,71106560
1086,4.218262672424316,0.0009971117288830253,0.189453125,52.392778752,71172096
1087,4.059084892272949,0.0009959402232987814,0.21875,52.392778752,71237632
1088,4.399282455444336,0.000994768758259286,0.1953125,52.392778752,71303168
1089,4.357796669006348,0.0009935973371427397,0.2158203125,52.392778752,71368704
1090,4.191591262817383,0.0009924259633272178,0.2138671875,52.392778752,71434240
1091,4.041247367858887,0.0009912546401906579,0.2216796875,52.392778752,71499776
1092,4.239665985107422,0.000990083371110852,0.2578125,52.392778752,71565312
1093,4.181231498718262,0.0009889121594654367,0.220703125,52.392778752,71630848
1094,4.112071514129639,0.000987741008631882,0.2099609375,52.392778752,71696384
1095,4.312967300415039,0.0009865699219874834,0.2138671875,52.392778752,71761920
1096,4.29899263381958,0.000985398902909351,0.2158203125,52.392778752,71827456
1097,4.211300373077393,0.0009842279547743994,0.2275390625,52.392778752,71892992
1098,4.158895492553711,0.00098305708095934,0.251953125,52.392778752,71958528
1099,4.279153347015381,0.0009818862848406686,0.232421875,52.392778752,72024064
1100,4.295975685119629,0.000980715569794658,0.2275390625,52.392778752,72089600
1101,4.1750922203063965,0.0009795449391973457,0.23046875,52.392778752,72155136
1102,4.260733604431152,0.0009783743964245275,0.205078125,52.392778752,72220672
1103,4.128527641296387,0.0009772039448517444,0.220703125,52.392778752,72286208
1104,4.2940263748168945,0.0009760335878542756,0.2158203125,52.392778752,72351744
1105,4.153863906860352,0.0009748633288071269,0.25390625,52.392778752,72417280
1106,4.373178958892822,0.0009736931710850212,0.21875,52.392778752,72482816
1107,4.547382831573486,0.0009725231180623905,0.2353515625,52.392778752,72548352
1108,4.380929470062256,0.0009713531731133641,0.205078125,52.392778752,72613888
1109,3.976987600326538,0.0009701833396117593,0.2392578125,52.392778752,72679424
1110,4.085270404815674,0.0009690136209310726,0.2197265625,52.392778752,72744960
1111,4.214086055755615,0.0009678440204444695,0.22265625,52.392778752,72810496
1112,4.409176826477051,0.0009666745415247737,0.2255859375,52.392778752,72876032
1113,4.152856826782227,0.0009655051875444594,0.2314453125,52.392778752,72941568
1114,4.368930339813232,0.0009643359618756401,0.2138671875,52.392778752,73007104
1115,3.932668685913086,0.0009631668678900592,0.2333984375,52.392778752,73072640
1116,4.167214870452881,0.0009619979089590801,0.1884765625,52.392778752,73138176
1117,4.317516326904297,0.0009608290884536777,0.216796875,52.392778752,73203712
1118,4.033361434936523,0.0009596604097444267,0.2041015625,52.392778752,73269248
1119,3.828366994857788,0.0009584918762014931,0.2119140625,52.392778752,73334784
1120,4.213962554931641,0.000957323491194625,0.220703125,52.392778752,73400320
1121,4.088346481323242,0.0009561552580931412,0.20703125,52.392778752,73465856
1122,4.1196088790893555,0.000954987180265923,0.2236328125,52.392778752,73531392
1123,4.221458435058594,0.0009538192610814038,0.201171875,52.392778752,73596928
1124,4.393167495727539,0.0009526515039075594,0.23046875,52.392778752,73662464
1125,4.192433834075928,0.0009514839121118989,0.201171875,52.392778752,73728000
1126,4.194450378417969,0.0009503164890614534,0.2294921875,52.392778752,73793536
1127,4.317252159118652,0.0009491492381227686,0.21875,52.392778752,73859072
1128,4.149257659912109,0.0009479821626618935,0.2080078125,52.392778752,73924608
1129,4.05819034576416,0.0009468152660443705,0.2275390625,52.392778752,73990144
1130,4.173717498779297,0.0009456485516352271,0.212890625,52.392778752,74055680
1131,4.333000183105469,0.0009444820227989647,0.2392578125,52.392778752,74121216
1132,4.287572860717773,0.0009433156828995496,0.216796875,52.392778752,74186752
1133,4.194861888885498,0.0009421495353004039,0.216796875,52.392778752,74252288
1134,3.9700233936309814,0.0009409835833643945,0.2080078125,52.392778752,74317824
1135,4.310567378997803,0.0009398178304538244,0.2158203125,52.392778752,74383360
1136,4.220063209533691,0.0009386522799304225,0.205078125,52.392778752,74448896
1137,4.25922966003418,0.0009374869351553338,0.205078125,52.392778752,74514432
1138,4.275446891784668,0.0009363217994891108,0.1982421875,52.392778752,74579968
1139,4.14093017578125,0.0009351568762917019,0.2138671875,52.392778752,74645504
1140,4.258458614349365,0.0009339921689224439,0.2099609375,52.392778752,74711040
1141,4.06928014755249,0.0009328276807400503,0.2099609375,52.392778752,74776576
1142,4.057560920715332,0.000931663415102603,0.21875,52.392778752,74842112
1143,3.964898109436035,0.000930499375367542,0.203125,52.392778752,74907648
1144,4.247051239013672,0.0009293355648916562,0.212890625,52.392778752,74973184
1145,4.332304954528809,0.0009281719870310729,0.2158203125,52.392778752,75038720
1146,3.6046013832092285,0.0009270086451412479,0.212890625,52.392778752,75104256
1147,4.22601318359375,0.0009258455425769586,0.216796875,52.392778752,75169792
1148,4.302979469299316,0.0009246826826922905,0.2138671875,52.392778752,75235328
1149,4.18475341796875,0.0009235200688406299,0.201171875,52.392778752,75300864
1150,4.08408260345459,0.0009223577043746537,0.21484375,52.392778752,75366400
1151,4.185455322265625,0.0009211955926463188,0.208984375,52.392778752,75431936
1152,4.079641342163086,0.0009200337370068547,0.1982421875,52.392778752,75497472
1153,4.075036525726318,0.0009188721408067511,0.20703125,52.392778752,75563008
1154,4.02759313583374,0.0009177108073957502,0.2099609375,52.392778752,75628544
1155,4.114631652832031,0.0009165497401228362,0.2109375,52.392778752,75694080
1156,4.142508029937744,0.000915388942336226,0.20703125,52.392778752,75759616
1157,4.026220321655273,0.0009142284173833591,0.212890625,52.392778752,75825152
1158,4.33010196685791,0.0009130681686108886,0.19921875,52.392778752,75890688
1159,3.9959092140197754,0.0009119081993646706,0.197265625,52.392778752,75956224
1160,4.293176651000977,0.0009107485129897558,0.2138671875,52.392778752,76021760
1161,3.984459400177002,0.0009095891128303784,0.1982421875,52.392778752,76087296
1162,4.452425003051758,0.0009084300022299483,0.232421875,52.392778752,76152832
1163,4.26033878326416,0.000907271184531039,0.2080078125,52.392778752,76218368
1164,4.082496643066406,0.0009061126630753807,0.2060546875,52.392778752,76283904
1165,4.207871437072754,0.0009049544412038481,0.2197265625,52.392778752,76349440
1166,4.145205974578857,0.0009037965222564529,0.205078125,52.392778752,76414976
1167,4.299635887145996,0.000902638909572333,0.2138671875,52.392778752,76480512
1168,4.112384796142578,0.0009014816064897432,0.2001953125,52.392778752,76546048
1169,4.122766494750977,0.0009003246163460448,0.197265625,52.392778752,76611584
1170,4.144192218780518,0.0008991679424776976,0.1982421875,52.392778752,76677120
1171,4.3598713874816895,0.0008980115882202489,0.18359375,52.392778752,76742656
1172,4.36188268661499,0.0008968555569083243,0.19921875,52.392778752,76808192
1173,4.40037727355957,0.0008956998518756179,0.2119140625,52.392778752,76873728
1174,4.212390899658203,0.0008945444764548837,0.193359375,52.392778752,76939264
1175,4.241944313049316,0.0008933894339779242,0.2060546875,52.392778752,77004800
1176,3.8720388412475586,0.0008922347277755824,0.216796875,52.392778752,77070336
1177,4.212362289428711,0.0008910803611777314,0.2138671875,52.392778752,77135872
1178,4.236903667449951,0.000889926337513265,0.203125,52.392778752,77201408
1179,4.038268089294434,0.0008887726601100879,0.19921875,52.392778752,77266944
1180,4.145008087158203,0.0008876193322951067,0.2158203125,52.392778752,77332480
1181,4.278341293334961,0.0008864663573942192,0.22265625,52.392778752,77398016
1182,4.222241401672363,0.0008853137387323061,0.2255859375,52.392778752,77463552
1183,4.018092155456543,0.0008841614796332206,0.197265625,52.392778752,77529088
1184,4.093594551086426,0.0008830095834197789,0.2373046875,52.392778752,77594624
1185,3.961775302886963,0.0008818580534137509,0.2080078125,52.392778752,77660160
1186,4.063194274902344,0.0008807068929358499,0.2099609375,52.392778752,77725696
1187,4.1536078453063965,0.0008795561053057247,0.25,52.392778752,77791232
1188,4.215854167938232,0.0008784056938419483,0.20703125,52.392778752,77856768
1189,3.908907890319824,0.0008772556618620083,0.267578125,52.392778752,77922304
1190,4.054295539855957,0.0008761060126822991,0.224609375,52.392778752,77987840
1191,4.032983779907227,0.0008749567496181102,0.2392578125,52.392778752,78053376
1192,4.21455192565918,0.0008738078759836183,0.21875,52.392778752,78118912
1193,3.9978089332580566,0.0008726593950918769,0.1884765625,52.392778752,78184448
1194,4.104333877563477,0.000871511310254807,0.201171875,52.392778752,78249984
1195,4.32171630859375,0.0008703636247831875,0.208984375,52.392778752,78315520
1196,4.108388900756836,0.0008692163419866449,0.2041015625,52.392778752,78381056
1197,4.2000298500061035,0.000868069465173646,0.189453125,52.392778752,78446592
1198,4.102771282196045,0.0008669229976514852,0.1962890625,52.392778752,78512128
1199,4.044158935546875,0.000865776942726278,0.259765625,52.392778752,78577664
1200,4.620084285736084,0.0008646313037029489,0.244140625,52.392778752,78643200
1201,4.2129998207092285,0.0008634860838852241,0.216796875,52.392778752,78708736
1202,4.1109466552734375,0.0008623412865756201,0.2216796875,52.392778752,78774272
1203,4.4882636070251465,0.0008611969150754354,0.2197265625,52.392778752,78839808
1204,3.9940171241760254,0.0008600529726847405,0.2294921875,52.392778752,78905344
1205,4.039551734924316,0.0008589094627023685,0.216796875,52.392778752,78970880
1206,4.158618927001953,0.0008577663884259053,0.2353515625,52.392778752,79036416
1207,3.950686454772949,0.000856623753151681,0.2119140625,52.392778752,79101952
1208,4.071263313293457,0.0008554815601747592,0.203125,52.392778752,79167488
1209,4.014695644378662,0.0008543398127889276,0.2138671875,52.392778752,79233024
1210,3.976141929626465,0.00085319851428669,0.2275390625,52.392778752,79298560
1211,4.191914081573486,0.0008520576679592546,0.240234375,52.392778752,79364096
1212,3.7109832763671875,0.0008509172770965268,0.2158203125,52.392778752,79429632
1213,4.1410722732543945,0.0008497773449870974,0.1962890625,52.392778752,79495168
1214,4.361750602722168,0.0008486378749182355,0.203125,52.392778752,79560704
1215,3.965839385986328,0.0008474988701758766,0.2236328125,52.392778752,79626240
1216,4.154252052307129,0.000846360334044615,0.1884765625,52.392778752,79691776
1217,3.9857847690582275,0.0008452222698076936,0.2060546875,52.392778752,79757312
1218,4.180978775024414,0.0008440846807469944,0.197265625,52.392778752,79822848
1219,3.9796013832092285,0.0008429475701430292,0.1943359375,52.392778752,79888384
1220,3.928591012954712,0.0008418109412749294,0.1953125,52.392778752,79953920
1221,4.321575164794922,0.0008406747974204383,0.205078125,52.392778752,80019456
1222,4.2266130447387695,0.0008395391418559001,0.2099609375,52.392778752,80084992
1223,4.318245887756348,0.0008384039778562502,0.197265625,52.392778752,80150528
1224,4.131886959075928,0.0008372693086950078,0.1962890625,52.392778752,80216064
1225,4.292971611022949,0.0008361351376442638,0.1865234375,52.392778752,80281600
1226,4.171507358551025,0.000835001467974673,0.193359375,52.392778752,80347136
1227,4.413680076599121,0.0008338683029554458,0.201171875,52.392778752,80412672
1228,4.113387107849121,0.0008327356458543349,0.193359375,52.392778752,80478208
1229,3.9296393394470215,0.0008316034999376301,0.1923828125,52.392778752,80543744
1230,4.281718730926514,0.0008304718684701463,0.197265625,52.392778752,80609280
1231,4.111412048339844,0.0008293407547152153,0.2021484375,52.392778752,80674816
1232,4.1469597816467285,0.0008282101619346753,0.1962890625,52.392778752,80740352
1233,4.305966854095459,0.0008270800933888627,0.2109375,52.392778752,80805888
1234,4.131539344787598,0.0008259505523366022,0.20703125,52.392778752,80871424
1235,4.106777667999268,0.0008248215420351968,0.197265625,52.392778752,80936960
1236,4.212952136993408,0.0008236930657404195,0.2119140625,52.392778752,81002496
1237,4.254523277282715,0.0008225651267065033,0.2158203125,52.392778752,81068032
1238,3.975478410720825,0.0008214377281861314,0.212890625,52.392778752,81133568
1239,4.183876037597656,0.0008203108734304287,0.2060546875,52.392778752,81199104
1240,4.084776878356934,0.0008191845656889519,0.193359375,52.392778752,81264640
1241,3.911501407623291,0.0008180588082096807,0.203125,52.392778752,81330176
1242,4.209664344787598,0.0008169336042390073,0.21484375,52.392778752,81395712
1243,4.1176347732543945,0.0008158089570217277,0.19921875,52.392778752,81461248
1244,4.300735950469971,0.0008146848698010333,0.2109375,52.392778752,81526784
1245,4.300450325012207,0.0008135613458184996,0.2041015625,52.392778752,81592320
1246,4.180652618408203,0.0008124383883140782,0.2001953125,52.392778752,81657856
1247,4.194725036621094,0.0008113160005260876,0.2099609375,52.392778752,81723392
1248,4.218214988708496,0.0008101941856912027,0.2021484375,52.392778752,81788928
1249,3.987800121307373,0.0008090729470444463,0.2138671875,52.392778752,81854464
1250,3.879587173461914,0.0008079522878191803,0.197265625,52.392778752,81920000
1251,4.047057628631592,0.0008068322112470944,0.2041015625,52.392778752,81985536
1252,4.018935680389404,0.0008057127205581996,0.208984375,52.392778752,82051072
1253,3.7570652961730957,0.0008045938189808157,0.2119140625,52.392778752,82116608
1254,4.380584716796875,0.0008034755097415654,0.2314453125,52.392778752,82182144
1255,4.2285871505737305,0.0008023577960653619,0.232421875,52.392778752,82247680
1256,4.062049865722656,0.0008012406811754017,0.203125,52.392778752,82313216
1257,4.17232608795166,0.0008001241682931542,0.2060546875,52.392778752,82378752
1258,3.951882839202881,0.0007990082606383526,0.20703125,52.392778752,82444288
1259,4.197803020477295,0.0007978929614289857,0.189453125,52.392778752,82509824
1260,4.015134334564209,0.0007967782738812864,0.185546875,52.392778752,82575360
1261,4.195234298706055,0.0007956642012097248,0.2177734375,52.392778752,82640896
1262,3.946639060974121,0.0007945507466269971,0.1953125,52.392778752,82706432
1263,3.8756518363952637,0.0007934379133440178,0.201171875,52.392778752,82771968
1264,3.7419960498809814,0.0007923257045699092,0.1953125,52.392778752,82837504
1265,4.121776103973389,0.0007912141235119928,0.1845703125,52.392778752,82903040
1266,4.157459259033203,0.0007901031733757801,0.2041015625,52.392778752,82968576
1267,3.9112601280212402,0.0007889928573649625,0.189453125,52.392778752,83034112
1268,4.187281608581543,0.000787883178681404,0.1943359375,52.392778752,83099648
1269,4.195804119110107,0.0007867741405251301,0.205078125,52.392778752,83165184
1270,3.864140033721924,0.0007856657460943184,0.2197265625,52.392778752,83230720
1271,4.067058563232422,0.0007845579985852915,0.201171875,52.392778752,83296256
1272,4.059168815612793,0.0007834509011925055,0.22265625,52.392778752,83361792
1273,4.239676475524902,0.0007823444571085419,0.2021484375,52.392778752,83427328
1274,4.138338088989258,0.0007812386695240988,0.2041015625,52.392778752,83492864
1275,4.161689758300781,0.0007801335416279803,0.1884765625,52.392778752,83558400
1276,4.496879577636719,0.0007790290766070888,0.263671875,52.392778752,83623936
1277,4.199314594268799,0.0007779252776464146,0.1904296875,52.392778752,83689472
1278,4.127511978149414,0.0007768221479290279,0.185546875,52.392778752,83755008
1279,4.254970550537109,0.0007757196906360681,0.1953125,52.392778752,83820544
1280,4.363981246948242,0.0007746179089467365,0.1953125,52.392778752,83886080
1281,4.123918533325195,0.0007735168060382854,0.1953125,52.392778752,83951616
1282,4.049915313720703,0.0007724163850860098,0.1875,52.392778752,84017152
1283,3.807596206665039,0.0007713166492632384,0.19921875,52.392778752,84082688
1284,4.2598876953125,0.0007702176017413238,0.19140625,52.392778752,84148224
1285,3.936856508255005,0.000769119245689634,0.1953125,52.392778752,84213760
1286,4.161475658416748,0.0007680215842755431,0.1884765625,52.392778752,84279296
1287,3.948608160018921,0.0007669246206644214,0.1865234375,52.392778752,84344832
1288,4.128086566925049,0.0007658283580196277,0.1923828125,52.392778752,84410368
1289,4.064944267272949,0.0007647327995024989,0.2080078125,52.392778752,84475904
1290,4.111804008483887,0.0007636379482723415,0.20703125,52.392778752,84541440
1291,4.446263313293457,0.0007625438074864225,0.189453125,52.392778752,84606976
1292,4.129680633544922,0.0007614503802999599,0.1943359375,52.392778752,84672512
1293,4.113446235656738,0.0007603576698661142,0.203125,52.392778752,84738048
1294,4.021309852600098,0.0007592656793359787,0.1787109375,52.392778752,84803584
1295,4.025125503540039,0.0007581744118585707,0.20703125,52.392778752,84869120
1296,4.150409698486328,0.0007570838705808225,0.189453125,52.392778752,84934656
1297,4.024033069610596,0.0007559940586475723,0.1923828125,52.392778752,85000192
1298,4.032464981079102,0.0007549049792015547,0.1923828125,52.392778752,85065728
1299,3.9966273307800293,0.0007538166353833929,0.1953125,52.392778752,85131264
1300,3.993210554122925,0.0007527290303315872,0.1904296875,52.392778752,85196800
1301,4.0353498458862305,0.0007516421671825089,0.1865234375,52.392778752,85262336
1302,4.133195400238037,0.0007505560490703893,0.267578125,52.392778752,85327872
1303,4.022448539733887,0.0007494706791273114,0.19140625,52.392778752,85393408
1304,4.2409539222717285,0.0007483860604832001,0.2109375,52.392778752,85458944
1305,3.991159200668335,0.0007473021962658146,0.1962890625,52.392778752,85524480
1306,4.0786943435668945,0.0007462190896007378,0.1923828125,52.392778752,85590016
1307,3.8292715549468994,0.0007451367436113681,0.1875,52.392778752,85655552
1308,4.024842739105225,0.0007440551614189111,0.203125,52.392778752,85721088
1309,4.215236663818359,0.0007429743461423691,0.197265625,52.392778752,85786624
1310,3.9801652431488037,0.0007418943008985325,0.2001953125,52.392778752,85852160
1311,3.78798508644104,0.0007408150288019721,0.197265625,52.392778752,85917696
1312,4.131053447723389,0.0007397365329650282,0.1982421875,52.392778752,85983232
1313,3.901095390319824,0.0007386588164978031,0.2119140625,52.392778752,86048768
1314,3.852780342102051,0.0007375818825081516,0.1923828125,52.392778752,86114304
1315,4.216207981109619,0.0007365057341016716,0.2001953125,52.392778752,86179840
1316,4.171154022216797,0.0007354303743816964,0.2099609375,52.392778752,86245376
1317,4.288708686828613,0.000734355806449284,0.19140625,52.392778752,86310912
1318,3.8033499717712402,0.0007332820334032097,0.2177734375,52.392778752,86376448
1319,4.0292067527771,0.0007322090583399565,0.2138671875,52.392778752,86441984
1320,4.3301239013671875,0.0007311368843537057,0.19140625,52.392778752,86507520
1321,3.9489572048187256,0.0007300655145363292,0.2041015625,52.392778752,86573056
1322,4.2675018310546875,0.0007289949519773796,0.185546875,52.392778752,86638592
1323,3.9326884746551514,0.0007279251997640814,0.2138671875,52.392778752,86704128
1324,4.039801597595215,0.0007268562609813226,0.1865234375,52.392778752,86769664
1325,3.9708704948425293,0.0007257881387116452,0.203125,52.392778752,86835200
1326,4.093807220458984,0.0007247208360352368,0.1865234375,52.392778752,86900736
1327,3.9932286739349365,0.000723654356029921,0.181640625,52.392778752,86966272
1328,4.246127128601074,0.0007225887017711501,0.2041015625,52.392778752,87031808
1329,4.119459629058838,0.0007215238763319941,0.193359375,52.392778752,87097344
1330,3.9926865100860596,0.0007204598827831333,0.19921875,52.392778752,87162880
1331,4.1251678466796875,0.0007193967241928491,0.19921875,52.392778752,87228416
1332,4.064609527587891,0.0007183344036270153,0.1953125,52.392778752,87293952
1333,4.340728759765625,0.0007172729241490883,0.443359375,52.392778752,87359488
1334,4.067513465881348,0.0007162122888200999,0.21484375,52.392778752,87425024
1335,3.972341775894165,0.0007151525006986471,0.2138671875,52.392778752,87490560
1336,4.067695617675781,0.0007140935628408836,0.2060546875,52.392778752,87556096
1337,4.205672264099121,0.0007130354783005117,0.205078125,52.392778752,87621632
1338,4.104704856872559,0.0007119782501287728,0.201171875,52.392778752,87687168
1339,4.154301643371582,0.0007109218813744387,0.20703125,52.392778752,87752704
1340,4.427370548248291,0.0007098663750838023,0.21875,52.392778752,87818240
1341,3.9742982387542725,0.0007088117343006703,0.181640625,52.392778752,87883776
1342,4.255771636962891,0.0007077579620663533,0.21875,52.392778752,87949312
1343,4.078841209411621,0.0007067050614196563,0.205078125,52.392778752,88014848
1344,3.9088268280029297,0.0007056530353968722,0.197265625,52.392778752,88080384
1345,4.100515365600586,0.0007046018870317709,0.1826171875,52.392778752,88145920
1346,4.3115315437316895,0.0007035516193555917,0.19140625,52.392778752,88211456
1347,3.9578423500061035,0.0007025022353970336,0.197265625,52.392778752,88276992
1348,3.8113160133361816,0.0007014537381822486,0.2001953125,52.392778752,88342528
1349,4.164358139038086,0.0007004061307348296,0.2001953125,52.392778752,88408064
1350,4.033891677856445,0.0006993594160758053,0.1875,52.392778752,88473600
1351,3.9575397968292236,0.0006983135972236292,0.1923828125,52.392778752,88539136
1352,4.264616966247559,0.0006972686771941714,0.2080078125,52.392778752,88604672
1353,4.225921630859375,0.00069622465900071,0.1904296875,52.392778752,88670208
1354,4.181928634643555,0.0006951815456539227,0.2041015625,52.392778752,88735744
1355,4.1248626708984375,0.0006941393401618782,0.224609375,52.392778752,88801280
1356,3.82218599319458,0.000693098045530026,0.2021484375,52.392778752,88866816
1357,4.011475086212158,0.0006920576647611899,0.197265625,52.392778752,88932352
1358,4.332609176635742,0.0006910182008555583,0.1865234375,52.392778752,88997888
1359,4.102283000946045,0.0006899796568106757,0.1884765625,52.392778752,89063424
1360,4.087433338165283,0.0006889420356214328,0.189453125,52.392778752,89128960
1361,4.065791130065918,0.0006879053402800606,0.1904296875,52.392778752,89194496
1362,4.141961097717285,0.0006868695737761193,0.193359375,52.392778752,89260032
1363,3.8772873878479004,0.0006858347390964907,0.18359375,52.392778752,89325568
1364,4.0905561447143555,0.0006848008392253695,0.1923828125,52.392778752,89391104
1365,3.997941732406616,0.0006837678771442547,0.1923828125,52.392778752,89456640
1366,3.9340734481811523,0.0006827358558319414,0.1826171875,52.392778752,89522176
1367,4.0154008865356445,0.0006817047782645102,0.2080078125,52.392778752,89587712
1368,4.0276031494140625,0.0006806746474153227,0.19921875,52.392778752,89653248
1369,3.9754066467285156,0.0006796454662550081,0.1875,52.392778752,89718784
1370,4.106228828430176,0.0006786172377514578,0.193359375,52.392778752,89784320
1371,4.051265716552734,0.0006775899648698163,0.1806640625,52.392778752,89849856
1372,4.134615898132324,0.0006765636505724723,0.1923828125,52.392778752,89915392
1373,4.069844722747803,0.0006755382978190496,0.1953125,52.392778752,89980928
1374,4.291319847106934,0.0006745139095663996,0.2119140625,52.392778752,90046464
1375,4.1454315185546875,0.0006734904887685923,0.181640625,52.392778752,90112000
1376,4.192801475524902,0.0006724680383769076,0.201171875,52.392778752,90177536
1377,3.8385090827941895,0.0006714465613398271,0.2080078125,52.392778752,90243072
1378,4.315730094909668,0.0006704260606030259,0.201171875,52.392778752,90308608
1379,3.960270643234253,0.0006694065391093632,0.181640625,52.392778752,90374144
1380,4.052498817443848,0.0006683879997988744,0.18359375,52.392778752,90439680
1381,4.067511558532715,0.0006673704456087625,0.1875,52.392778752,90505216
1382,3.5224428176879883,0.0006663538794733902,0.181640625,52.392778752,90570752
1383,3.9453728199005127,0.0006653383043242698,0.1962890625,52.392778752,90636288
1384,4.064271926879883,0.0006643237230900572,0.1923828125,52.392778752,90701824
1385,4.006740570068359,0.0006633101386965411,0.1953125,52.392778752,90767360
1386,4.047179698944092,0.0006622975540666362,0.1904296875,52.392778752,90832896
1387,4.118795394897461,0.0006612859721203732,0.19140625,52.392778752,90898432
1388,3.925030469894409,0.0006602753957748927,0.1953125,52.392778752,90963968
1389,3.841303586959839,0.0006592658279444346,0.19140625,52.392778752,91029504
1390,4.082846641540527,0.0006582572715403302,0.1806640625,52.392778752,91095040
1391,3.7103798389434814,0.0006572497294709947,0.1884765625,52.392778752,91160576
1392,3.854499340057373,0.0006562432046419183,0.189453125,52.392778752,91226112
1393,4.129483699798584,0.000655237699955657,0.1845703125,52.392778752,91291648
1394,3.9212355613708496,0.0006542332183118257,0.177734375,52.392778752,91357184
1395,3.781792640686035,0.0006532297626070886,0.17578125,52.392778752,91422720
1396,3.8823351860046387,0.000652227335735152,0.1845703125,52.392778752,91488256
1397,3.6025400161743164,0.0006512259405867546,0.1962890625,52.392778752,91553792
1398,3.851381301879883,0.0006502255800496603,0.1875,52.392778752,91619328
1399,4.09004020690918,0.0006492262570086495,0.1865234375,52.392778752,91684864
1400,4.045036315917969,0.0006482279743455102,0.181640625,52.392778752,91750400
1401,4.0210442543029785,0.0006472307349390309,0.19921875,52.392778752,91815936
1402,4.210536479949951,0.0006462345416649913,0.203125,52.392778752,91881472
1403,3.7120895385742188,0.0006452393973961542,0.18359375,52.392778752,91947008
1404,4.10005521774292,0.0006442453050022574,0.1904296875,52.392778752,92012544
1405,4.042849540710449,0.0006432522673500056,0.19921875,52.392778752,92078080
1406,3.8266921043395996,0.0006422602873030621,0.1962890625,52.392778752,92143616
1407,4.059708118438721,0.000641269367722039,0.1884765625,52.392778752,92209152
1408,3.9075660705566406,0.0006402795114644922,0.197265625,52.392778752,92274688
1409,4.03046178817749,0.0006392907213849103,0.1875,52.392778752,92340224
1410,4.21191930770874,0.0006383030003347068,0.19140625,52.392778752,92405760
1411,3.919747829437256,0.0006373163511622132,0.1806640625,52.392778752,92471296
1412,3.942946434020996,0.0006363307767126699,0.177734375,52.392778752,92536832
1413,4.15125846862793,0.0006353462798282175,0.1826171875,52.392778752,92602368
1414,3.997972011566162,0.0006343628633478901,0.1787109375,52.392778752,92667904
1415,3.941849946975708,0.0006333805301076052,0.193359375,52.392778752,92733440
1416,3.8871893882751465,0.0006323992829401575,0.1845703125,52.392778752,92798976
1417,4.193375110626221,0.0006314191246752087,0.1796875,52.392778752,92864512
1418,4.099546432495117,0.0006304400581392812,0.1865234375,52.392778752,92930048
1419,4.080279350280762,0.000629462086155749,0.1806640625,52.392778752,92995584
1420,4.247143268585205,0.0006284852115448293,0.1875,52.392778752,93061120
1421,3.9785618782043457,0.0006275094371235752,0.18359375,52.392778752,93126656
1422,4.177752494812012,0.0006265347657058668,0.17578125,52.392778752,93192192
1423,4.155369281768799,0.000625561200102404,0.1943359375,52.392778752,93257728
1424,4.190804958343506,0.0006245887431206968,0.17578125,52.392778752,93323264
1425,4.2993035316467285,0.0006236173975650594,0.1845703125,52.392778752,93388800
1426,4.082023620605469,0.0006226471662366,0.19140625,52.392778752,93454336
1427,3.9042510986328125,0.0006216780519332139,0.177734375,52.392778752,93519872
1428,4.035402297973633,0.0006207100574495755,0.177734375,52.392778752,93585408
1429,3.9515042304992676,0.0006197431855771303,0.19140625,52.392778752,93650944
1430,3.7649834156036377,0.0006187774391040852,0.19140625,52.392778752,93716480
1431,4.2528076171875,0.0006178128208154024,0.19140625,52.392778752,93782016
1432,4.041484832763672,0.0006168493334927916,0.1767578125,52.392778752,93847552
1433,3.9368033409118652,0.0006158869799146992,0.1748046875,52.392778752,93913088
1434,4.061516284942627,0.0006149257628563041,0.1884765625,52.392778752,93978624
1435,3.944053888320923,0.0006139656850895062,0.1875,52.392778752,94044160
1436,3.866225242614746,0.0006130067493829215,0.1982421875,52.392778752,94109696
1437,4.00833797454834,0.0006120489585018711,0.1796875,52.392778752,94175232
1438,3.9054465293884277,0.0006110923152083755,0.2158203125,52.392778752,94240768
1439,4.323660850524902,0.0006101368222611462,0.201171875,52.392778752,94306304
1440,4.242493152618408,0.0006091824824155764,0.19921875,52.392778752,94371840
1441,4.078812122344971,0.0006082292984237348,0.1982421875,52.392778752,94437376
1442,3.950223207473755,0.0006072772730343568,0.177734375,52.392778752,94502912
1443,3.9841599464416504,0.0006063264089928368,0.1904296875,52.392778752,94568448
1444,4.083136558532715,0.0006053767090412195,0.193359375,52.392778752,94633984
1445,4.069419860839844,0.0006044281759181937,0.193359375,52.392778752,94699520
1446,4.03759765625,0.0006034808123590826,0.1962890625,52.392778752,94765056
1447,4.068922996520996,0.0006025346210958367,0.1845703125,52.392778752,94830592
1448,3.762782335281372,0.0006015896048570261,0.1826171875,52.392778752,94896128
1449,4.077315807342529,0.000600645766367833,0.205078125,52.392778752,94961664
1450,4.000713348388672,0.0005997031083500423,0.1796875,52.392778752,95027200
1451,3.6732380390167236,0.000598761633522035,0.1943359375,52.392778752,95092736
1452,3.8922581672668457,0.0005978213445987809,0.1806640625,52.392778752,95158272
1453,3.965567111968994,0.0005968822442918286,0.189453125,52.392778752,95223808
1454,3.9350900650024414,0.0005959443353093,0.1826171875,52.392778752,95289344
1455,4.220669746398926,0.0005950076203558811,0.1865234375,52.392778752,95354880
1456,4.293367385864258,0.0005940721021328153,0.1943359375,52.392778752,95420416
1457,3.7912440299987793,0.0005931377833378939,0.1845703125,52.392778752,95485952
1458,3.978830575942993,0.0005922046666654499,0.2041015625,52.392778752,95551488
1459,4.168868064880371,0.0005912727548063503,0.19921875,52.392778752,95617024
1460,4.008806228637695,0.0005903420504479864,0.1796875,52.392778752,95682560
1461,3.855926513671875,0.0005894125562742683,0.18359375,52.392778752,95748096
1462,3.936056613922119,0.0005884842749656162,0.1923828125,52.392778752,95813632
1463,3.786269187927246,0.0005875572091989526,0.201171875,52.392778752,95879168
1464,4.031877517700195,0.0005866313616476943,0.19921875,52.392778752,95944704
1465,3.94106388092041,0.0005857067349817457,0.1904296875,52.392778752,96010240
1466,3.771695613861084,0.0005847833318674904,0.201171875,52.392778752,96075776
1467,3.8824939727783203,0.0005838611549677828,0.1875,52.392778752,96141312
1468,4.009354591369629,0.000582940206941942,0.18359375,52.392778752,96206848
1469,3.890462875366211,0.0005820204904457438,0.1845703125,52.392778752,96272384
1470,3.927842855453491,0.0005811020081314112,0.1767578125,52.392778752,96337920
1471,4.074695587158203,0.0005801847626476093,0.1845703125,52.392778752,96403456
1472,4.071254253387451,0.0005792687566394362,0.1904296875,52.392778752,96468992
1473,4.052295684814453,0.0005783539927484149,0.1767578125,52.392778752,96534528
1474,3.943796396255493,0.0005774404736124878,0.1923828125,52.392778752,96600064
1475,4.016735076904297,0.0005765282018660067,0.1923828125,52.392778752,96665600
1476,3.8584342002868652,0.0005756171801397271,0.173828125,52.392778752,96731136
1477,3.926687717437744,0.0005747074110607987,0.18359375,52.392778752,96796672
1478,4.066170692443848,0.0005737988972527598,0.1806640625,52.392778752,96862208
1479,4.138154029846191,0.0005728916413355286,0.185546875,52.392778752,96927744
1480,4.178206443786621,0.0005719856459253954,0.1962890625,52.392778752,96993280
1481,4.366220951080322,0.0005710809136350162,0.1953125,52.392778752,97058816
1482,4.099208831787109,0.0005701774470734041,0.1865234375,52.392778752,97124352
1483,3.8530192375183105,0.0005692752488459225,0.189453125,52.392778752,97189888
1484,4.079153537750244,0.0005683743215542765,0.1884765625,52.392778752,97255424
1485,3.910074234008789,0.0005674746677965071,0.185546875,52.392778752,97320960
1486,3.942481279373169,0.0005665762901669824,0.201171875,52.392778752,97386496
1487,3.8799984455108643,0.0005656791912563898,0.1943359375,52.392778752,97452032
1488,4.130458831787109,0.0005647833736517301,0.1796875,52.392778752,97517568
1489,3.872897148132324,0.0005638888399363094,0.193359375,52.392778752,97583104
1490,3.9862444400787354,0.0005629955926897301,0.1943359375,52.392778752,97648640
1491,4.045876502990723,0.0005621036344878857,0.1787109375,52.392778752,97714176
1492,4.087481498718262,0.0005612129679029525,0.18359375,52.392778752,97779712
1493,3.7772843837738037,0.0005603235955033818,0.197265625,52.392778752,97845248
1494,3.967723846435547,0.0005594355198538925,0.1845703125,52.392778752,97910784
1495,3.814359188079834,0.0005585487435154645,0.1845703125,52.392778752,97976320
1496,4.163773536682129,0.0005576632690453312,0.189453125,52.392778752,98041856
1497,4.21985387802124,0.0005567790989969704,0.181640625,52.392778752,98107392
1498,3.667011022567749,0.0005558962359200997,0.177734375,52.392778752,98172928
1499,3.954178810119629,0.0005550146823606669,0.203125,52.392778752,98238464
1500,3.7499005794525146,0.0005541344408608439,0.1943359375,52.392778752,98304000
1501,4.065743446350098,0.0005532555139590187,0.1826171875,52.392778752,98369536
1502,3.849302291870117,0.0005523779041897883,0.1875,52.392778752,98435072
1503,4.037188529968262,0.0005515016140839521,0.1806640625,52.392778752,98500608
1504,4.099173545837402,0.0005506266461685028,0.1806640625,52.392778752,98566144
1505,3.821096181869507,0.0005497530029666211,0.1845703125,52.392778752,98631680
1506,4.003808975219727,0.0005488806869976677,0.1806640625,52.392778752,98697216
1507,4.132898807525635,0.0005480097007771748,0.1845703125,52.392778752,98762752
1508,3.894186019897461,0.000547140046816841,0.197265625,52.392778752,98828288
1509,4.148063659667969,0.0005462717276245231,0.1796875,52.392778752,98893824
1510,3.773099899291992,0.0005454047457042277,0.1796875,52.392778752,98959360
1511,4.009511947631836,0.0005445391035561062,0.1826171875,52.392778752,99024896
1512,3.892843246459961,0.0005436748036764457,0.181640625,52.392778752,99090432
1513,3.8987464904785156,0.0005428118485576632,0.185546875,52.392778752,99155968
1514,4.120662689208984,0.0005419502406882968,0.1875,52.392778752,99221504
1515,3.7523059844970703,0.0005410899825530001,0.1806640625,52.392778752,99287040
1516,4.133703231811523,0.0005402310766325351,0.1962890625,52.392778752,99352576
1517,3.87947940826416,0.0005393735254037629,0.193359375,52.392778752,99418112
1518,3.8008172512054443,0.0005385173313396389,0.1826171875,52.392778752,99483648
1519,4.033190727233887,0.0005376624969092048,0.1904296875,52.392778752,99549184
1520,3.8610382080078125,0.0005368090245775814,0.185546875,52.392778752,99614720
1521,3.9155025482177734,0.0005359569168059611,0.1767578125,52.392778752,99680256
1522,4.068114280700684,0.0005351061760516017,0.19140625,52.392778752,99745792
1523,4.023383140563965,0.0005342568047678193,0.1748046875,52.392778752,99811328
1524,3.910916566848755,0.0005334088054039796,0.1806640625,52.392778752,99876864
1525,3.987356424331665,0.0005325621804054932,0.1767578125,52.392778752,99942400
1526,3.8162994384765625,0.0005317169322138068,0.19921875,52.392778752,100007936
1527,3.828489303588867,0.0005308730632663973,0.1748046875,52.392778752,100073472
1528,3.7956933975219727,0.0005300305759967627,0.1806640625,52.392778752,100139008
1529,3.9396841526031494,0.0005291894728344191,0.185546875,52.392778752,100204544
1530,3.7494685649871826,0.0005283497562048888,0.185546875,52.392778752,100270080
1531,4.136998176574707,0.000527511428529697,0.181640625,52.392778752,100335616
1532,3.7614598274230957,0.0005266744922263633,0.1767578125,52.392778752,100401152
1533,3.9382948875427246,0.000525838949708395,0.1787109375,52.392778752,100466688
1534,4.073979377746582,0.0005250048033852794,0.181640625,52.392778752,100532224
1535,3.900796890258789,0.0005241720556624785,0.1796875,52.392778752,100597760
1536,3.8260765075683594,0.0005233407089414208,0.181640625,52.392778752,100663296
1537,4.112773418426514,0.000522510765619494,0.1884765625,52.392778752,100728832
1538,3.7763471603393555,0.0005216822280900397,0.20703125,52.392778752,100794368
1539,4.023497581481934,0.0005208550987423451,0.185546875,52.392778752,100859904
1540,3.9684600830078125,0.0005200293799616369,0.1865234375,52.392778752,100925440
1541,3.9742019176483154,0.0005192050741290733,0.1904296875,52.392778752,100990976
1542,4.104450225830078,0.0005183821836217388,0.1748046875,52.392778752,101056512
1543,3.947051525115967,0.0005175607108126362,0.18359375,52.392778752,101122048
1544,3.905341148376465,0.0005167406580706796,0.17578125,52.392778752,101187584
1545,4.021999359130859,0.0005159220277606885,0.1796875,52.392778752,101253120
1546,4.029482841491699,0.0005151048222433805,0.189453125,52.392778752,101318656
1547,4.164731025695801,0.0005142890438753643,0.1845703125,52.392778752,101384192
1548,3.8869130611419678,0.0005134746950091325,0.1748046875,52.392778752,101449728
1549,3.8431529998779297,0.0005126617779930567,0.1826171875,52.392778752,101515264
1550,3.7393112182617188,0.0005118502951713781,0.2021484375,52.392778752,101580800
1551,3.9609646797180176,0.000511040248884203,0.1796875,52.392778752,101646336
1552,3.599379777908325,0.0005102316414674945,0.173828125,52.392778752,101711872
1553,4.048490524291992,0.0005094244752530667,0.171875,52.392778752,101777408
1554,3.9436426162719727,0.0005086187525685775,0.181640625,52.392778752,101842944
1555,4.063515663146973,0.0005078144757375221,0.1845703125,52.392778752,101908480
1556,4.140341758728027,0.0005070116470792262,0.1904296875,52.392778752,101974016
1557,3.98079776763916,0.0005062102689088392,0.1787109375,52.392778752,102039552
1558,3.940746307373047,0.000505410343537328,0.185546875,52.392778752,102105088
1559,3.737607479095459,0.0005046118732714699,0.1923828125,52.392778752,102170624
1560,4.2895121574401855,0.0005038148604138459,0.185546875,52.392778752,102236160
1561,3.9209272861480713,0.0005030193072628342,0.18359375,52.392778752,102301696
1562,4.12095832824707,0.0005022252161126039,0.185546875,52.392778752,102367232
1563,4.086987495422363,0.0005014325892531076,0.185546875,52.392778752,102432768
1564,4.0838117599487305,0.0005006414289700755,0.1953125,52.392778752,102498304
1565,3.9816341400146484,0.0004998517375450088,0.1826171875,52.392778752,102563840
1566,3.734954357147217,0.0004990635172551726,0.1826171875,52.392778752,102629376
1567,4.182263374328613,0.0004982767703735899,0.1875,52.392778752,102694912
1568,4.307951927185059,0.000497491499169034,0.1845703125,52.392778752,102760448
1569,4.083366870880127,0.0004967077059060238,0.1806640625,52.392778752,102825984
1570,3.640399217605591,0.0004959253928448158,0.1787109375,52.392778752,102891520
1571,3.98952054977417,0.0004951445622413977,0.1875,52.392778752,102957056
1572,3.8916242122650146,0.0004943652163474823,0.1904296875,52.392778752,103022592
1573,3.9783594608306885,0.0004935873574105013,0.185546875,52.392778752,103088128
1574,3.8537206649780273,0.0004928109876735974,0.18359375,52.392778752,103153664
1575,3.946058750152588,0.0004920361093756202,0.1806640625,52.392778752,103219200
1576,3.9633843898773193,0.0004912627247511174,0.1708984375,52.392778752,103284736
1577,4.114068984985352,0.0004904908360303294,0.1796875,52.392778752,103350272
1578,3.7362313270568848,0.0004897204454391832,0.1689453125,52.392778752,103415808
1579,4.007833480834961,0.0004889515551992853,0.18359375,52.392778752,103481344
1580,3.87309193611145,0.0004881841675279158,0.1806640625,52.392778752,103546880
1581,3.964668035507202,0.00048741828463802153,0.1708984375,52.392778752,103612416
1582,4.122306823730469,0.0004866539087382101,0.1875,52.392778752,103677952
1583,4.005022048950195,0.00048589104203274335,0.173828125,52.392778752,103743488
1584,4.021347999572754,0.0004851296867215307,0.1796875,52.392778752,103809024
1585,4.0303635597229,0.00048436984500012343,0.177734375,52.392778752,103874560
1586,3.9186108112335205,0.0004836115190597081,0.1787109375,52.392778752,103940096
1587,4.039799690246582,0.0004828547110870998,0.177734375,52.392778752,104005632
1588,3.8846848011016846,0.00048209942326473624,0.181640625,52.392778752,104071168
1589,4.102221488952637,0.00048134565777067175,0.1689453125,52.392778752,104136704
1590,3.9923837184906006,0.00048059341677857066,0.18359375,52.392778752,104202240
1591,4.085568904876709,0.00047984270245770037,0.1923828125,52.392778752,104267776
1592,3.343709945678711,0.00047909351697292637,0.185546875,52.392778752,104333312
1593,4.224458694458008,0.00047834586248470554,0.18359375,52.392778752,104398848
1594,4.002188205718994,0.00047759974114907884,0.1787109375,52.392778752,104464384
1595,3.8982880115509033,0.00047685515511766707,0.19140625,52.392778752,104529920
1596,3.8575785160064697,0.00047611210653766297,0.181640625,52.392778752,104595456
1597,4.122265338897705,0.00047537059755182613,0.1767578125,52.392778752,104660992
1598,3.7965030670166016,0.0004746306302984757,0.1845703125,52.392778752,104726528
1599,3.8769888877868652,0.0004738922069114854,0.171875,52.392778752,104792064
1600,3.93499493598938,0.0004731553295202769,0.189453125,52.392778752,104857600
1601,3.7559075355529785,0.00047242000024981306,0.171875,52.392778752,104923136
1602,4.177943229675293,0.0004716862212205929,0.1796875,52.392778752,104988672
1603,4.0740275382995605,0.0004709539945486446,0.177734375,52.392778752,105054208
1604,4.024065017700195,0.0004702233223455205,0.1708984375,52.392778752,105119744
1605,3.9957852363586426,0.00046949420671828885,0.1767578125,52.392778752,105185280
1606,3.912875175476074,0.00046876664976953035,0.1826171875,52.392778752,105250816
1607,3.68365478515625,0.00046804065359733063,0.173828125,52.392778752,105316352
1608,4.071475028991699,0.0004673162202952737,0.17578125,52.392778752,105381888
1609,4.218716621398926,0.00046659335195243785,0.173828125,52.392778752,105447424
1610,3.8563036918640137,0.00046587205065338783,0.177734375,52.392778752,105512960
1611,3.9356865882873535,0.00046515231847816906,0.185546875,52.392778752,105578496
1612,3.9814600944519043,0.0004644341575023026,0.1767578125,52.392778752,105644032
1613,3.928710699081421,0.00046371756979677844,0.1865234375,52.392778752,105709568
1614,3.682906150817871,0.0004630025574280495,0.177734375,52.392778752,105775104
1615,4.160870552062988,0.0004622891224580257,0.17578125,52.392778752,105840640
1616,3.7740893363952637,0.00046157726694406886,0.173828125,52.392778752,105906176
1617,3.775770664215088,0.0004608669929389855,0.171875,52.392778752,105971712
1618,3.8821821212768555,0.00046015830249102133,0.1728515625,52.392778752,106037248
1619,3.9142584800720215,0.00045945119764385586,0.1865234375,52.392778752,106102784
1620,3.9577980041503906,0.00045874568043659616,0.1728515625,52.392778752,106168320
1621,3.7787294387817383,0.00045804175290377043,0.189453125,52.392778752,106233856
1622,4.071221828460693,0.00045733941707532325,0.17578125,52.392778752,106299392
1623,3.940647840499878,0.00045663867497660894,0.177734375,52.392778752,106364928
1624,3.6771931648254395,0.0004559395286283861,0.1640625,52.392778752,106430464
1625,3.9895005226135254,0.0004552419800468111,0.17578125,52.392778752,106496000
1626,4.006127834320068,0.0004545460312434332,0.1865234375,52.392778752,106561536
1627,3.883843421936035,0.00045385168422518824,0.1787109375,52.392778752,106627072
1628,3.936248540878296,0.00045315894099439243,0.1689453125,52.392778752,106692608
1629,3.846806526184082,0.00045246780354873814,0.1787109375,52.392778752,106758144
1630,4.085542678833008,0.0004517782738812863,0.1865234375,52.392778752,106823680
1631,3.9882733821868896,0.0004510903539804613,0.17578125,52.392778752,106889216
1632,4.231213569641113,0.0004504040458300459,0.1982421875,52.392778752,106954752
1633,4.07920503616333,0.00044971935140917477,0.189453125,52.392778752,107020288
1634,4.105697154998779,0.0004490362726923286,0.1953125,52.392778752,107085824
1635,3.922957420349121,0.0004483548116493296,0.171875,52.392778752,107151360
1636,3.762845993041992,0.0004476749702453343,0.173828125,52.392778752,107216896
1637,3.7482142448425293,0.0004469967504408293,0.1796875,52.392778752,107282432
1638,3.891981363296509,0.00044632015419162425,0.1845703125,52.392778752,107347968
1639,3.9966485500335693,0.0004456451834488471,0.1806640625,52.392778752,107413504
1640,3.8424649238586426,0.00044497184015893884,0.1865234375,52.392778752,107479040
1641,3.9532341957092285,0.00044430012626364625,0.1875,52.392778752,107544576
1642,3.9564435482025146,0.00044363004370001825,0.1845703125,52.392778752,107610112
1643,4.04466438293457,0.00044296159440039903,0.1845703125,52.392778752,107675648
1644,3.9032464027404785,0.00044229478029242294,0.162109375,52.392778752,107741184
1645,3.991853713989258,0.00044162960329900886,0.19921875,52.392778752,107806720
1646,3.8144917488098145,0.0004409660653383546,0.1787109375,52.392778752,107872256
1647,4.140883445739746,0.0004403041683239317,0.193359375,52.392778752,107937792
1648,4.055548191070557,0.00043964391416447907,0.177734375,52.392778752,108003328
1649,3.922757625579834,0.0004389853047639985,0.1826171875,52.392778752,108068864
1650,3.921034812927246,0.00043832834202174896,0.2578125,52.392778752,108134400
1651,3.6096134185791016,0.0004376730278322401,0.1748046875,52.392778752,108199936
1652,3.713160991668701,0.0004370193640852284,0.18359375,52.392778752,108265472
1653,3.977287769317627,0.0004363673526657105,0.1767578125,52.392778752,108331008
1654,4.018922805786133,0.0004357169954539177,0.2021484375,52.392778752,108396544
1655,4.22993803024292,0.00043506829432531183,0.185546875,52.392778752,108462080
1656,3.935023069381714,0.00043442125115057857,0.1982421875,52.392778752,108527616
1657,4.080459117889404,0.0004337758677956228,0.18359375,52.392778752,108593152
1658,3.829979419708252,0.0004331321461215622,0.1806640625,52.392778752,108658688
1659,3.987855911254883,0.00043249008798472324,0.1826171875,52.392778752,108724224
1660,4.0015482902526855,0.0004318496952366354,0.1767578125,52.392778752,108789760
1661,3.7671077251434326,0.0004312109697240246,0.1748046875,52.392778752,108855296
1662,3.9097962379455566,0.0004305739132888098,0.17578125,52.392778752,108920832
1663,4.184390544891357,0.0004299385277680965,0.17578125,52.392778752,108986368
1664,3.822950839996338,0.0004293048149941718,0.1875,52.392778752,109051904
1665,4.180857181549072,0.00042867277679449863,0.166015625,52.392778752,109117440
1666,4.134307384490967,0.00042804241499171125,0.177734375,52.392778752,109182976
1667,3.891359806060791,0.0004274137314036098,0.1826171875,52.392778752,109248512
1668,4.077700614929199,0.00042678672784315425,0.177734375,52.392778752,109314048
1669,3.796802043914795,0.0004261614061184603,0.1748046875,52.392778752,109379584
1670,3.914341449737549,0.00042553776803279397,0.1875,52.392778752,109445120
1671,3.721099376678467,0.00042491581538456525,0.193359375,52.392778752,109510656
1672,4.139031887054443,0.00042429554996732433,0.1826171875,52.392778752,109576192
1673,3.9823129177093506,0.0004236769735697557,0.17578125,52.392778752,109641728
1674,4.23851203918457,0.00042306008797567346,0.193359375,52.392778752,109707264
1675,3.7843017578125,0.00042244489496401523,0.1689453125,52.392778752,109772800
1676,4.1655473709106445,0.0004218313963088383,0.1787109375,52.392778752,109838336
1677,4.118686676025391,0.0004212195937793136,0.1787109375,52.392778752,109903872
1678,3.7258176803588867,0.0004206094891397207,0.173828125,52.392778752,109969408
1679,3.8982343673706055,0.0004200010841494433,0.19140625,52.392778752,110034944
1680,3.783937931060791,0.0004193943805629636,0.1796875,52.392778752,110100480
1681,3.9335503578186035,0.000418789380129857,0.1787109375,52.392778752,110166016
1682,3.8790907859802246,0.00041818608459478796,0.1669921875,52.392778752,110231552
1683,4.004698753356934,0.00041758449569750434,0.1708984375,52.392778752,110297088
1684,3.79099702835083,0.00041698461517283256,0.1767578125,52.392778752,110362624
1685,3.7458901405334473,0.00041638644475067204,0.1748046875,52.392778752,110428160
1686,3.9509453773498535,0.0004157899861559913,0.1826171875,52.392778752,110493696
1687,3.883261203765869,0.0004151952411088224,0.177734375,52.392778752,110559232
1688,4.113254070281982,0.00041460221132425527,0.181640625,52.392778752,110624768
1689,3.9202280044555664,0.0004140108985124341,0.181640625,52.392778752,110690304
1690,3.9174299240112305,0.00041342130437855196,0.177734375,52.392778752,110755840
1691,3.961758613586426,0.0004128334306228451,0.1826171875,52.392778752,110821376
1692,3.9679510593414307,0.00041224727894058875,0.1884765625,52.392778752,110886912
1693,3.5721116065979004,0.0004116628510220925,0.185546875,52.392778752,110952448
1694,3.9430885314941406,0.00041108014855269497,0.1806640625,52.392778752,111017984
1695,3.607239007949829,0.0004104991732127586,0.1650390625,52.392778752,111083520
1696,3.7062771320343018,0.0004099199266776656,0.1748046875,52.392778752,111149056
1697,3.4604105949401855,0.00040934241061781296,0.1865234375,52.392778752,111214592
1698,4.125718116760254,0.00040876662669860677,0.1875,52.392778752,111280128
1699,3.94606351852417,0.0004081925765804586,0.173828125,52.392778752,111345664
1700,3.6180005073547363,0.0004076202619187802,0.1728515625,52.392778752,111411200
1701,3.7846832275390625,0.0004070496843639785,0.18359375,52.392778752,111476736
1702,4.007102966308594,0.00040648084556145096,0.1787109375,52.392778752,111542272
1703,4.071483135223389,0.0004059137471515813,0.1689453125,52.392778752,111607808
1704,4.008081436157227,0.0004053483907697343,0.1748046875,52.392778752,111673344
1705,4.226058006286621,0.0004047847780462507,0.1728515625,52.392778752,111738880
1706,4.012085914611816,0.0004042229106064436,0.18359375,52.392778752,111804416
1707,3.9030890464782715,0.0004036627900705929,0.1796875,52.392778752,111869952
1708,3.87483811378479,0.0004031044180539411,0.17578125,52.392778752,111935488
1709,3.726289987564087,0.00040254779616668765,0.1796875,52.392778752,112001024
1710,3.822542190551758,0.0004019929260139864,0.17578125,52.392778752,112066560
1711,3.985675811767578,0.00040143980919593835,0.1728515625,52.392778752,112132096
1712,3.978022336959839,0.00040088844730758915,0.171875,52.392778752,112197632
1713,3.65236759185791,0.0004003388419389233,0.171875,52.392778752,112263168
1714,3.6464898586273193,0.0003997909946748604,0.169921875,52.392778752,112328704
1715,4.038398742675781,0.0003992449070952494,0.1767578125,52.392778752,112394240
1716,3.759687662124634,0.00039870058077486536,0.181640625,52.392778752,112459776
1717,3.876621961593628,0.0003981580172834043,0.1787109375,52.392778752,112525312
1718,3.9066879749298096,0.0003976172181854783,0.177734375,52.392778752,112590848
1719,3.7847089767456055,0.00039707818504061194,0.1826171875,52.392778752,112656384
1720,3.7210357189178467,0.0003965409194032366,0.173828125,52.392778752,112721920
1721,3.717170000076294,0.00039600542282268745,0.18359375,52.392778752,112787456
1722,3.8632638454437256,0.0003954716968431973,0.1875,52.392778752,112852992
1723,3.9853734970092773,0.0003949397430038935,0.1708984375,52.392778752,112918528
1724,3.7920801639556885,0.0003944095628387931,0.1875,52.392778752,112984064
1725,3.9951276779174805,0.00039388115787679785,0.1708984375,52.392778752,113049600
1726,3.7568678855895996,0.0003933545296416907,0.177734375,52.392778752,113115136
1727,3.9729692935943604,0.0003928296796521308,0.1796875,52.392778752,113180672
1728,4.010743141174316,0.0003923066094216495,0.1806640625,52.392778752,113246208
1729,3.7965340614318848,0.0003917853204586453,0.171875,52.392778752,113311744
1730,3.942521810531616,0.00039126581426638095,0.1767578125,52.392778752,113377280
1731,3.907200574874878,0.0003907480923429768,0.1875,52.392778752,113442816
1732,3.8793222904205322,0.0003902321561814089,0.1787109375,52.392778752,113508352
1733,3.7754299640655518,0.0003897180072695033,0.1748046875,52.392778752,113573888
1734,3.8097004890441895,0.00038920564708993215,0.1708984375,52.392778752,113639424
1735,3.8065366744995117,0.00038869507712020903,0.17578125,52.392778752,113704960
1736,3.937936305999756,0.00038818629883268527,0.1923828125,52.392778752,113770496
1737,3.68688702583313,0.00038767931369454575,0.1708984375,52.392778752,113836032
1738,3.867870330810547,0.0003871741231678038,0.16796875,52.392778752,113901568
1739,3.9411678314208984,0.0003866707287092978,0.171875,52.392778752,113967104
1740,3.8797264099121094,0.0003861691317706869,0.1640625,52.392778752,114032640
1741,3.988892078399658,0.00038566933379844667,0.1748046875,52.392778752,114098176
1742,3.992443561553955,0.0003851713362338644,0.1708984375,52.392778752,114163712
1743,3.8947458267211914,0.00038467514051303617,0.171875,52.392778752,114229248
1744,3.7131497859954834,0.0003841807480668617,0.177734375,52.392778752,114294784
1745,3.7984330654144287,0.0003836881603210402,0.1845703125,52.392778752,114360320
1746,3.764577627182007,0.0003831973786960673,0.169921875,52.392778752,114425856
1747,3.808316230773926,0.0003827084046072297,0.1689453125,52.392778752,114491392
1748,3.7108774185180664,0.000382221239464602,0.18359375,52.392778752,114556928
1749,3.8205204010009766,0.0003817358846730416,0.1787109375,52.392778752,114622464
1750,4.140476226806641,0.0003812523416321863,0.181640625,52.392778752,114688000
1751,3.9957754611968994,0.0003807706117364487,0.18359375,52.392778752,114753536
1752,3.7761118412017822,0.0003802906963750126,0.177734375,52.392778752,114819072
1753,3.929156541824341,0.00037981259693182953,0.177734375,52.392778752,114884608
1754,3.684739351272583,0.0003793363147856143,0.1806640625,52.392778752,114950144
1755,3.8480730056762695,0.00037886185130984085,0.177734375,52.392778752,115015680
1756,4.041745662689209,0.0003783892078727389,0.18359375,52.392778752,115081216
1757,4.011596202850342,0.0003779183858372896,0.181640625,52.392778752,115146752
1758,3.9505791664123535,0.0003774493865612212,0.169921875,52.392778752,115212288
1759,4.2389373779296875,0.0003769822113970062,0.1806640625,52.392778752,115277824
1760,3.8434066772460938,0.0003765168616918565,0.197265625,52.392778752,115343360
1761,3.9390742778778076,0.00037605333878772005,0.1884765625,52.392778752,115408896
1762,3.8692281246185303,0.0003755916440212763,0.1806640625,52.392778752,115474432
1763,4.01700496673584,0.00037513177872393344,0.1787109375,52.392778752,115539968
1764,3.5816636085510254,0.0003746737442218237,0.1826171875,52.392778752,115605504
1765,3.622854471206665,0.0003742175418357996,0.169921875,52.392778752,115671040
1766,3.84645414352417,0.0003737631728814304,0.189453125,52.392778752,115736576
1767,3.9160261154174805,0.0003733106386689985,0.181640625,52.392778752,115802112
1768,3.8438472747802734,0.0003728599405034952,0.1748046875,52.392778752,115867648
1769,3.968900442123413,0.0003724110796846166,0.1865234375,52.392778752,115933184
1770,3.7538599967956543,0.00037196405750676136,0.1708984375,52.392778752,115998720
1771,3.820169448852539,0.00037151887525902535,0.18359375,52.392778752,116064256
1772,4.024670124053955,0.00037107553422519843,0.1904296875,52.392778752,116129792
1773,3.7573189735412598,0.00037063403568376134,0.16796875,52.392778752,116195328
1774,3.737546920776367,0.0003701943809078814,0.171875,52.392778752,116260864
1775,3.9645299911499023,0.00036975657116540854,0.185546875,52.392778752,116326400
1776,3.767467737197876,0.0003693206077188729,0.197265625,52.392778752,116391936
1777,3.7926857471466064,0.00036888649182547967,0.1806640625,52.392778752,116457472
1778,3.5683605670928955,0.0003684542247371066,0.17578125,52.392778752,116523008
1779,4.280026912689209,0.00036802380770029964,0.2294921875,52.392778752,116588544
1780,3.9692416191101074,0.0003675952419562701,0.1826171875,52.392778752,116654080
1781,3.9379830360412598,0.0003671685287408903,0.1728515625,52.392778752,116719616
1782,3.831230640411377,0.00036674366928469027,0.1767578125,52.392778752,116785152
1783,3.651685953140259,0.0003663206648128546,0.1748046875,52.392778752,116850688
1784,3.9882428646087646,0.00036589951654521853,0.171875,52.392778752,116916224
1785,3.8481926918029785,0.00036548022569626425,0.1689453125,52.392778752,116981760
1786,3.798274040222168,0.00036506279347511784,0.19921875,52.392778752,117047296
1787,4.129854202270508,0.00036464722108554555,0.1748046875,52.392778752,117112832
1788,3.859011650085449,0.00036423350972595024,0.177734375,52.392778752,117178368
1789,3.723020553588867,0.0003638216605893681,0.171875,52.392778752,117243904
1790,3.8089261054992676,0.00036341167486346525,0.1748046875,52.392778752,117309440
1791,4.002047538757324,0.0003630035537305344,0.1708984375,52.392778752,117374976
1792,3.6348376274108887,0.00036259729836749064,0.1767578125,52.392778752,117440512
1793,3.8692140579223633,0.00036219290994586915,0.1708984375,52.392778752,117506048
1794,4.028999328613281,0.0003617903896318214,0.1787109375,52.392778752,117571584
1795,3.8662972450256348,0.00036138973858611126,0.1640625,52.392778752,117637120
1796,3.992938280105591,0.00036099095796411255,0.17578125,52.392778752,117702656
1797,3.7055211067199707,0.00036059404891580505,0.1845703125,52.392778752,117768192
1798,3.8956995010375977,0.0003601990125857717,0.16796875,52.392778752,117833728
1799,3.781813859939575,0.00035980585011319435,0.1708984375,52.392778752,117899264
1800,3.6394169330596924,0.0003594145626318519,0.177734375,52.392778752,117964800
1801,3.788896083831787,0.00035902515127011597,0.1728515625,52.392778752,118030336
1802,3.8353981971740723,0.00035863761715094767,0.1689453125,52.392778752,118095872
1803,3.997990608215332,0.000358251961391895,0.1787109375,52.392778752,118161408
1804,3.826798439025879,0.000357868185105089,0.1748046875,52.392778752,118226944
1805,3.9646730422973633,0.00035748628939724105,0.1806640625,52.392778752,118292480
1806,4.005182266235352,0.0003571062753696391,0.189453125,52.392778752,118358016
1807,3.8983120918273926,0.0003567281441181452,0.177734375,52.392778752,118423552
1808,3.9811220169067383,0.00035635189673319175,0.177734375,52.392778752,118489088
1809,3.9388227462768555,0.0003559775342997783,0.1748046875,52.392778752,118554624
1810,3.8820223808288574,0.0003556050578974693,0.1796875,52.392778752,118620160
1811,3.900104522705078,0.00035523446860039016,0.1748046875,52.392778752,118685696
1812,3.7476067543029785,0.00035486576747722397,0.1865234375,52.392778752,118751232
1813,3.857128620147705,0.00035449895559120916,0.18359375,52.392778752,118816768
1814,3.747476577758789,0.0003541340340001362,0.189453125,52.392778752,118882304
1815,3.976595401763916,0.0003537710037563441,0.1689453125,52.392778752,118947840
1816,3.714672565460205,0.0003534098659067179,0.1728515625,52.392778752,119013376
1817,3.9333536624908447,0.00035305062149268565,0.1650390625,52.392778752,119078912
1818,3.869774341583252,0.0003526932715502149,0.169921875,52.392778752,119144448
1819,4.03574800491333,0.0003523378171098101,0.1787109375,52.392778752,119209984
1820,3.8844728469848633,0.0003519842591965097,0.1748046875,52.392778752,119275520
1821,4.050573825836182,0.00035163259882988314,0.1689453125,52.392778752,119341056
1822,3.972196102142334,0.00035128283702402747,0.173828125,52.392778752,119406592
1823,3.883420705795288,0.00035093497478756497,0.171875,52.392778752,119472128
1824,3.3361947536468506,0.0003505890131236402,0.1728515625,52.392778752,119537664
1825,3.994722843170166,0.0003502449530299169,0.18359375,52.392778752,119603200
1826,3.938870906829834,0.0003499027954985751,0.1728515625,52.392778752,119668736
1827,3.824030637741089,0.00034956254151630807,0.1689453125,52.392778752,119734272
1828,3.5415234565734863,0.0003492241920643203,0.17578125,52.392778752,119799808
1829,3.857597827911377,0.00034888774811832373,0.1806640625,52.392778752,119865344
1830,4.067317008972168,0.0003485532106485353,0.1875,52.392778752,119930880
1831,3.792086124420166,0.0003482205806196747,0.173828125,52.392778752,119996416
1832,3.89597749710083,0.0003478898589909601,0.1708984375,52.392778752,120061952
1833,4.063930511474609,0.00034756104671610703,0.1669921875,52.392778752,120127488
1834,3.968008041381836,0.0003472341447433251,0.1708984375,52.392778752,120193024
1835,3.8440542221069336,0.0003469091540153144,0.18359375,52.392778752,120258560
1836,3.638340950012207,0.00034658607546926394,0.1708984375,52.392778752,120324096
1837,3.881633996963501,0.00034626491003684866,0.17578125,52.392778752,120389632
1838,4.044027328491211,0.0003459456586442261,0.1650390625,52.392778752,120455168
1839,3.891770839691162,0.0003456283222120344,0.171875,52.392778752,120520704
1840,3.7366530895233154,0.00034531290165538975,0.1728515625,52.392778752,120586240
1841,3.9001097679138184,0.0003449993978838831,0.166015625,52.392778752,120651776
1842,3.7532801628112793,0.0003446878118015778,0.1962890625,52.392778752,120717312
1843,3.9903182983398438,0.0003443781443070074,0.1748046875,52.392778752,120782848
1844,3.763484477996826,0.0003440703962931728,0.189453125,52.392778752,120848384
1845,3.7782373428344727,0.0003437645686475392,0.171875,52.392778752,120913920
1846,3.673971652984619,0.00034346066225203427,0.173828125,52.392778752,120979456
1847,3.7013278007507324,0.00034315867798304507,0.189453125,52.392778752,121044992
1848,4.027896881103516,0.0003428586167114161,0.185546875,52.392778752,121110528
1849,4.091120719909668,0.000342560479302446,0.19140625,52.392778752,121176064
1850,3.9020771980285645,0.0003422642666158858,0.1748046875,52.392778752,121241600
1851,3.868863105773926,0.0003419699795059362,0.16796875,52.392778752,121307136
1852,3.8218488693237305,0.00034167761882124455,0.1806640625,52.392778752,121372672
1853,3.874711036682129,0.0003413871854049034,0.1708984375,52.392778752,121438208
1854,3.8624324798583984,0.0003410986800944474,0.1787109375,52.392778752,121503744
1855,3.8383963108062744,0.00034081210372185106,0.1669921875,52.392778752,121569280
1856,3.9393601417541504,0.00034052745711352604,0.1953125,52.392778752,121634816
1857,3.6818907260894775,0.0003402447410903195,0.1767578125,52.392778752,121700352
1858,3.6866397857666016,0.00033996395646751113,0.177734375,52.392778752,121765888
1859,3.9641222953796387,0.0003396851040548107,0.173828125,52.392778752,121831424
1860,3.9368746280670166,0.0003394081846563565,0.1796875,52.392778752,121896960
1861,3.840578556060791,0.0003391331990707121,0.17578125,52.392778752,121962496
1862,4.05037784576416,0.00033886014809086446,0.1708984375,52.392778752,122028032
1863,4.029236316680908,0.000338589032504222,0.1787109375,52.392778752,122093568
1864,3.5685038566589355,0.00033831985309261154,0.16796875,52.392778752,122159104
1865,3.8893017768859863,0.00033805261063227693,0.17578125,52.392778752,122224640
1866,3.7397894859313965,0.0003377873058938757,0.1826171875,52.392778752,122290176
1867,3.8984179496765137,0.00033752393964247814,0.1806640625,52.392778752,122355712
1868,3.9687604904174805,0.00033726251263756425,0.1708984375,52.392778752,122421248
1869,3.9154491424560547,0.0003370030256330214,0.18359375,52.392778752,122486784
1870,3.884244203567505,0.000336745479377143,0.1728515625,52.392778752,122552320
1871,3.956799030303955,0.00033648987461262563,0.177734375,52.392778752,122617856
1872,3.900860071182251,0.00033623621207656704,0.1708984375,52.392778752,122683392
1873,3.9252164363861084,0.0003359844925004642,0.1640625,52.392778752,122748928
1874,3.8616764545440674,0.00033573471661021113,0.1669921875,52.392778752,122814464
1875,3.9675512313842773,0.0003354868851260966,0.177734375,52.392778752,122880000
1876,3.635183095932007,0.0003352409987628023,0.1708984375,52.392778752,122945536
1877,3.827760696411133,0.0003349970582294007,0.205078125,52.392778752,123011072
1878,3.509979724884033,0.0003347550642293531,0.1708984375,52.392778752,123076608
1879,3.8663077354431152,0.0003345150174605074,0.1640625,52.392778752,123142144
1880,3.6696181297302246,0.0003342769186150961,0.166015625,52.392778752,123207680
1881,3.920435905456543,0.00033404076837973453,0.1669921875,52.392778752,123273216
1882,3.97344970703125,0.0003338065674354188,0.171875,52.392778752,123338752
1883,3.7607321739196777,0.0003335743164575236,0.169921875,52.392778752,123404288
1884,4.2949628829956055,0.0003333440161158004,0.177734375,52.392778752,123469824
1885,3.987095594406128,0.00033311566707437587,0.1689453125,52.392778752,123535360
1886,3.7605419158935547,0.00033288926999174907,0.166015625,52.392778752,123600896
1887,3.847489356994629,0.0003326648255207907,0.1669921875,52.392778752,123666432
1888,3.884340286254883,0.0003324423343087403,0.1748046875,52.392778752,123731968
1889,3.861968994140625,0.0003322217969972049,0.1708984375,52.392778752,123797504
1890,3.918458938598633,0.0003320032142221566,0.169921875,52.392778752,123863040
1891,3.888455390930176,0.00033178658661393184,0.1796875,52.392778752,123928576
1892,3.706528663635254,0.0003315719147972281,0.16796875,52.392778752,123994112
1893,3.936250925064087,0.0003313591993911033,0.1748046875,52.392778752,124059648
1894,3.605652093887329,0.00033114844100897345,0.173828125,52.392778752,124125184
1895,4.086556434631348,0.0003309396402586112,0.1806640625,52.392778752,124190720
1896,3.8565216064453125,0.00033073279774214353,0.1708984375,52.392778752,124256256
1897,3.9964637756347656,0.0003305279140560507,0.1787109375,52.392778752,124321792
1898,3.9534099102020264,0.00033032498979116413,0.1748046875,52.392778752,124387328
1899,3.780259847640991,0.0003301240255326647,0.1689453125,52.392778752,124452864
1900,3.7810792922973633,0.0003299250218600812,0.439453125,52.392778752,124518400
1901,4.0261616706848145,0.0003297279793472885,0.1748046875,52.392778752,124583936
1902,3.7312917709350586,0.00032953289856250636,0.169921875,52.392778752,124649472
1903,4.010344505310059,0.00032933978006829685,0.17578125,52.392778752,124715008
1904,3.766904354095459,0.0003291486244215638,0.1796875,52.392778752,124780544
1905,3.9326860904693604,0.0003289594321735503,0.1845703125,52.392778752,124846080
1906,3.59183669090271,0.0003287722038698379,0.1806640625,52.392778752,124911616
1907,3.7634830474853516,0.00032858694005034433,0.177734375,52.392778752,124977152
1908,3.5677034854888916,0.0003284036412493225,0.1806640625,52.392778752,125042688
1909,3.717784881591797,0.0003282223079953585,0.181640625,52.392778752,125108224
1910,4.036409854888916,0.00032804294081137034,0.181640625,52.392778752,125173760
1911,3.5464329719543457,0.0003278655402146066,0.171875,52.392778752,125239296
1912,3.8143460750579834,0.00032769010671664437,0.173828125,52.392778752,125304832
1913,3.934864044189453,0.0003275166408233886,0.1748046875,52.392778752,125370368
1914,4.0387282371521,0.0003273451430350697,0.171875,52.392778752,125435904
1915,4.11570405960083,0.00032717561384624285,0.2333984375,52.392778752,125501440
1916,3.773341178894043,0.0003270080537457863,0.1787109375,52.392778752,125566976
1917,3.5226733684539795,0.00032684246321689983,0.1806640625,52.392778752,125632512
1918,3.999922037124634,0.0003266788427371037,0.2099609375,52.392778752,125698048
1919,3.854581117630005,0.00032651719277823675,0.16796875,52.392778752,125763584
1920,3.770350694656372,0.0003263575138064556,0.17578125,52.392778752,125829120
1921,3.800374984741211,0.00032619980628223303,0.173828125,52.392778752,125894656
1922,3.7762861251831055,0.0003260440706603566,0.1748046875,52.392778752,125960192
1923,4.05128288269043,0.00032589030738992727,0.169921875,52.392778752,126025728
1924,3.820021390914917,0.0003257385169143587,0.166015625,52.392778752,126091264
1925,3.8140268325805664,0.000325588699671375,0.1806640625,52.392778752,126156800
1926,3.7440807819366455,0.00032544085609301037,0.171875,52.392778752,126222336
1927,4.064688205718994,0.00032529498660560717,0.1748046875,52.392778752,126287872
1928,3.7907214164733887,0.00032515109162981537,0.1787109375,52.392778752,126353408
1929,3.983238458633423,0.00032500917158059074,0.173828125,52.392778752,126418944
1930,3.819319248199463,0.00032486922686719363,0.1669921875,52.392778752,126484480
1931,3.7842724323272705,0.00032473125789318844,0.1669921875,52.392778752,126550016
1932,3.983705997467041,0.000324595265056442,0.16796875,52.392778752,126615552
1933,4.084002494812012,0.0003244612487491222,0.1748046875,52.392778752,126681088
1934,3.9222822189331055,0.0003243292093576974,0.1689453125,52.392778752,126746624
1935,4.001485824584961,0.0003241991472629349,0.173828125,52.392778752,126812160
1936,3.8928534984588623,0.00032407106283990005,0.185546875,52.392778752,126877696
1937,3.9769484996795654,0.00032394495645795505,0.17578125,52.392778752,126943232
1938,3.9665679931640625,0.0003238208284807581,0.1806640625,52.392778752,127008768
1939,3.7125473022460938,0.000323698679266262,0.1796875,52.392778752,127074304
1940,3.9439218044281006,0.0003235785091667134,0.1767578125,52.392778752,127139840
1941,3.8606925010681152,0.0003234603185286516,0.166015625,52.392778752,127205376
1942,4.306027889251709,0.0003233441076929079,0.185546875,52.392778752,127270912
1943,3.900521755218506,0.0003232298769946042,0.1728515625,52.392778752,127336448
1944,3.8447656631469727,0.000323117626763152,0.17578125,52.392778752,127401984
1945,3.8060615062713623,0.000323007357322252,0.171875,52.392778752,127467520
1946,3.8437671661376953,0.0003228990689898927,0.1611328125,52.392778752,127533056
1947,4.050797462463379,0.0003227927620783494,0.173828125,52.392778752,127598592
1948,4.386797904968262,0.0003226884368941837,0.1767578125,52.392778752,127664128
1949,3.9317564964294434,0.00032258609373824257,0.1748046875,52.392778752,127729664
1950,3.938443183898926,0.00032248573290565675,0.19140625,52.392778752,127795200
1951,3.8573079109191895,0.00032238735468584107,0.1865234375,52.392778752,127860736
1952,3.772197961807251,0.00032229095936249285,0.1728515625,52.392778752,127926272
1953,4.0862956047058105,0.000322196547213591,0.171875,52.392778752,127991808
1954,3.8818631172180176,0.0003221041185113958,0.1748046875,52.392778752,128057344
1955,3.7283318042755127,0.00032201367352244773,0.1826171875,52.392778752,128122880
1956,3.5562584400177,0.00032192521250756637,0.17578125,52.392778752,128188416
1957,3.9818825721740723,0.0003218387357218506,0.17578125,52.392778752,128253952
1958,3.8399500846862793,0.0003217542434146769,0.173828125,52.392778752,128319488
1959,3.6932029724121094,0.0003216717358296993,0.1767578125,52.392778752,128385024
1960,3.8682034015655518,0.00032159121320484823,0.1806640625,52.392778752,128450560
1961,3.996987819671631,0.0003215126757723299,0.1875,52.392778752,128516096
1962,3.938647747039795,0.000321436123758626,0.1689453125,52.392778752,128581632
1963,3.7346067428588867,0.0003213615573844926,0.1728515625,52.392778752,128647168
1964,3.9632747173309326,0.00032128897686495994,0.1708984375,52.392778752,128712704
1965,4.130858421325684,0.0003212183824093313,0.181640625,52.392778752,128778240
1966,3.97040057182312,0.0003211497742211828,0.171875,52.392778752,128843776
1967,4.105499744415283,0.00032108315249836257,0.1787109375,52.392778752,128909312
1968,3.943408489227295,0.00032101851743299045,0.1787109375,52.392778752,128974848
1969,4.009163856506348,0.0003209558692114572,0.1787109375,52.392778752,129040384
1970,3.6637072563171387,0.00032089520801442407,0.201171875,52.392778752,129105920
1971,3.9927172660827637,0.0003208365340168221,0.1708984375,52.392778752,129171456
1972,3.9281671047210693,0.00032077984738785204,0.1669921875,52.392778752,129236992
1973,3.937084674835205,0.00032072514829098323,0.173828125,52.392778752,129302528
1974,4.127851486206055,0.0003206724368839538,0.173828125,52.392778752,129368064
1975,3.805152654647827,0.0003206217133187699,0.1708984375,52.392778752,129433600
1976,3.6776363849639893,0.00032057297774170474,0.1787109375,52.392778752,129499136
1977,3.7637152671813965,0.0003205262302932994,0.166015625,52.392778752,129564672
1978,3.92492938041687,0.0003204814711083613,0.1611328125,52.392778752,129630208
1979,3.716538667678833,0.0003204387003159644,0.1689453125,52.392778752,129695744
1980,3.866586208343506,0.00032039791803944843,0.1689453125,52.392778752,129761280
1981,3.8969967365264893,0.00032035912439641893,0.1650390625,52.392778752,129826816
1982,3.928007125854492,0.0003203223194987467,0.1669921875,52.392778752,129892352
1983,4.041337013244629,0.0003202875034525676,0.177734375,52.392778752,129957888
1984,3.4401776790618896,0.00032025467635828206,0.1640625,52.392778752,130023424
1985,4.05428409576416,0.0003202238383105548,0.1669921875,52.392778752,130088960
1986,3.6831822395324707,0.00032019498939831484,0.162109375,52.392778752,130154496
1987,3.804001569747925,0.00032016812970475487,0.1728515625,52.392778752,130220032
1988,3.7688651084899902,0.00032014325930733136,0.169921875,52.392778752,130285568
1989,3.968825340270996,0.0003201203782777641,0.169921875,52.392778752,130351104
1990,3.987949848175049,0.00032009948668203594,0.16796875,52.392778752,130416640
1991,3.671461820602417,0.0003200805845803929,0.173828125,52.392778752,130482176
1992,3.804959535598755,0.0003200636720273438,0.177734375,52.392778752,130547712
1993,3.6093811988830566,0.0003200487490716599,0.1845703125,52.392778752,130613248
1994,3.7879815101623535,0.0003200358157563752,0.1767578125,52.392778752,130678784
1995,3.71767258644104,0.00032002487211878607,0.162109375,52.392778752,130744320
1996,3.7606401443481445,0.000320015918190451,0.169921875,52.392778752,130809856
1997,4.0063042640686035,0.00032000895399719097,0.16796875,52.392778752,130875392
1998,3.7066922187805176,0.0003200039795590888,0.1728515625,52.392778752,130940928
1999,4.097185134887695,0.0003200009948904894,0.1748046875,52.392778752,131006464
2000,3.6605491638183594,0.00032,0.169921875,52.392778752,131072000
