step,loss,lr,grad_norm,peak_mem_gb,tok_seen
1,12.123588562011719,2.6666666666666664e-06,4.78125,50.008549888,65536
2,12.101608276367188,5.333333333333333e-06,4.875,52.392778752,131072
3,12.085662841796875,8e-06,5.3125,52.392778752,196608
4,12.125375747680664,1.0666666666666666e-05,5.09375,52.392778752,262144
5,12.147607803344727,1.3333333333333333e-05,5.0625,52.392778752,327680
6,12.103961944580078,1.6e-05,4.6875,52.392778752,393216
7,12.000554084777832,1.8666666666666665e-05,5.15625,52.392778752,458752
8,11.957195281982422,2.133333333333333e-05,4.84375,52.392778752,524288
9,11.808435440063477,2.3999999999999997e-05,5.53125,52.392778752,589824
10,11.792116165161133,2.6666666666666667e-05,5.0625,52.392778752,655360
11,11.574798583984375,2.9333333333333333e-05,4.90625,52.392778752,720896
12,11.566201210021973,3.2e-05,5.25,52.392778752,786432
13,11.380603790283203,3.4666666666666665e-05,4.90625,52.392778752,851968
14,11.346590042114258,3.733333333333333e-05,4.25,52.392778752,917504
15,11.073022842407227,3.9999999999999996e-05,3.90625,52.392778752,983040
16,10.909637451171875,4.266666666666666e-05,3.375,52.392778752,1048576
17,10.748793601989746,4.533333333333333e-05,2.75,52.392778752,1114112
18,10.626322746276855,4.7999999999999994e-05,2.421875,52.392778752,1179648
19,10.623046875,5.066666666666666e-05,2.359375,52.392778752,1245184
20,10.546589851379395,5.333333333333333e-05,2.265625,52.392778752,1310720
21,10.508564949035645,5.6e-05,2.28125,52.392778752,1376256
22,10.380840301513672,5.8666666666666665e-05,2.203125,52.392778752,1441792
23,10.393797874450684,6.133333333333334e-05,2.125,52.392778752,1507328
24,10.258719444274902,6.4e-05,2.140625,52.392778752,1572864
25,10.347660064697266,6.666666666666666e-05,2.21875,52.392778752,1638400
26,10.2057523727417,6.933333333333333e-05,2.203125,52.392778752,1703936
27,10.203442573547363,7.199999999999999e-05,2.171875,52.392778752,1769472
28,10.1087646484375,7.466666666666666e-05,2.109375,52.392778752,1835008
29,9.767338752746582,7.733333333333332e-05,2.140625,52.392778752,1900544
30,9.908731460571289,7.999999999999999e-05,1.953125,52.392778752,1966080
31,9.829132080078125,8.266666666666665e-05,1.9453125,52.392778752,2031616
32,9.720422744750977,8.533333333333332e-05,1.9296875,52.392778752,2097152
33,9.629756927490234,8.8e-05,1.875,52.392778752,2162688
34,9.696654319763184,9.066666666666666e-05,1.8203125,52.392778752,2228224
35,9.449979782104492,9.333333333333333e-05,1.828125,52.392778752,2293760
36,9.27811050415039,9.599999999999999e-05,1.8515625,52.392778752,2359296
37,9.228982925415039,9.866666666666666e-05,1.71875,52.392778752,2424832
38,9.150358200073242,0.00010133333333333332,1.6171875,52.392778752,2490368
39,9.240152359008789,0.000104,1.46875,52.392778752,2555904
40,8.9664945602417,0.00010666666666666667,1.5703125,52.392778752,2621440
41,8.886619567871094,0.00010933333333333333,1.4140625,52.392778752,2686976
42,8.788661003112793,0.000112,1.3515625,52.392778752,2752512
43,8.816427230834961,0.00011466666666666666,1.3203125,52.392778752,2818048
44,8.645353317260742,0.00011733333333333333,1.3359375,52.392778752,2883584
45,8.624984741210938,0.00011999999999999999,1.265625,52.392778752,2949120
46,8.570916175842285,0.00012266666666666668,1.1328125,52.392778752,3014656
47,8.28670883178711,0.00012533333333333334,1.1640625,52.392778752,3080192
48,8.218389511108398,0.000128,1.015625,52.392778752,3145728
49,8.230293273925781,0.00013066666666666665,0.99609375,52.392778752,3211264
50,8.251670837402344,0.0001333333333333333,0.94140625,52.392778752,3276800
51,8.060199737548828,0.00013599999999999997,0.9375,52.392778752,3342336
52,8.04449462890625,0.00013866666666666666,0.88671875,52.392778752,3407872
53,7.7986860275268555,0.00014133333333333332,0.765625,52.392778752,3473408
54,7.940664291381836,0.00014399999999999998,0.68359375,52.392778752,3538944
55,7.914917945861816,0.00014666666666666664,0.63671875,52.392778752,3604480
56,7.778714179992676,0.00014933333333333332,0.65625,52.392778752,3670016
57,7.999984264373779,0.000152,0.78125,52.392778752,3735552
58,7.6980977058410645,0.00015466666666666664,0.63671875,52.392778752,3801088
59,7.839159965515137,0.00015733333333333333,0.6015625,52.392778752,3866624
60,7.81419038772583,0.00015999999999999999,0.478515625,52.392778752,3932160
61,7.7204790115356445,0.00016266666666666667,0.478515625,52.392778752,3997696
62,7.670414447784424,0.0001653333333333333,0.56640625,52.392778752,4063232
63,7.700078964233398,0.000168,0.53515625,52.392778752,4128768
64,7.770133018493652,0.00017066666666666665,0.5078125,52.392778752,4194304
65,7.583590507507324,0.0001733333333333333,0.58984375,52.392778752,4259840
66,7.6134161949157715,0.000176,0.50390625,52.392778752,4325376
67,7.649626731872559,0.00017866666666666663,0.58984375,52.392778752,4390912
68,7.693965435028076,0.00018133333333333331,0.66796875,52.392778752,4456448
69,7.545086860656738,0.00018399999999999997,1.0078125,52.392778752,4521984
70,7.674979209899902,0.00018666666666666666,1.6015625,52.392778752,4587520
71,7.597041130065918,0.0001893333333333333,0.94921875,52.392778752,4653056
72,7.669934272766113,0.00019199999999999998,3.015625,52.392778752,4718592
73,7.553251266479492,0.00019466666666666664,1.7734375,52.392778752,4784128
74,7.393514633178711,0.00019733333333333332,0.96484375,52.392778752,4849664
75,7.624725341796875,0.00019999999999999998,1.0546875,52.392778752,4915200
76,7.473200798034668,0.00020266666666666664,0.8046875,52.392778752,4980736
77,7.300052165985107,0.0002053333333333333,0.66796875,52.392778752,5046272
78,7.4438276290893555,0.000208,0.86328125,52.392778752,5111808
79,7.5864152908325195,0.00021066666666666665,0.73828125,52.392778752,5177344
80,7.469836235046387,0.00021333333333333333,0.80859375,52.392778752,5242880
81,7.314508438110352,0.00021599999999999996,0.7109375,52.392778752,5308416
82,7.64431619644165,0.00021866666666666665,0.93359375,52.392778752,5373952
83,7.250760078430176,0.0002213333333333333,0.61328125,52.392778752,5439488
84,7.369192600250244,0.000224,0.66796875,52.392778752,5505024
85,6.915143966674805,0.00022666666666666663,0.8671875,52.392778752,5570560
86,7.328695297241211,0.00022933333333333332,0.453125,52.392778752,5636096
87,7.3519606590271,0.00023199999999999997,0.734375,52.392778752,5701632
88,7.266382217407227,0.00023466666666666666,0.51953125,52.392778752,5767168
89,7.222612380981445,0.00023733333333333332,0.5234375,52.392778752,5832704
90,7.179161071777344,0.00023999999999999998,0.8046875,52.392778752,5898240
91,7.340725898742676,0.00024266666666666664,0.61328125,52.392778752,5963776
92,7.294485092163086,0.00024533333333333335,0.54296875,52.392778752,6029312
93,7.285412311553955,0.00024799999999999996,3.046875,52.392778752,6094848
94,7.228457927703857,0.00025066666666666667,0.96484375,52.392778752,6160384
95,7.0920515060424805,0.00025333333333333333,0.78125,52.392778752,6225920
96,7.23900842666626,0.000256,0.578125,52.392778752,6291456
97,7.267747402191162,0.00025866666666666665,0.6171875,52.392778752,6356992
98,7.045246124267578,0.0002613333333333333,0.69140625,52.392778752,6422528
99,7.157588005065918,0.00026399999999999997,0.51171875,52.392778752,6488064
100,7.071760177612305,0.0002666666666666666,0.66796875,52.392778752,6553600
101,7.153050422668457,0.00026933333333333334,0.6796875,52.392778752,6619136
102,7.183237552642822,0.00027199999999999994,0.88671875,52.392778752,6684672
103,7.025352478027344,0.00027466666666666666,0.62109375,52.392778752,6750208
104,7.060848236083984,0.0002773333333333333,0.625,52.392778752,6815744
105,7.028263092041016,0.00028,0.65234375,52.392778752,6881280
106,7.14826774597168,0.00028266666666666663,0.82421875,52.392778752,6946816
107,6.978481769561768,0.0002853333333333333,0.8125,52.392778752,7012352
108,6.316688060760498,0.00028799999999999995,0.58984375,52.392778752,7077888
109,7.013301849365234,0.00029066666666666667,0.78515625,52.392778752,7143424
110,6.904362201690674,0.00029333333333333327,0.75,52.392778752,7208960
111,6.865043640136719,0.000296,0.455078125,52.392778752,7274496
112,6.813778877258301,0.00029866666666666664,0.8203125,52.392778752,7340032
113,6.755976676940918,0.0003013333333333333,0.55078125,52.392778752,7405568
114,6.928249835968018,0.000304,0.71875,52.392778752,7471104
115,6.919092655181885,0.0003066666666666666,0.8359375,52.392778752,7536640
116,6.865658283233643,0.0003093333333333333,1.015625,52.392778752,7602176
117,6.81243896484375,0.000312,1.1640625,52.392778752,7667712
118,6.987442970275879,0.00031466666666666665,0.9609375,52.392778752,7733248
119,6.915648460388184,0.00031733333333333326,0.75390625,52.392778752,7798784
120,6.846532821655273,0.00031999999999999997,0.98046875,52.392778752,7864320
121,6.84810733795166,0.00032266666666666663,0.83203125,52.392778752,7929856
122,6.903226852416992,0.00032533333333333334,0.69921875,52.392778752,7995392
123,6.922798156738281,0.00032799999999999995,0.81640625,52.392778752,8060928
124,6.677081108093262,0.0003306666666666666,0.66015625,52.392778752,8126464
125,7.062982559204102,0.0003333333333333333,0.83984375,52.392778752,8192000
126,6.805924415588379,0.000336,0.578125,52.392778752,8257536
127,6.738250732421875,0.00033866666666666664,0.81640625,52.392778752,8323072
128,6.683562278747559,0.0003413333333333333,0.80859375,52.392778752,8388608
129,6.774172782897949,0.000344,0.69921875,52.392778752,8454144
130,6.734251976013184,0.0003466666666666666,0.9765625,52.392778752,8519680
131,6.7063093185424805,0.0003493333333333333,0.6171875,52.392778752,8585216
132,6.648258686065674,0.000352,0.83984375,52.392778752,8650752
133,6.934953689575195,0.00035466666666666665,0.703125,52.392778752,8716288
134,6.756011009216309,0.00035733333333333326,0.71484375,52.392778752,8781824
135,6.483448028564453,0.00035999999999999997,0.63671875,52.392778752,8847360
136,6.7661590576171875,0.00036266666666666663,0.62109375,52.392778752,8912896
137,6.82013463973999,0.00036533333333333334,0.5859375,52.392778752,8978432
138,6.635431289672852,0.00036799999999999995,0.79296875,52.392778752,9043968
139,6.829190254211426,0.0003706666666666666,0.62890625,52.392778752,9109504
140,6.770654201507568,0.0003733333333333333,0.58203125,52.392778752,9175040
141,6.551867485046387,0.000376,0.73828125,52.392778752,9240576
142,6.743813514709473,0.0003786666666666666,0.94140625,52.392778752,9306112
143,6.7737836837768555,0.0003813333333333333,1.4296875,52.392778752,9371648
144,6.779036521911621,0.00038399999999999996,0.44921875,52.392778752,9437184
145,6.789130210876465,0.00038666666666666667,1.1640625,52.392778752,9502720
146,6.699634552001953,0.0003893333333333333,0.64453125,52.392778752,9568256
147,6.6222662925720215,0.00039199999999999993,0.74609375,52.392778752,9633792
148,6.618192195892334,0.00039466666666666665,0.72265625,52.392778752,9699328
149,6.421988487243652,0.0003973333333333333,0.671875,52.392778752,9764864
150,6.58179235458374,0.00039999999999999996,0.78515625,52.392778752,9830400
151,6.556540489196777,0.0004026666666666666,0.80078125,52.392778752,9895936
152,6.64034366607666,0.0004053333333333333,1.0078125,52.392778752,9961472
153,6.56683349609375,0.000408,0.65234375,52.392778752,10027008
154,6.425087928771973,0.0004106666666666666,0.72265625,52.392778752,10092544
155,6.386976718902588,0.0004133333333333333,0.84765625,52.392778752,10158080
156,6.8971357345581055,0.000416,0.59765625,52.392778752,10223616
157,6.53991174697876,0.0004186666666666667,0.796875,52.392778752,10289152
158,6.487391948699951,0.0004213333333333333,0.546875,52.392778752,10354688
159,6.603221893310547,0.00042399999999999995,0.765625,52.392778752,10420224
160,6.402626991271973,0.00042666666666666667,0.5234375,52.392778752,10485760
161,6.784271240234375,0.00042933333333333327,0.58984375,52.392778752,10551296
162,6.367696762084961,0.00043199999999999993,0.578125,52.392778752,10616832
163,6.505062103271484,0.00043466666666666664,0.5390625,52.392778752,10682368
164,6.577444553375244,0.0004373333333333333,0.59765625,52.392778752,10747904
165,6.2581377029418945,0.0004399999999999999,0.5078125,52.392778752,10813440
166,6.462669372558594,0.0004426666666666666,0.5234375,52.392778752,10878976
167,6.284715175628662,0.0004453333333333333,0.58203125,52.392778752,10944512
168,6.452290058135986,0.000448,1.03125,52.392778752,11010048
169,6.561192512512207,0.0004506666666666666,1.359375,52.392778752,11075584
170,6.73581600189209,0.00045333333333333326,1.03125,52.392778752,11141120
171,6.569571495056152,0.00045599999999999997,0.7421875,52.392778752,11206656
172,6.246231555938721,0.00045866666666666663,0.8203125,52.392778752,11272192
173,6.422760963439941,0.0004613333333333333,0.74609375,52.392778752,11337728
174,6.653017044067383,0.00046399999999999995,0.71875,52.392778752,11403264
175,6.561839580535889,0.0004666666666666666,0.63671875,52.392778752,11468800
176,6.506955623626709,0.0004693333333333333,0.57421875,52.392778752,11534336
177,6.272953510284424,0.0004719999999999999,0.5546875,52.392778752,11599872
178,6.515890121459961,0.00047466666666666664,0.54296875,52.392778752,11665408
179,6.306102752685547,0.0004773333333333333,0.5703125,52.392778752,11730944
180,6.260002613067627,0.00047999999999999996,0.80859375,52.392778752,11796480
181,6.295046329498291,0.0004826666666666666,0.59765625,52.392778752,11862016
182,6.391992568969727,0.0004853333333333333,0.60546875,52.392778752,11927552
183,6.308741092681885,0.000488,0.609375,52.392778752,11993088
184,6.360949516296387,0.0004906666666666667,0.59375,52.392778752,12058624
185,6.482210159301758,0.0004933333333333333,0.46484375,52.392778752,12124160
186,6.299625396728516,0.0004959999999999999,0.53515625,52.392778752,12189696
187,6.640652179718018,0.0004986666666666667,0.42578125,52.392778752,12255232
188,6.246088981628418,0.0005013333333333333,0.578125,52.392778752,12320768
189,6.493471622467041,0.0005039999999999999,0.73828125,52.392778752,12386304
190,6.224803447723389,0.0005066666666666667,0.63671875,52.392778752,12451840
191,6.315373420715332,0.0005093333333333333,0.65234375,52.392778752,12517376
192,6.22857666015625,0.000512,0.490234375,52.392778752,12582912
193,6.40559196472168,0.0005146666666666666,0.55859375,52.392778752,12648448
194,6.146963119506836,0.0005173333333333333,0.51953125,52.392778752,12713984
195,6.275843143463135,0.00052,0.48828125,52.392778752,12779520
196,6.322244644165039,0.0005226666666666666,0.478515625,52.392778752,12845056
197,6.39664363861084,0.0005253333333333333,0.44140625,52.392778752,12910592
198,6.257214069366455,0.0005279999999999999,0.5859375,52.392778752,12976128
199,6.3208842277526855,0.0005306666666666666,0.51953125,52.392778752,13041664
200,6.330831527709961,0.0005333333333333333,0.62109375,52.392778752,13107200
201,6.210102081298828,0.0005359999999999999,0.72265625,52.392778752,13172736
202,6.505595684051514,0.0005386666666666667,0.88671875,52.392778752,13238272
203,6.16655158996582,0.0005413333333333333,1.0,52.392778752,13303808
204,6.383899211883545,0.0005439999999999999,1.3125,52.392778752,13369344
205,6.292057991027832,0.0005466666666666667,0.70703125,52.392778752,13434880
206,6.316288948059082,0.0005493333333333333,0.90625,52.392778752,13500416
207,6.476384162902832,0.000552,1.0546875,52.392778752,13565952
208,6.269535541534424,0.0005546666666666666,0.55078125,52.392778752,13631488
209,6.178071022033691,0.0005573333333333333,0.98046875,52.392778752,13697024
210,6.194124698638916,0.00056,0.58203125,52.392778752,13762560
211,6.310547351837158,0.0005626666666666666,0.5546875,52.392778752,13828096
212,6.144558906555176,0.0005653333333333333,0.515625,52.392778752,13893632
213,6.219160079956055,0.0005679999999999999,0.515625,52.392778752,13959168
214,6.2528886795043945,0.0005706666666666666,0.49609375,52.392778752,14024704
215,6.227734565734863,0.0005733333333333334,0.447265625,52.392778752,14090240
216,6.343196868896484,0.0005759999999999999,0.494140625,52.392778752,14155776
217,6.067500114440918,0.0005786666666666666,0.50390625,52.392778752,14221312
218,6.052165985107422,0.0005813333333333333,0.54296875,52.392778752,14286848
219,6.115016937255859,0.000584,0.427734375,52.392778752,14352384
220,6.123951435089111,0.0005866666666666665,0.47265625,52.392778752,14417920
221,6.086263179779053,0.0005893333333333333,0.458984375,52.392778752,14483456
222,6.047451019287109,0.000592,0.427734375,52.392778752,14548992
223,6.313668251037598,0.0005946666666666666,0.48046875,52.392778752,14614528
224,5.970112323760986,0.0005973333333333333,0.42578125,52.392778752,14680064
225,6.26694393157959,0.0006,0.435546875,52.392778752,14745600
226,6.306659698486328,0.0006026666666666666,0.55078125,52.392778752,14811136
227,6.217069625854492,0.0006053333333333333,0.5546875,52.392778752,14876672
228,5.979744911193848,0.000608,0.4609375,52.392778752,14942208
229,6.0894975662231445,0.0006106666666666666,0.4375,52.392778752,15007744
230,6.12559175491333,0.0006133333333333332,0.5078125,52.392778752,15073280
231,6.24190616607666,0.0006159999999999999,0.54296875,52.392778752,15138816
232,6.015631198883057,0.0006186666666666666,0.7421875,52.392778752,15204352
233,6.095274925231934,0.0006213333333333333,0.7265625,52.392778752,15269888
234,6.232393264770508,0.000624,0.46875,52.392778752,15335424
235,6.535485744476318,0.0006266666666666666,0.671875,52.392778752,15400960
236,6.058579921722412,0.0006293333333333333,0.55859375,52.392778752,15466496
237,6.061934471130371,0.0006319999999999999,0.578125,52.392778752,15532032
238,5.860825061798096,0.0006346666666666665,0.6328125,52.392778752,15597568
239,6.006962299346924,0.0006373333333333333,0.5625,52.392778752,15663104
240,6.018959999084473,0.0006399999999999999,0.55859375,52.392778752,15728640
241,6.208504676818848,0.0006426666666666666,0.6484375,52.392778752,15794176
242,5.987939834594727,0.0006453333333333333,0.5859375,52.392778752,15859712
243,6.153543472290039,0.000648,0.458984375,52.392778752,15925248
244,6.077460289001465,0.0006506666666666667,0.5078125,52.392778752,15990784
245,6.045482635498047,0.0006533333333333332,0.400390625,52.392778752,16056320
246,6.218151569366455,0.0006559999999999999,0.458984375,52.392778752,16121856
247,6.3631439208984375,0.0006586666666666666,0.455078125,52.392778752,16187392
248,6.0997314453125,0.0006613333333333332,0.451171875,52.392778752,16252928
249,5.920019149780273,0.000664,0.40234375,52.392778752,16318464
250,5.975967884063721,0.0006666666666666666,0.416015625,52.392778752,16384000
251,6.124704360961914,0.0006693333333333333,0.53515625,52.392778752,16449536
252,5.955305576324463,0.000672,0.5625,52.392778752,16515072
253,6.064643859863281,0.0006746666666666665,0.6015625,52.392778752,16580608
254,6.058170318603516,0.0006773333333333333,0.486328125,52.392778752,16646144
255,5.935177326202393,0.0006799999999999999,0.490234375,52.392778752,16711680
256,6.191132068634033,0.0006826666666666666,0.50390625,52.392778752,16777216
257,5.971905708312988,0.0006853333333333333,0.42578125,52.392778752,16842752
258,6.11230993270874,0.000688,0.50390625,52.392778752,16908288
259,5.898991107940674,0.0006906666666666667,0.462890625,52.392778752,16973824
260,6.403625011444092,0.0006933333333333332,0.515625,52.392778752,17039360
261,6.038890838623047,0.0006959999999999999,0.419921875,52.392778752,17104896
262,6.103972434997559,0.0006986666666666666,0.54296875,52.392778752,17170432
263,5.697054386138916,0.0007013333333333332,0.498046875,52.392778752,17235968
264,6.180062770843506,0.000704,0.5703125,52.392778752,17301504
265,6.199236869812012,0.0007066666666666666,0.65625,52.392778752,17367040
266,5.859015464782715,0.0007093333333333333,0.5546875,52.392778752,17432576
267,5.8285722732543945,0.000712,0.82421875,52.392778752,17498112
268,6.019843101501465,0.0007146666666666665,0.87890625,52.392778752,17563648
269,5.967698097229004,0.0007173333333333333,0.46484375,52.392778752,17629184
270,5.950240612030029,0.0007199999999999999,0.451171875,52.392778752,17694720
271,6.027750015258789,0.0007226666666666666,0.40625,52.392778752,17760256
272,5.764883041381836,0.0007253333333333333,0.453125,52.392778752,17825792
273,5.934038162231445,0.0007279999999999999,0.41796875,52.392778752,17891328
274,5.864082336425781,0.0007306666666666667,0.37109375,52.392778752,17956864
275,6.090940475463867,0.0007333333333333333,0.490234375,52.392778752,18022400
276,5.726132392883301,0.0007359999999999999,0.427734375,52.392778752,18087936
277,5.746776580810547,0.0007386666666666666,0.44140625,52.392778752,18153472
278,5.934971809387207,0.0007413333333333332,0.455078125,52.392778752,18219008
279,5.834202289581299,0.000744,0.51953125,52.392778752,18284544
280,6.2066450119018555,0.0007466666666666666,0.59765625,52.392778752,18350080
281,6.010317802429199,0.0007493333333333333,0.376953125,52.392778752,18415616
282,5.9931745529174805,0.000752,0.66015625,52.392778752,18481152
283,5.8130340576171875,0.0007546666666666666,0.5234375,52.392778752,18546688
284,5.850021839141846,0.0007573333333333332,0.498046875,52.392778752,18612224
285,6.005505084991455,0.0007599999999999999,0.453125,52.392778752,18677760
286,5.775487899780273,0.0007626666666666666,0.40625,52.392778752,18743296
287,5.963400840759277,0.0007653333333333333,0.419921875,52.392778752,18808832
288,5.8231201171875,0.0007679999999999999,0.40234375,52.392778752,18874368
289,5.934772491455078,0.0007706666666666667,0.380859375,52.392778752,18939904
290,5.887887954711914,0.0007733333333333333,0.400390625,52.392778752,19005440
291,5.767843246459961,0.0007759999999999999,0.416015625,52.392778752,19070976
292,5.782392501831055,0.0007786666666666665,0.498046875,52.392778752,19136512
293,5.829977035522461,0.0007813333333333332,0.5859375,52.392778752,19202048
294,5.903921127319336,0.0007839999999999999,0.53125,52.392778752,19267584
295,5.748769760131836,0.0007866666666666666,0.41015625,52.392778752,19333120
296,5.70750617980957,0.0007893333333333333,0.455078125,52.392778752,19398656
297,5.675153732299805,0.000792,0.396484375,52.392778752,19464192
298,5.7333879470825195,0.0007946666666666666,0.453125,52.392778752,19529728
299,5.5376505851745605,0.0007973333333333332,0.427734375,52.392778752,19595264
300,5.71293830871582,0.0007999999999999999,0.482421875,52.392778752,19660800
301,5.914949893951416,0.0008026666666666666,0.474609375,52.392778752,19726336
302,5.852126121520996,0.0008053333333333332,0.498046875,52.392778752,19791872
303,5.832273483276367,0.0008079999999999999,0.53515625,52.392778752,19857408
304,5.954621315002441,0.0008106666666666666,0.62890625,52.392778752,19922944
305,5.882431983947754,0.0008133333333333333,0.462890625,52.392778752,19988480
306,5.999851703643799,0.000816,0.47265625,52.392778752,20054016
307,5.805455684661865,0.0008186666666666665,0.52734375,52.392778752,20119552
308,5.784460544586182,0.0008213333333333332,0.6640625,52.392778752,20185088
309,5.637932300567627,0.0008239999999999999,0.48828125,52.392778752,20250624
310,5.535524845123291,0.0008266666666666666,0.4609375,52.392778752,20316160
311,5.845067024230957,0.0008293333333333333,0.4140625,52.392778752,20381696
312,5.692183494567871,0.000832,0.41015625,52.392778752,20447232
313,5.734521865844727,0.0008346666666666666,0.51953125,52.392778752,20512768
314,5.749433517456055,0.0008373333333333334,0.4921875,52.392778752,20578304
315,5.754199981689453,0.0008399999999999999,0.451171875,52.392778752,20643840
316,5.6658525466918945,0.0008426666666666666,0.43359375,52.392778752,20709376
317,5.763108253479004,0.0008453333333333332,0.3984375,52.392778752,20774912
318,5.634279251098633,0.0008479999999999999,0.404296875,52.392778752,20840448
319,5.685811519622803,0.0008506666666666666,0.447265625,52.392778752,20905984
320,5.73459529876709,0.0008533333333333333,0.41015625,52.392778752,20971520
321,5.77399206161499,0.000856,0.4140625,52.392778752,21037056
322,5.736035346984863,0.0008586666666666665,0.44921875,52.392778752,21102592
323,5.611588001251221,0.0008613333333333332,0.40625,52.392778752,21168128
324,5.508416652679443,0.0008639999999999999,0.3828125,52.392778752,21233664
325,5.561809539794922,0.0008666666666666666,0.38671875,52.392778752,21299200
326,6.161341667175293,0.0008693333333333333,0.419921875,52.392778752,21364736
327,5.581404685974121,0.0008719999999999999,0.380859375,52.392778752,21430272
328,5.599517822265625,0.0008746666666666666,0.39453125,52.392778752,21495808
329,5.832736968994141,0.0008773333333333333,0.44140625,52.392778752,21561344
330,5.680946350097656,0.0008799999999999998,0.546875,52.392778752,21626880
331,5.543093681335449,0.0008826666666666666,0.51171875,52.392778752,21692416
332,5.5342116355896,0.0008853333333333332,0.486328125,52.392778752,21757952
333,5.644676685333252,0.0008879999999999999,0.42578125,52.392778752,21823488
334,5.607732772827148,0.0008906666666666666,0.47265625,52.392778752,21889024
335,5.672390937805176,0.0008933333333333333,0.447265625,52.392778752,21954560
336,5.684769153594971,0.000896,0.40234375,52.392778752,22020096
337,5.544188499450684,0.0008986666666666666,0.515625,52.392778752,22085632
338,6.0615105628967285,0.0009013333333333332,0.49609375,52.392778752,22151168
339,5.733193874359131,0.0009039999999999999,0.703125,52.392778752,22216704
340,5.639133453369141,0.0009066666666666665,0.466796875,52.392778752,22282240
341,5.655669212341309,0.0009093333333333333,0.47265625,52.392778752,22347776
342,5.58158016204834,0.0009119999999999999,0.435546875,52.392778752,22413312
343,5.699350833892822,0.0009146666666666666,0.48828125,52.392778752,22478848
344,5.768280029296875,0.0009173333333333333,0.40234375,52.392778752,22544384
345,5.306027412414551,0.00092,0.48046875,52.392778752,22609920
346,5.71258020401001,0.0009226666666666666,0.38671875,52.392778752,22675456
347,5.6689910888671875,0.0009253333333333332,0.384765625,52.392778752,22740992
348,5.406608581542969,0.0009279999999999999,0.44140625,52.392778752,22806528
349,5.812013626098633,0.0009306666666666666,0.337890625,52.392778752,22872064
350,5.4649481773376465,0.0009333333333333332,0.396484375,52.392778752,22937600
351,5.571724891662598,0.000936,0.37109375,52.392778752,23003136
352,5.5230255126953125,0.0009386666666666666,0.423828125,52.392778752,23068672
353,5.630731582641602,0.0009413333333333333,0.3203125,52.392778752,23134208
354,5.516660690307617,0.0009439999999999999,0.416015625,52.392778752,23199744
355,5.299681663513184,0.0009466666666666665,0.431640625,52.392778752,23265280
356,5.262983322143555,0.0009493333333333333,0.38671875,52.392778752,23330816
357,5.733696460723877,0.0009519999999999999,0.3359375,52.392778752,23396352
358,5.7189106941223145,0.0009546666666666666,0.3203125,52.392778752,23461888
359,5.569374084472656,0.0009573333333333333,0.341796875,52.392778752,23527424
360,5.438232421875,0.0009599999999999999,0.33984375,52.392778752,23592960
361,5.360812187194824,0.0009626666666666665,0.376953125,52.392778752,23658496
362,5.519421577453613,0.0009653333333333332,0.39453125,52.392778752,23724032
363,5.513062477111816,0.0009679999999999999,0.341796875,52.392778752,23789568
364,5.381223201751709,0.0009706666666666666,0.37109375,52.392778752,23855104
365,5.510946273803711,0.0009733333333333332,0.427734375,52.392778752,23920640
366,5.49954080581665,0.000976,0.458984375,52.392778752,23986176
367,5.546322822570801,0.0009786666666666665,0.42578125,52.392778752,24051712
368,5.193938732147217,0.0009813333333333334,0.357421875,52.392778752,24117248
369,5.360758304595947,0.0009839999999999998,0.443359375,52.392778752,24182784
370,5.454226493835449,0.0009866666666666665,0.376953125,52.392778752,24248320
371,5.703309535980225,0.0009893333333333332,0.3671875,52.392778752,24313856
372,5.705446720123291,0.0009919999999999998,0.365234375,52.392778752,24379392
373,5.688981056213379,0.0009946666666666665,0.359375,52.392778752,24444928
374,5.292502403259277,0.0009973333333333334,0.34375,52.392778752,24510464
375,5.419511795043945,0.001,0.373046875,52.392778752,24576000
376,5.502905368804932,0.0010026666666666667,0.42578125,52.392778752,24641536
377,5.347154140472412,0.0010053333333333331,0.3984375,52.392778752,24707072
378,5.636420249938965,0.0010079999999999998,0.44921875,52.392778752,24772608
379,5.488450050354004,0.0010106666666666667,0.4375,52.392778752,24838144
380,5.4158735275268555,0.0010133333333333333,0.37890625,52.392778752,24903680
381,5.333688735961914,0.001016,0.37890625,52.392778752,24969216
382,5.457223892211914,0.0010186666666666666,0.396484375,52.392778752,25034752
383,5.230751037597656,0.0010213333333333333,0.361328125,52.392778752,25100288
384,5.457998275756836,0.001024,0.349609375,52.392778752,25165824
385,5.316221237182617,0.0010266666666666666,0.37890625,52.392778752,25231360
386,5.419802188873291,0.0010293333333333333,0.404296875,52.392778752,25296896
387,5.417799949645996,0.001032,0.3515625,52.392778752,25362432
388,5.485769271850586,0.0010346666666666666,0.44921875,52.392778752,25427968
389,5.4208269119262695,0.0010373333333333332,0.447265625,52.392778752,25493504
390,5.582900524139404,0.00104,0.4140625,52.392778752,25559040
391,5.762579441070557,0.0010426666666666666,0.439453125,52.392778752,25624576
392,5.5199384689331055,0.0010453333333333332,0.41015625,52.392778752,25690112
393,5.477883338928223,0.0010479999999999999,0.38671875,52.392778752,25755648
394,5.416084289550781,0.0010506666666666665,0.4765625,52.392778752,25821184
395,5.355834007263184,0.0010533333333333332,0.498046875,52.392778752,25886720
396,5.300049304962158,0.0010559999999999999,0.427734375,52.392778752,25952256
397,5.533591270446777,0.0010586666666666665,0.34765625,52.392778752,26017792
398,5.482364654541016,0.0010613333333333332,0.375,52.392778752,26083328
399,5.470389366149902,0.001064,0.384765625,52.392778752,26148864
400,5.3136796951293945,0.0010666666666666665,0.376953125,52.392778752,26214400
401,5.072229385375977,0.0010693333333333332,0.3515625,52.392778752,26279936
402,5.543091773986816,0.0010719999999999998,0.3984375,52.392778752,26345472
403,5.2388715744018555,0.0010746666666666665,0.396484375,52.392778752,26411008
404,5.585124969482422,0.0010773333333333334,0.36328125,52.392778752,26476544
405,5.40184211730957,0.00108,0.357421875,52.392778752,26542080
406,5.332292556762695,0.0010826666666666667,0.36328125,52.392778752,26607616
407,5.386750221252441,0.0010853333333333333,0.318359375,52.392778752,26673152
408,5.345700263977051,0.0010879999999999998,0.328125,52.392778752,26738688
409,5.213742733001709,0.0010906666666666664,0.310546875,52.392778752,26804224
410,5.393428802490234,0.0010933333333333333,0.34375,52.392778752,26869760
411,5.503818988800049,0.001096,0.294921875,52.392778752,26935296
412,5.19182825088501,0.0010986666666666666,0.30859375,52.392778752,27000832
413,5.249401092529297,0.0011013333333333333,0.373046875,52.392778752,27066368
414,5.252315044403076,0.001104,0.5234375,52.392778752,27131904
415,5.4509053230285645,0.0011066666666666666,0.453125,52.392778752,27197440
416,5.402945518493652,0.0011093333333333333,0.44140625,52.392778752,27262976
417,5.326289176940918,0.001112,0.3671875,52.392778752,27328512
418,5.300366401672363,0.0011146666666666666,0.357421875,52.392778752,27394048
419,5.238528728485107,0.0011173333333333332,0.310546875,52.392778752,27459584
420,5.22169828414917,0.00112,0.310546875,52.392778752,27525120
421,5.611492156982422,0.0011226666666666666,0.345703125,52.392778752,27590656
422,5.411852836608887,0.0011253333333333332,0.37109375,52.392778752,27656192
423,5.426246643066406,0.0011279999999999999,0.337890625,52.392778752,27721728
424,5.259974956512451,0.0011306666666666665,0.32421875,52.392778752,27787264
425,5.304230690002441,0.0011333333333333332,0.33203125,52.392778752,27852800
426,5.306983947753906,0.0011359999999999999,0.337890625,52.392778752,27918336
427,5.491006851196289,0.0011386666666666665,0.384765625,52.392778752,27983872
428,5.220204830169678,0.0011413333333333332,0.373046875,52.392778752,28049408
429,5.244951248168945,0.0011439999999999998,0.3203125,52.392778752,28114944
430,5.3097991943359375,0.0011466666666666667,0.341796875,52.392778752,28180480
431,5.314469814300537,0.0011493333333333332,0.390625,52.392778752,28246016
432,5.324589729309082,0.0011519999999999998,0.3359375,52.392778752,28311552
433,5.107133865356445,0.0011546666666666665,0.421875,52.392778752,28377088
434,5.2793755531311035,0.0011573333333333331,0.318359375,52.392778752,28442624
435,5.099255561828613,0.00116,0.3203125,52.392778752,28508160
436,5.277602195739746,0.0011626666666666667,0.34765625,52.392778752,28573696
437,5.39499568939209,0.0011653333333333333,0.314453125,52.392778752,28639232
438,5.197392463684082,0.001168,0.341796875,52.392778752,28704768
439,5.570791721343994,0.0011706666666666664,0.4296875,52.392778752,28770304
440,5.297375202178955,0.001173333333333333,0.484375,52.392778752,28835840
441,4.982987403869629,0.001176,0.314453125,52.392778752,28901376
442,5.268421173095703,0.0011786666666666666,0.32421875,52.392778752,28966912
443,5.264340877532959,0.0011813333333333333,0.349609375,52.392778752,29032448
444,5.258360385894775,0.001184,0.32421875,52.392778752,29097984
445,5.300120830535889,0.0011866666666666666,0.365234375,52.392778752,29163520
446,5.48900032043457,0.0011893333333333333,0.453125,52.392778752,29229056
447,5.206977844238281,0.001192,0.408203125,52.392778752,29294592
448,5.376926898956299,0.0011946666666666666,0.3828125,52.392778752,29360128
449,5.653202056884766,0.0011973333333333332,0.408203125,52.392778752,29425664
450,5.417807102203369,0.0012,0.375,52.392778752,29491200
451,5.290009498596191,0.0012026666666666663,0.330078125,52.392778752,29556736
452,5.27336311340332,0.0012053333333333332,0.375,52.392778752,29622272
453,5.417139053344727,0.0012079999999999999,0.400390625,52.392778752,29687808
454,5.3046979904174805,0.0012106666666666665,0.310546875,52.392778752,29753344
455,5.222287654876709,0.0012133333333333332,0.333984375,52.392778752,29818880
456,5.326998710632324,0.001216,0.3203125,52.392778752,29884416
457,5.112858772277832,0.0012186666666666665,0.40234375,52.392778752,29949952
458,5.32105016708374,0.0012213333333333332,0.353515625,52.392778752,30015488
459,5.251347541809082,0.0012239999999999998,0.361328125,52.392778752,30081024
460,5.3163933753967285,0.0012266666666666665,0.32421875,52.392778752,30146560
461,5.415349960327148,0.0012293333333333334,0.34765625,52.392778752,30212096
462,4.948253631591797,0.0012319999999999998,0.328125,52.392778752,30277632
463,5.246178150177002,0.0012346666666666667,0.326171875,52.392778752,30343168
464,5.179104804992676,0.0012373333333333331,0.2890625,52.392778752,30408704
465,5.009483337402344,0.00124,0.345703125,52.392778752,30474240
466,5.379635334014893,0.0012426666666666667,0.310546875,52.392778752,30539776
467,5.001883506774902,0.001245333333333333,0.330078125,52.392778752,30605312
468,5.245315074920654,0.001248,0.31640625,52.392778752,30670848
469,5.162969589233398,0.0012506666666666664,0.29296875,52.392778752,30736384
470,5.2196550369262695,0.0012533333333333333,0.337890625,52.392778752,30801920
471,5.251283645629883,0.001256,0.345703125,52.392778752,30867456
472,5.262786865234375,0.0012586666666666666,0.37109375,52.392778752,30932992
473,5.1371564865112305,0.0012613333333333333,0.2890625,52.392778752,30998528
474,5.312679290771484,0.0012639999999999997,0.34375,52.392778752,31064064
475,5.229672908782959,0.0012666666666666666,0.326171875,52.392778752,31129600
476,5.3228254318237305,0.001269333333333333,0.287109375,52.392778752,31195136
477,5.361303806304932,0.001272,0.34765625,52.392778752,31260672
478,4.993836402893066,0.0012746666666666666,0.30078125,52.392778752,31326208
479,5.075066566467285,0.0012773333333333332,0.30859375,52.392778752,31391744
480,5.213972091674805,0.0012799999999999999,0.3046875,52.392778752,31457280
481,5.249648094177246,0.0012826666666666668,0.330078125,52.392778752,31522816
482,5.192231178283691,0.0012853333333333332,0.41796875,52.392778752,31588352
483,5.064085483551025,0.0012879999999999999,0.3515625,52.392778752,31653888
484,4.946036338806152,0.0012906666666666665,0.314453125,52.392778752,31719424
485,5.096663475036621,0.0012933333333333332,0.32421875,52.392778752,31784960
486,5.364840507507324,0.001296,0.298828125,52.392778752,31850496
487,5.079285621643066,0.0012986666666666665,0.34765625,52.392778752,31916032
488,4.9524335861206055,0.0013013333333333334,0.390625,52.392778752,31981568
489,5.257076263427734,0.0013039999999999998,0.33984375,52.392778752,32047104
490,5.248627662658691,0.0013066666666666665,0.361328125,52.392778752,32112640
491,5.64748477935791,0.0013093333333333334,0.38671875,52.392778752,32178176
492,5.083221435546875,0.0013119999999999998,0.6015625,52.392778752,32243712
493,5.121427536010742,0.0013146666666666667,0.3046875,52.392778752,32309248
494,5.156286239624023,0.0013173333333333331,0.40625,52.392778752,32374784
495,5.107516288757324,0.00132,0.41796875,52.392778752,32440320
496,5.05168342590332,0.0013226666666666664,0.36328125,52.392778752,32505856
497,5.121541976928711,0.001325333333333333,0.33203125,52.392778752,32571392
498,4.929975509643555,0.001328,0.33984375,52.392778752,32636928
499,5.0019025802612305,0.0013306666666666664,0.3203125,52.392778752,32702464
500,5.244686126708984,0.0013333333333333333,0.330078125,52.392778752,32768000
501,5.250819206237793,0.0013359999999999997,0.3046875,52.392778752,32833536
502,5.174941062927246,0.0013386666666666666,0.287109375,52.392778752,32899072
503,5.190105438232422,0.0013413333333333333,0.287109375,52.392778752,32964608
504,5.293648719787598,0.001344,0.296875,52.392778752,33030144
505,5.15327787399292,0.0013466666666666666,0.408203125,52.392778752,33095680
506,5.0683135986328125,0.001349333333333333,0.416015625,52.392778752,33161216
507,4.993435382843018,0.001352,0.33984375,52.392778752,33226752
508,5.051253795623779,0.0013546666666666666,0.34375,52.392778752,33292288
509,5.172904014587402,0.0013573333333333332,0.349609375,52.392778752,33357824
510,5.162247657775879,0.0013599999999999999,0.310546875,52.392778752,33423360
511,5.048083305358887,0.0013626666666666668,0.302734375,52.392778752,33488896
512,5.11285400390625,0.0013653333333333332,0.3046875,52.392778752,33554432
513,4.940088272094727,0.0013679999999999999,0.2734375,52.392778752,33619968
514,4.984310150146484,0.0013706666666666665,0.3203125,52.392778752,33685504
515,4.980299472808838,0.0013733333333333332,0.302734375,52.392778752,33751040
516,5.0574445724487305,0.001376,0.2890625,52.392778752,33816576
517,4.92919921875,0.0013786666666666665,0.279296875,52.392778752,33882112
518,5.035495281219482,0.0013813333333333334,0.296875,52.392778752,33947648
519,5.013272285461426,0.0013839999999999998,0.28125,52.392778752,34013184
520,5.14394474029541,0.0013866666666666665,0.291015625,52.392778752,34078720
521,5.237668991088867,0.0013893333333333331,0.3046875,52.392778752,34144256
522,5.032793998718262,0.0013919999999999998,0.28125,52.392778752,34209792
523,4.989571571350098,0.0013946666666666667,0.34765625,52.392778752,34275328
524,4.953457832336426,0.0013973333333333331,0.330078125,52.392778752,34340864
525,5.0226922035217285,0.0014,0.34765625,52.392778752,34406400
526,5.118013381958008,0.0014026666666666664,0.353515625,52.392778752,34471936
527,5.0468244552612305,0.0014053333333333333,0.32421875,52.392778752,34537472
528,5.121230125427246,0.001408,0.33984375,52.392778752,34603008
529,5.0069780349731445,0.0014106666666666664,0.318359375,52.392778752,34668544
530,4.987184047698975,0.0014133333333333333,0.302734375,52.392778752,34734080
531,4.853829383850098,0.0014159999999999997,0.341796875,52.392778752,34799616
532,4.975627899169922,0.0014186666666666666,0.306640625,52.392778752,34865152
533,5.068662166595459,0.0014213333333333333,0.287109375,52.392778752,34930688
534,5.035941123962402,0.001424,0.31640625,52.392778752,34996224
535,5.08243465423584,0.0014266666666666666,0.298828125,52.392778752,35061760
536,5.05212926864624,0.001429333333333333,0.267578125,52.392778752,35127296
537,4.994433879852295,0.001432,0.294921875,52.392778752,35192832
538,5.030102729797363,0.0014346666666666666,0.2890625,52.392778752,35258368
539,5.239038944244385,0.0014373333333333332,0.322265625,52.392778752,35323904
540,4.965500831604004,0.0014399999999999999,0.30078125,52.392778752,35389440
541,5.09299373626709,0.0014426666666666665,0.28515625,52.392778752,35454976
542,5.1211161613464355,0.0014453333333333332,0.29296875,52.392778752,35520512
543,4.924223899841309,0.001448,0.310546875,52.392778752,35586048
544,5.045763969421387,0.0014506666666666665,0.296875,52.392778752,35651584
545,5.240550994873047,0.0014533333333333332,0.30078125,52.392778752,35717120
546,5.045692443847656,0.0014559999999999998,0.275390625,52.392778752,35782656
547,5.095584392547607,0.0014586666666666665,0.30859375,52.392778752,35848192
548,4.86008358001709,0.0014613333333333334,0.255859375,52.392778752,35913728
549,4.995303153991699,0.0014639999999999998,0.31640625,52.392778752,35979264
550,4.861652374267578,0.0014666666666666667,0.294921875,52.392778752,36044800
551,4.911498069763184,0.0014693333333333331,0.357421875,52.392778752,36110336
552,4.958551406860352,0.0014719999999999998,0.34375,52.392778752,36175872
553,5.00300407409668,0.0014746666666666667,0.310546875,52.392778752,36241408
554,4.5590338706970215,0.001477333333333333,0.3203125,52.392778752,36306944
555,4.871556282043457,0.00148,0.302734375,52.392778752,36372480
556,4.717018127441406,0.0014826666666666664,0.337890625,52.392778752,36438016
557,4.726072311401367,0.0014853333333333333,0.349609375,52.392778752,36503552
558,5.071672439575195,0.001488,0.296875,52.392778752,36569088
559,5.177407264709473,0.0014906666666666664,0.322265625,52.392778752,36634624
560,5.115043640136719,0.0014933333333333333,0.26953125,52.392778752,36700160
561,4.9927263259887695,0.0014959999999999997,0.30859375,52.392778752,36765696
562,4.985709190368652,0.0014986666666666666,0.330078125,52.392778752,36831232
563,4.5939717292785645,0.001501333333333333,0.29296875,52.392778752,36896768
564,4.766095161437988,0.001504,0.279296875,52.392778752,36962304
565,5.017362594604492,0.0015066666666666666,0.27734375,52.392778752,37027840
566,4.941574573516846,0.0015093333333333332,0.341796875,52.392778752,37093376
567,4.945215225219727,0.0015119999999999999,0.376953125,52.392778752,37158912
568,5.000899314880371,0.0015146666666666663,0.302734375,52.392778752,37224448
569,4.949200630187988,0.0015173333333333332,0.296875,52.392778752,37289984
570,4.982982158660889,0.0015199999999999999,0.306640625,52.392778752,37355520
571,5.1331787109375,0.0015226666666666665,0.30078125,52.392778752,37421056
572,4.933370590209961,0.0015253333333333332,0.3046875,52.392778752,37486592
573,4.92899227142334,0.001528,0.33984375,52.392778752,37552128
574,5.193863868713379,0.0015306666666666665,0.3125,52.392778752,37617664
575,5.019653797149658,0.0015333333333333332,0.439453125,52.392778752,37683200
576,4.8942341804504395,0.0015359999999999998,0.302734375,52.392778752,37748736
577,4.723154544830322,0.0015386666666666665,0.333984375,52.392778752,37814272
578,4.843161106109619,0.0015413333333333334,0.30078125,52.392778752,37879808
579,4.879704475402832,0.0015439999999999998,0.31640625,52.392778752,37945344
580,4.801823616027832,0.0015466666666666667,0.31640625,52.392778752,38010880
581,4.868751525878906,0.0015493333333333331,0.310546875,52.392778752,38076416
582,4.915404319763184,0.0015519999999999998,0.3125,52.392778752,38141952
583,4.875497817993164,0.0015546666666666667,0.3046875,52.392778752,38207488
584,5.063626289367676,0.001557333333333333,0.357421875,52.392778752,38273024
585,4.900245666503906,0.00156,0.314453125,52.392778752,38338560
586,4.973755836486816,0.0015626666666666664,0.3046875,52.392778752,38404096
587,4.863187789916992,0.0015653333333333333,0.296875,52.392778752,38469632
588,4.831679344177246,0.0015679999999999997,0.310546875,52.392778752,38535168
589,4.689765453338623,0.0015706666666666666,0.310546875,52.392778752,38600704
590,5.095437049865723,0.0015733333333333333,0.28125,52.392778752,38666240
591,4.917986869812012,0.0015759999999999997,0.2734375,52.392778752,38731776
592,4.859285354614258,0.0015786666666666666,0.28515625,52.392778752,38797312
593,4.711765289306641,0.001581333333333333,0.345703125,52.392778752,38862848
594,4.787661075592041,0.001584,0.341796875,52.392778752,38928384
595,5.196340084075928,0.0015866666666666666,0.28125,52.392778752,38993920
596,4.913126468658447,0.0015893333333333332,0.291015625,52.392778752,39059456
597,4.8771257400512695,0.0015919999999999999,0.271484375,52.392778752,39124992
598,4.8836894035339355,0.0015946666666666663,0.2734375,52.392778752,39190528
599,4.800177097320557,0.0015973333333333332,0.28515625,52.392778752,39256064
600,4.49631404876709,0.0015999999999999999,0.26171875,52.392778752,39321600
601,4.771974086761475,0.0016026666666666665,0.2734375,52.392778752,39387136
602,4.804698944091797,0.0016053333333333332,0.259765625,52.392778752,39452672
603,4.969051361083984,0.001608,0.263671875,52.392778752,39518208
604,4.771077632904053,0.0016106666666666665,0.275390625,52.392778752,39583744
605,4.996098518371582,0.0016133333333333334,0.279296875,52.392778752,39649280
606,4.844194412231445,0.0016159999999999998,0.2578125,52.392778752,39714816
607,4.991140365600586,0.0016186666666666665,0.279296875,52.392778752,39780352
608,4.839753150939941,0.0016213333333333331,0.279296875,52.392778752,39845888
609,5.197239875793457,0.0016239999999999998,0.27734375,52.392778752,39911424
610,4.726256370544434,0.0016266666666666667,0.349609375,52.392778752,39976960
611,4.415600776672363,0.0016293333333333331,0.30078125,52.392778752,40042496
612,4.633057594299316,0.001632,0.33984375,52.392778752,40108032
613,4.7796735763549805,0.0016346666666666664,0.33984375,52.392778752,40173568
614,4.87216854095459,0.001637333333333333,0.318359375,52.392778752,40239104
615,4.874553680419922,0.00164,0.328125,52.392778752,40304640
616,4.9991984367370605,0.0016426666666666664,0.314453125,52.392778752,40370176
617,4.793718338012695,0.0016453333333333333,0.291015625,52.392778752,40435712
618,4.744085788726807,0.0016479999999999997,0.294921875,52.392778752,40501248
619,4.800541400909424,0.0016506666666666666,0.3359375,52.392778752,40566784
620,4.650552272796631,0.0016533333333333333,0.326171875,52.392778752,40632320
621,4.789642333984375,0.0016559999999999997,0.267578125,52.392778752,40697856
622,4.853536605834961,0.0016586666666666666,0.28125,52.392778752,40763392
623,4.743201732635498,0.001661333333333333,0.296875,52.392778752,40828928
624,4.981923580169678,0.001664,0.322265625,52.392778752,40894464
625,4.9975433349609375,0.0016666666666666666,0.294921875,52.392778752,40960000
626,4.734812259674072,0.0016693333333333332,0.2890625,52.392778752,41025536
627,4.679393768310547,0.0016719999999999999,0.33203125,52.392778752,41091072
628,4.763733863830566,0.0016746666666666668,0.3515625,52.392778752,41156608
629,4.749207973480225,0.0016773333333333332,0.2890625,52.392778752,41222144
630,4.563094615936279,0.0016799999999999999,0.298828125,52.392778752,41287680
631,5.022840976715088,0.0016826666666666665,0.265625,52.392778752,41353216
632,4.570986747741699,0.0016853333333333332,0.265625,52.392778752,41418752
633,4.7407965660095215,0.0016879999999999998,0.275390625,52.392778752,41484288
634,4.667379379272461,0.0016906666666666665,0.27734375,52.392778752,41549824
635,4.744002342224121,0.0016933333333333334,0.279296875,52.392778752,41615360
636,4.777193069458008,0.0016959999999999998,0.26171875,52.392778752,41680896
637,4.737993240356445,0.0016986666666666665,0.291015625,52.392778752,41746432
638,4.642328262329102,0.0017013333333333331,0.25390625,52.392778752,41811968
639,4.9577789306640625,0.0017039999999999998,0.28515625,52.392778752,41877504
640,4.7623796463012695,0.0017066666666666667,0.2578125,52.392778752,41943040
641,5.392965316772461,0.001709333333333333,0.25,52.392778752,42008576
642,4.808502197265625,0.001712,0.255859375,52.392778752,42074112
643,4.73721981048584,0.0017146666666666664,0.2490234375,52.392778752,42139648
644,4.342981338500977,0.001717333333333333,0.25390625,52.392778752,42205184
645,4.557991981506348,0.00172,0.28125,52.392778752,42270720
646,4.859567642211914,0.0017226666666666664,0.25390625,52.392778752,42336256
647,4.952633857727051,0.0017253333333333333,0.3125,52.392778752,42401792
648,4.801028728485107,0.0017279999999999997,0.275390625,52.392778752,42467328
649,4.760104179382324,0.0017306666666666666,0.28515625,52.392778752,42532864
650,4.74179220199585,0.0017333333333333333,0.25390625,52.392778752,42598400
651,4.870279788970947,0.001736,0.287109375,52.392778752,42663936
652,4.78123664855957,0.0017386666666666666,0.2734375,52.392778752,42729472
653,4.85498046875,0.001741333333333333,0.2890625,52.392778752,42795008
654,4.853998184204102,0.0017439999999999999,0.27734375,52.392778752,42860544
655,4.7458953857421875,0.0017466666666666663,0.294921875,52.392778752,42926080
656,4.742706298828125,0.0017493333333333332,0.265625,52.392778752,42991616
657,4.73909854888916,0.0017519999999999999,0.265625,52.392778752,43057152
658,4.4654717445373535,0.0017546666666666665,0.271484375,52.392778752,43122688
659,4.643699645996094,0.0017573333333333332,0.287109375,52.392778752,43188224
660,4.876362323760986,0.0017599999999999996,0.294921875,52.392778752,43253760
661,4.758187294006348,0.0017626666666666665,0.275390625,52.392778752,43319296
662,4.625561714172363,0.0017653333333333332,0.26171875,52.392778752,43384832
663,4.812679290771484,0.0017679999999999998,0.279296875,52.392778752,43450368
664,4.745413780212402,0.0017706666666666665,0.306640625,52.392778752,43515904
665,4.7980217933654785,0.0017733333333333334,0.31640625,52.392778752,43581440
666,4.816355228424072,0.0017759999999999998,0.30859375,52.392778752,43646976
667,4.965188980102539,0.0017786666666666667,0.298828125,52.392778752,43712512
668,4.635107517242432,0.0017813333333333331,0.30078125,52.392778752,43778048
669,4.628603458404541,0.0017839999999999998,0.259765625,52.392778752,43843584
670,4.932486057281494,0.0017866666666666667,0.291015625,52.392778752,43909120
671,4.890862464904785,0.001789333333333333,0.29296875,52.392778752,43974656
672,4.412951469421387,0.001792,0.337890625,52.392778752,44040192
673,4.765233039855957,0.0017946666666666664,0.265625,52.392778752,44105728
674,4.638950347900391,0.0017973333333333333,0.2734375,52.392778752,44171264
675,4.612615585327148,0.0018,0.28125,52.392778752,44236800
676,4.626835823059082,0.0018026666666666664,0.271484375,52.392778752,44302336
677,4.385160446166992,0.0018053333333333333,0.265625,52.392778752,44367872
678,4.7661285400390625,0.0018079999999999997,0.291015625,52.392778752,44433408
679,4.786747932434082,0.0018106666666666666,0.267578125,52.392778752,44498944
680,4.600538730621338,0.001813333333333333,0.26171875,52.392778752,44564480
681,4.615111351013184,0.001816,0.265625,52.392778752,44630016
682,4.5576958656311035,0.0018186666666666666,0.2431640625,52.392778752,44695552
683,4.525415420532227,0.001821333333333333,0.255859375,52.392778752,44761088
684,4.798820495605469,0.0018239999999999999,0.248046875,52.392778752,44826624
685,4.620799541473389,0.0018266666666666663,0.26953125,52.392778752,44892160
686,4.663618087768555,0.0018293333333333332,0.2431640625,52.392778752,44957696
687,4.645063400268555,0.0018319999999999999,0.26953125,52.392778752,45023232
688,4.797464847564697,0.0018346666666666665,0.2890625,52.392778752,45088768
689,4.638720512390137,0.0018373333333333332,0.275390625,52.392778752,45154304
690,4.528118133544922,0.00184,0.26171875,52.392778752,45219840
691,4.791835308074951,0.0018426666666666665,0.2578125,52.392778752,45285376
692,4.793432235717773,0.0018453333333333332,0.2431640625,52.392778752,45350912
693,4.604369163513184,0.0018479999999999998,0.2431640625,52.392778752,45416448
694,4.779244422912598,0.0018506666666666665,0.2734375,52.392778752,45481984
695,4.581841468811035,0.0018533333333333334,0.2578125,52.392778752,45547520
696,4.508932113647461,0.0018559999999999998,0.2421875,52.392778752,45613056
697,4.688031196594238,0.0018586666666666667,0.28125,52.392778752,45678592
698,4.710321426391602,0.0018613333333333331,0.28515625,52.392778752,45744128
699,4.672247886657715,0.0018639999999999998,0.2421875,52.392778752,45809664
700,4.468720436096191,0.0018666666666666664,0.287109375,52.392778752,45875200
701,4.814700126647949,0.001869333333333333,0.265625,52.392778752,45940736
702,4.555306434631348,0.001872,0.36328125,52.392778752,46006272
703,4.749822616577148,0.0018746666666666664,0.28125,52.392778752,46071808
704,4.332399845123291,0.0018773333333333333,0.314453125,52.392778752,46137344
705,4.618742942810059,0.0018799999999999997,0.23828125,52.392778752,46202880
706,5.002658843994141,0.0018826666666666666,0.279296875,52.392778752,46268416
707,4.570106506347656,0.0018853333333333333,0.26953125,52.392778752,46333952
708,4.556786060333252,0.0018879999999999997,0.259765625,52.392778752,46399488
709,4.504079341888428,0.0018906666666666666,0.232421875,52.392778752,46465024
710,4.69265079498291,0.001893333333333333,0.259765625,52.392778752,46530560
711,4.3431267738342285,0.001896,0.275390625,52.392778752,46596096
712,4.333974838256836,0.0018986666666666666,0.279296875,52.392778752,46661632
713,4.655387878417969,0.0019013333333333332,0.29296875,52.392778752,46727168
714,4.569279670715332,0.0019039999999999999,0.30078125,52.392778752,46792704
715,4.55016565322876,0.0019066666666666663,0.291015625,52.392778752,46858240
716,4.599381446838379,0.0019093333333333332,0.3203125,52.392778752,46923776
717,4.543227195739746,0.0019119999999999999,0.328125,52.392778752,46989312
718,4.811890602111816,0.0019146666666666665,0.3046875,52.392778752,47054848
719,4.656924724578857,0.0019173333333333332,0.296875,52.392778752,47120384
720,4.763564109802246,0.0019199999999999998,0.25,52.392778752,47185920
721,4.613398551940918,0.0019226666666666665,0.275390625,52.392778752,47251456
722,4.553903579711914,0.001925333333333333,0.2431640625,52.392778752,47316992
723,4.517504692077637,0.0019279999999999998,0.25390625,52.392778752,47382528
724,4.950588703155518,0.0019306666666666665,0.251953125,52.392778752,47448064
725,4.778126239776611,0.0019333333333333331,0.265625,52.392778752,47513600
726,4.692172050476074,0.0019359999999999998,0.279296875,52.392778752,47579136
727,4.585048675537109,0.0019386666666666667,0.298828125,52.392778752,47644672
728,4.839700698852539,0.001941333333333333,0.2412109375,52.392778752,47710208
729,4.0070271492004395,0.001944,0.2734375,52.392778752,47775744
730,4.729679584503174,0.0019466666666666664,0.2490234375,52.392778752,47841280
731,4.727709770202637,0.001949333333333333,0.2578125,52.392778752,47906816
732,4.995058059692383,0.001952,0.298828125,52.392778752,47972352
733,4.558847427368164,0.0019546666666666666,0.27734375,52.392778752,48037888
734,4.522662162780762,0.001957333333333333,0.294921875,52.392778752,48103424
735,4.5687665939331055,0.00196,0.2333984375,52.392778752,48168960
736,4.61207914352417,0.001962666666666667,0.283203125,52.392778752,48234496
737,4.655752182006836,0.0019653333333333333,0.251953125,52.392778752,48300032
738,4.671901226043701,0.0019679999999999997,0.263671875,52.392778752,48365568
739,4.594677925109863,0.0019706666666666666,0.279296875,52.392778752,48431104
740,4.557459831237793,0.001973333333333333,0.26171875,52.392778752,48496640
741,4.6089372634887695,0.001976,0.26171875,52.392778752,48562176
742,4.800918102264404,0.0019786666666666663,0.30078125,52.392778752,48627712
743,4.496299743652344,0.001981333333333333,0.32421875,52.392778752,48693248
744,4.9655961990356445,0.0019839999999999997,0.380859375,52.392778752,48758784
745,4.138091564178467,0.0019866666666666665,0.296875,52.392778752,48824320
746,4.663311958312988,0.001989333333333333,0.271484375,52.392778752,48889856
747,4.530353546142578,0.001992,0.30078125,52.392778752,48955392
748,4.670876502990723,0.0019946666666666667,0.30078125,52.392778752,49020928
749,4.945380210876465,0.001997333333333333,0.275390625,52.392778752,49086464
750,4.611016750335693,0.002,0.244140625,52.392778752,49152000
751,4.518919944763184,0.0020026666666666665,0.263671875,52.392778752,49217536
752,4.568228721618652,0.0020053333333333334,0.26171875,52.392778752,49283072
753,4.446995258331299,0.002008,0.275390625,52.392778752,49348608
754,4.809263229370117,0.0020106666666666662,0.2431640625,52.392778752,49414144
755,4.7118730545043945,0.002013333333333333,0.265625,52.392778752,49479680
756,4.546616077423096,0.0020159999999999996,0.263671875,52.392778752,49545216
757,4.403346061706543,0.0020186666666666664,0.251953125,52.392778752,49610752
758,4.646474361419678,0.0020213333333333333,0.25390625,52.392778752,49676288
759,4.587972640991211,0.0020239999999999998,0.23828125,52.392778752,49741824
760,4.452522277832031,0.0020266666666666666,0.259765625,52.392778752,49807360
761,4.623492240905762,0.002029333333333333,0.255859375,52.392778752,49872896
762,4.532371520996094,0.002032,0.26953125,52.392778752,49938432
763,4.645832061767578,0.0020346666666666664,0.28125,52.392778752,50003968
764,4.511111259460449,0.0020373333333333333,0.25390625,52.392778752,50069504
765,4.307635307312012,0.0020399999999999997,0.251953125,52.392778752,50135040
766,4.355996131896973,0.0020426666666666666,0.2578125,52.392778752,50200576
767,4.709616661071777,0.002045333333333333,0.2314453125,52.392778752,50266112
768,4.580246448516846,0.002048,0.255859375,52.392778752,50331648
769,4.302499771118164,0.0020506666666666663,0.2431640625,52.392778752,50397184
770,4.916481018066406,0.0020533333333333332,0.2890625,52.392778752,50462720
771,4.561657905578613,0.0020559999999999997,0.2470703125,52.392778752,50528256
772,4.537481784820557,0.0020586666666666665,0.2578125,52.392778752,50593792
773,4.685445785522461,0.0020613333333333334,0.2294921875,52.392778752,50659328
774,4.566973686218262,0.002064,0.2373046875,52.392778752,50724864
775,4.5065484046936035,0.0020666666666666667,0.279296875,52.392778752,50790400
776,4.652101516723633,0.002069333333333333,0.283203125,52.392778752,50855936
777,4.635274887084961,0.0020719999999999996,0.2412109375,52.392778752,50921472
778,4.4830169677734375,0.0020746666666666665,0.24609375,52.392778752,50987008
779,4.635043144226074,0.002077333333333333,0.236328125,52.392778752,51052544
780,4.436774253845215,0.00208,0.302734375,52.392778752,51118080
781,4.667740345001221,0.0020826666666666663,0.2578125,52.392778752,51183616
782,4.562586307525635,0.002085333333333333,0.259765625,52.392778752,51249152
783,4.501564979553223,0.002088,0.255859375,52.392778752,51314688
784,4.4643402099609375,0.0020906666666666665,0.28125,52.392778752,51380224
785,4.406558990478516,0.0020933333333333333,0.310546875,52.392778752,51445760
786,4.429103851318359,0.0020959999999999998,0.2470703125,52.392778752,51511296
787,4.505040168762207,0.0020986666666666666,0.275390625,52.392778752,51576832
788,4.652397155761719,0.002101333333333333,0.25,52.392778752,51642368
789,4.611621379852295,0.002104,0.271484375,52.392778752,51707904
790,4.568752765655518,0.0021066666666666664,0.265625,52.392778752,51773440
791,4.576154708862305,0.0021093333333333333,0.30859375,52.392778752,51838976
792,4.455619812011719,0.0021119999999999997,0.291015625,52.392778752,51904512
793,4.506939888000488,0.002114666666666666,0.294921875,52.392778752,51970048
794,4.192235946655273,0.002117333333333333,0.23828125,52.392778752,52035584
795,4.6934919357299805,0.00212,0.251953125,52.392778752,52101120
796,4.507943153381348,0.0021226666666666664,0.2490234375,52.392778752,52166656
797,4.572963237762451,0.0021253333333333332,0.234375,52.392778752,52232192
798,4.513859272003174,0.002128,0.2421875,52.392778752,52297728
799,4.592012405395508,0.0021306666666666666,0.255859375,52.392778752,52363264
800,4.436243057250977,0.002133333333333333,0.26953125,52.392778752,52428800
801,4.456541061401367,0.002136,0.24609375,52.392778752,52494336
802,4.474893569946289,0.0021386666666666663,0.255859375,52.392778752,52559872
803,4.587644577026367,0.002141333333333333,0.306640625,52.392778752,52625408
804,4.486476421356201,0.0021439999999999996,0.36328125,52.392778752,52690944
805,4.532231330871582,0.0021466666666666665,0.33203125,52.392778752,52756480
806,4.245582103729248,0.002149333333333333,0.30078125,52.392778752,52822016
807,4.454486846923828,0.002152,0.271484375,52.392778752,52887552
808,4.66428804397583,0.0021546666666666667,0.26953125,52.392778752,52953088
809,4.2742919921875,0.002157333333333333,0.26953125,52.392778752,53018624
810,4.579318523406982,0.00216,0.251953125,52.392778752,53084160
811,4.335295677185059,0.0021626666666666665,0.275390625,52.392778752,53149696
812,4.548267364501953,0.0021653333333333333,0.25390625,52.392778752,53215232
813,4.601114273071289,0.002168,0.29296875,52.392778752,53280768
814,4.3452911376953125,0.0021706666666666667,0.28515625,52.392778752,53346304
815,4.459237098693848,0.002173333333333333,0.259765625,52.392778752,53411840
816,4.413447380065918,0.0021759999999999995,0.25390625,52.392778752,53477376
817,4.457623481750488,0.0021786666666666664,0.2470703125,52.392778752,53542912
818,4.645317077636719,0.002181333333333333,0.296875,52.392778752,53608448
819,4.4253644943237305,0.0021839999999999997,0.345703125,52.392778752,53673984
820,4.587689399719238,0.0021866666666666666,0.25,52.392778752,53739520
821,4.367762565612793,0.002189333333333333,0.2890625,52.392778752,53805056
822,4.397393703460693,0.002192,0.29296875,52.392778752,53870592
823,4.632599830627441,0.0021946666666666664,0.2490234375,52.392778752,53936128
824,4.389659881591797,0.0021973333333333333,0.275390625,52.392778752,54001664
825,4.588167190551758,0.0021999999999999997,0.26171875,52.392778752,54067200
826,4.6162896156311035,0.0022026666666666666,0.25,52.392778752,54132736
827,4.359706878662109,0.002205333333333333,0.2578125,52.392778752,54198272
828,4.709349632263184,0.002208,0.283203125,52.392778752,54263808
829,4.555295467376709,0.0022106666666666663,0.220703125,52.392778752,54329344
830,4.549623966217041,0.002213333333333333,0.26171875,52.392778752,54394880
831,4.3413004875183105,0.0022159999999999997,0.2451171875,52.392778752,54460416
832,4.570249557495117,0.0022186666666666665,0.244140625,52.392778752,54525952
833,4.610288619995117,0.002221333333333333,0.28515625,52.392778752,54591488
834,4.442688941955566,0.002224,0.244140625,52.392778752,54657024
835,4.16727352142334,0.0022266666666666667,0.26953125,52.392778752,54722560
836,4.434101581573486,0.002229333333333333,0.2392578125,52.392778752,54788096
837,4.621312141418457,0.002232,0.271484375,52.392778752,54853632
838,4.213442802429199,0.0022346666666666665,0.2353515625,52.392778752,54919168
839,4.585263252258301,0.002237333333333333,0.2578125,52.392778752,54984704
840,4.979308605194092,0.00224,0.259765625,52.392778752,55050240
841,4.2973222732543945,0.0022426666666666662,0.345703125,52.392778752,55115776
842,4.391935348510742,0.002245333333333333,0.25390625,52.392778752,55181312
843,4.442107200622559,0.0022479999999999996,0.287109375,52.392778752,55246848
844,4.366463661193848,0.0022506666666666664,0.310546875,52.392778752,55312384
845,4.458062171936035,0.0022533333333333333,0.259765625,52.392778752,55377920
846,5.097223281860352,0.0022559999999999998,0.294921875,52.392778752,55443456
847,4.464987277984619,0.0022586666666666666,0.2578125,52.392778752,55508992
848,4.47198486328125,0.002261333333333333,0.26953125,52.392778752,55574528
849,4.732692241668701,0.002264,0.322265625,52.392778752,55640064
850,4.578746795654297,0.0022666666666666664,0.27734375,52.392778752,55705600
851,4.649324417114258,0.0022693333333333333,0.33203125,52.392778752,55771136
852,4.534152984619141,0.0022719999999999997,0.271484375,52.392778752,55836672
853,4.643011093139648,0.0022746666666666666,0.314453125,52.392778752,55902208
854,4.856203556060791,0.002277333333333333,0.2890625,52.392778752,55967744
855,4.698294162750244,0.00228,0.28515625,52.392778752,56033280
856,4.263139724731445,0.0022826666666666664,0.287109375,52.392778752,56098816
857,4.352472305297852,0.0022853333333333332,0.2373046875,52.392778752,56164352
858,4.128483772277832,0.0022879999999999997,0.27734375,52.392778752,56229888
859,4.298369884490967,0.0022906666666666665,0.2451171875,52.392778752,56295424
860,4.819230079650879,0.0022933333333333334,0.294921875,52.392778752,56360960
861,4.3629069328308105,0.002296,0.232421875,52.392778752,56426496
862,4.316437721252441,0.0022986666666666663,0.26171875,52.392778752,56492032
863,4.4688568115234375,0.002301333333333333,0.27734375,52.392778752,56557568
864,4.574118614196777,0.0023039999999999996,0.2734375,52.392778752,56623104
865,4.274946212768555,0.0023066666666666665,0.283203125,52.392778752,56688640
866,4.433663368225098,0.002309333333333333,0.283203125,52.392778752,56754176
867,4.473447322845459,0.002312,0.2578125,52.392778752,56819712
868,4.603551387786865,0.0023146666666666663,0.251953125,52.392778752,56885248
869,4.559866905212402,0.002317333333333333,0.27734375,52.392778752,56950784
870,4.636765956878662,0.00232,0.27734375,52.392778752,57016320
871,4.592045783996582,0.0023226666666666665,0.2734375,52.392778752,57081856
872,4.42198371887207,0.0023253333333333333,0.24609375,52.392778752,57147392
873,4.577460289001465,0.0023279999999999998,0.255859375,52.392778752,57212928
874,4.596745491027832,0.0023306666666666667,0.240234375,52.392778752,57278464
875,4.907208442687988,0.002333333333333333,0.25390625,52.392778752,57344000
876,4.73356819152832,0.002336,0.2294921875,52.392778752,57409536
877,4.4234514236450195,0.0023386666666666664,0.265625,52.392778752,57475072
878,4.533158779144287,0.002341333333333333,0.2451171875,52.392778752,57540608
879,4.338578701019287,0.0023439999999999997,0.26171875,52.392778752,57606144
880,4.619197845458984,0.002346666666666666,0.23046875,52.392778752,57671680
881,4.487693786621094,0.002349333333333333,0.298828125,52.392778752,57737216
882,4.262036323547363,0.002352,0.2578125,52.392778752,57802752
883,4.464814186096191,0.0023546666666666664,0.248046875,52.392778752,57868288
884,4.318174362182617,0.0023573333333333332,0.2578125,52.392778752,57933824
885,4.196915626525879,0.0023599999999999997,0.283203125,52.392778752,57999360
886,4.589177131652832,0.0023626666666666666,0.25,52.392778752,58064896
887,4.1134257316589355,0.002365333333333333,0.279296875,52.392778752,58130432
888,4.3498454093933105,0.002368,0.28125,52.392778752,58195968
889,4.4232988357543945,0.0023706666666666663,0.236328125,52.392778752,58261504
890,4.432517051696777,0.002373333333333333,0.31640625,52.392778752,58327040
891,4.390351295471191,0.0023759999999999996,0.298828125,52.392778752,58392576
892,4.4274492263793945,0.0023786666666666665,0.232421875,52.392778752,58458112
893,4.537205219268799,0.002381333333333333,0.248046875,52.392778752,58523648
894,4.371821403503418,0.002384,0.271484375,52.392778752,58589184
895,4.3191938400268555,0.0023866666666666667,0.240234375,52.392778752,58654720
896,4.189632415771484,0.002389333333333333,0.2490234375,52.392778752,58720256
897,4.1376261711120605,0.002392,0.61328125,52.392778752,58785792
898,4.43732213973999,0.0023946666666666665,0.240234375,52.392778752,58851328
899,4.456338882446289,0.0023973333333333333,0.2578125,52.392778752,58916864
900,4.272225379943848,0.0024,0.283203125,52.392778752,58982400
901,4.290350914001465,0.00239999998275255,0.259765625,52.392778752,59047936
902,4.360644340515137,0.0023999999310102015,0.2578125,52.392778752,59113472
903,4.444786071777344,0.002399999844772955,0.2470703125,52.392778752,59179008
904,4.467655658721924,0.002399999724040815,0.3046875,52.392778752,59244544
905,4.381929397583008,0.002399999568813784,0.265625,52.392778752,59310080
906,4.393861770629883,0.002399999379091868,0.259765625,52.392778752,59375616
907,4.472073554992676,0.002399999154875073,0.326171875,52.392778752,59441152
908,4.485047817230225,0.0023999988961634065,0.2470703125,52.392778752,59506688
909,4.745562553405762,0.002399998602956877,0.306640625,52.392778752,59572224
910,4.4784650802612305,0.002399998275255494,0.2412109375,52.392778752,59637760
911,4.5399274826049805,0.0023999979130592693,0.2333984375,52.392778752,59703296
912,4.573544502258301,0.002399997516368214,0.2294921875,52.392778752,59768832
913,4.254417419433594,0.0023999970851823413,0.29296875,52.392778752,59834368
914,4.2749342918396,0.002399996619501666,0.251953125,52.392778752,59899904
915,4.277196884155273,0.0023999961193262027,0.2451171875,52.392778752,59965440
916,4.436214447021484,0.0023999955846559684,0.26171875,52.392778752,60030976
917,4.554410934448242,0.002399995015490982,0.2255859375,52.392778752,60096512
918,4.467107772827148,0.002399994411831261,0.2392578125,52.392778752,60162048
919,4.343539237976074,0.0023999937736768257,0.271484375,52.392778752,60227584
920,4.447927474975586,0.0023999931010276975,0.2412109375,52.392778752,60293120
921,4.524500370025635,0.0023999923938838987,0.255859375,52.392778752,60358656
922,4.421402931213379,0.002399991652245452,0.310546875,52.392778752,60424192
923,4.614120006561279,0.002399990876112383,0.2333984375,52.392778752,60489728
924,4.1687445640563965,0.0023999900654847173,0.2890625,52.392778752,60555264
925,4.130125999450684,0.0023999892203624812,0.267578125,52.392778752,60620800
926,4.431705474853516,0.0023999883407457034,0.255859375,52.392778752,60686336
927,4.339411735534668,0.002399987426634412,0.265625,52.392778752,60751872
928,4.434408187866211,0.002399986478028639,0.2392578125,52.392778752,60817408
929,4.407951354980469,0.002399985494928415,0.251953125,52.392778752,60882944
930,4.531348705291748,0.002399984477333772,0.28125,52.392778752,60948480
931,3.960440158843994,0.0023999834252447444,0.24609375,52.392778752,61014016
932,4.394851207733154,0.0023999823386613665,0.265625,52.392778752,61079552
933,4.275962829589844,0.0023999812175836757,0.2392578125,52.392778752,61145088
934,4.4611992835998535,0.0023999800620117086,0.2216796875,52.392778752,61210624
935,4.423788070678711,0.0023999788719455024,0.27734375,52.392778752,61276160
936,4.352816581726074,0.002399977647385097,0.2734375,52.392778752,61341696
937,4.170678615570068,0.0023999763883305347,0.2236328125,52.392778752,61407232
938,4.091531276702881,0.0023999750947818555,0.259765625,52.392778752,61472768
939,4.231322288513184,0.0023999737667391025,0.2177734375,52.392778752,61538304
940,4.5550994873046875,0.0023999724042023203,0.26171875,52.392778752,61603840
941,4.563906669616699,0.002399971007171554,0.248046875,52.392778752,61669376
942,4.573973655700684,0.0023999695756468497,0.234375,52.392778752,61734912
943,4.343779563903809,0.002399968109628255,0.255859375,52.392778752,61800448
944,4.436347007751465,0.0023999666091158185,0.251953125,52.392778752,61865984
945,4.611911296844482,0.0023999650741095896,0.2353515625,52.392778752,61931520
946,4.406526565551758,0.0023999635046096195,0.369140625,52.392778752,61997056
947,4.365715980529785,0.002399961900615961,0.2734375,52.392778752,62062592
948,4.400045394897461,0.002399960262128666,0.29296875,52.392778752,62128128
949,4.399063587188721,0.0023999585891477902,0.2578125,52.392778752,62193664
950,4.427146911621094,0.0023999568816733875,0.2392578125,52.392778752,62259200
951,4.273909091949463,0.002399955139705516,0.2578125,52.392778752,62324736
952,4.5430498123168945,0.0023999533632442327,0.255859375,52.392778752,62390272
953,4.400178909301758,0.002399951552289597,0.236328125,52.392778752,62455808
954,4.396147727966309,0.002399949706841668,0.302734375,52.392778752,62521344
955,4.0637054443359375,0.002399947826900508,0.29296875,52.392778752,62586880
956,4.300172805786133,0.002399945912466179,0.26953125,52.392778752,62652416
957,4.105457305908203,0.0023999439635387448,0.275390625,52.392778752,62717952
958,4.639731407165527,0.0023999419801182687,0.23828125,52.392778752,62783488
959,4.445745468139648,0.002399939962204818,0.3046875,52.392778752,62849024
960,4.254365921020508,0.002399937909798459,0.26953125,52.392778752,62914560
961,4.344147682189941,0.0023999358228992598,0.298828125,52.392778752,62980096
962,4.246550559997559,0.00239993370150729,0.255859375,52.392778752,63045632
963,4.073301315307617,0.0023999315456226192,0.26171875,52.392778752,63111168
964,4.346278190612793,0.0023999293552453196,0.28125,52.392778752,63176704
965,4.448334217071533,0.002399927130375464,0.244140625,52.392778752,63242240
966,4.457000255584717,0.002399924871013125,0.2265625,52.392778752,63307776
967,4.236261367797852,0.002399922577158379,0.2490234375,52.392778752,63373312
968,4.39373254776001,0.002399920248811301,0.2294921875,52.392778752,63438848
969,4.266362190246582,0.0023999178859719686,0.2412109375,52.392778752,63504384
970,4.228084564208984,0.0023999154886404604,0.267578125,52.392778752,63569920
971,4.293153762817383,0.0023999130568168555,0.275390625,52.392778752,63635456
972,4.283005237579346,0.0023999105905012355,0.26171875,52.392778752,63700992
973,4.114428520202637,0.002399908089693681,0.314453125,52.392778752,63766528
974,4.259222030639648,0.002399905554394275,0.25390625,52.392778752,63832064
975,4.28993034362793,0.002399902984603103,0.267578125,52.392778752,63897600
976,4.3978681564331055,0.0023999003803202488,0.26171875,52.392778752,63963136
977,4.188715934753418,0.002399897741545799,0.26953125,52.392778752,64028672
978,4.358457088470459,0.0023998950682798414,0.251953125,52.392778752,64094208
979,4.330166339874268,0.002399892360522465,0.279296875,52.392778752,64159744
980,4.398287296295166,0.0023998896182737587,0.2451171875,52.392778752,64225280
981,4.240392684936523,0.002399886841533815,0.2412109375,52.392778752,64290816
982,4.3545427322387695,0.002399884030302724,0.26171875,52.392778752,64356352
983,4.464788436889648,0.0023998811845805804,0.2578125,52.392778752,64421888
984,4.388838768005371,0.002399878304367478,0.326171875,52.392778752,64487424
985,4.387901306152344,0.002399875389663513,0.275390625,52.392778752,64552960
986,4.421009063720703,0.0023998724404687807,0.23828125,52.392778752,64618496
987,4.311878204345703,0.0023998694567833804,0.244140625,52.392778752,64684032
988,4.53906774520874,0.00239986643860741,0.2392578125,52.392778752,64749568
989,4.22630500793457,0.00239986338594097,0.251953125,52.392778752,64815104
990,4.3848676681518555,0.002399860298784162,0.25390625,52.392778752,64880640
991,4.200006008148193,0.002399857177137088,0.25390625,52.392778752,64946176
992,4.426052093505859,0.0023998540209998515,0.30859375,52.392778752,65011712
993,4.2162933349609375,0.0023998508303725574,0.23046875,52.392778752,65077248
994,4.473958969116211,0.0023998476052553112,0.2470703125,52.392778752,65142784
995,4.394203186035156,0.002399844345648221,0.2392578125,52.392778752,65208320
996,4.146799087524414,0.002399841051551393,0.2451171875,52.392778752,65273856
997,4.001337051391602,0.002399837722964938,0.2412109375,52.392778752,65339392
998,3.8507962226867676,0.0023998343598889654,0.2490234375,52.392778752,65404928
999,4.412951469421387,0.002399830962323587,0.232421875,52.392778752,65470464
1000,4.342629432678223,0.002399827530268917,0.26953125,52.392778752,65536000
1001,4.226715087890625,0.002399824063725067,0.251953125,52.392778752,65601536
1002,4.140202045440674,0.0023998205626921533,0.302734375,52.392778752,65667072
1003,4.317760467529297,0.002399817027170291,0.291015625,52.392778752,65732608
1004,4.397707939147949,0.0023998134571595986,0.298828125,52.392778752,65798144
1005,4.446678638458252,0.002399809852660194,0.298828125,52.392778752,65863680
1006,4.47292423248291,0.0023998062136721962,0.2578125,52.392778752,65929216
1007,4.395732402801514,0.002399802540195727,0.251953125,52.392778752,65994752
1008,4.304593086242676,0.002399798832230907,0.27734375,52.392778752,66060288
1009,4.1265645027160645,0.00239979508977786,0.2294921875,52.392778752,66125824
1010,4.22064208984375,0.00239979131283671,0.279296875,52.392778752,66191360
1011,4.444342613220215,0.0023997875014075826,0.2890625,52.392778752,66256896
1012,4.673627853393555,0.0023997836554906036,0.2490234375,52.392778752,66322432
1013,4.283782482147217,0.0023997797750859007,0.267578125,52.392778752,66387968
1014,4.52073860168457,0.0023997758601936024,0.3359375,52.392778752,66453504
1015,4.334946632385254,0.002399771910813839,0.224609375,52.392778752,66519040
1016,4.293976306915283,0.0023997679269467413,0.267578125,52.392778752,66584576
1017,4.4008283615112305,0.0023997639085924422,0.2421875,52.392778752,66650112
1018,4.300398826599121,0.0023997598557510737,0.2255859375,52.392778752,66715648
1019,4.308670997619629,0.002399755768422771,0.24609375,52.392778752,66781184
1020,4.352318286895752,0.0023997516466076688,0.326171875,52.392778752,66846720
1021,4.381525993347168,0.0023997474903059055,0.2431640625,52.392778752,66912256
1022,4.327033042907715,0.002399743299517617,0.306640625,52.392778752,66977792
1023,4.257190704345703,0.002399739074242944,0.2333984375,52.392778752,67043328
1024,4.283229827880859,0.002399734814482026,0.2216796875,52.392778752,67108864
1025,4.442658424377441,0.002399730520235003,0.2177734375,52.392778752,67174400
1026,4.18126106262207,0.0023997261915020196,0.2421875,52.392778752,67239936
1027,4.388245582580566,0.0023997218282832177,0.205078125,52.392778752,67305472
1028,4.234836578369141,0.0023997174305787437,0.220703125,52.392778752,67371008
1029,4.335457801818848,0.0023997129983887415,0.232421875,52.392778752,67436544
1030,4.339177131652832,0.002399708531713359,0.28515625,52.392778752,67502080
1031,4.431023597717285,0.0023997040305527447,0.251953125,52.392778752,67567616
1032,4.1630473136901855,0.002399699494907048,0.283203125,52.392778752,67633152
1033,4.370137691497803,0.002399694924776419,0.224609375,52.392778752,67698688
1034,4.3318939208984375,0.0023996903201610083,0.2392578125,52.392778752,67764224
1035,4.182502269744873,0.00239968568106097,0.283203125,52.392778752,67829760
1036,4.346695899963379,0.0023996810074764577,0.240234375,52.392778752,67895296
1037,4.357692718505859,0.0023996762994076266,0.275390625,52.392778752,67960832
1038,4.406960487365723,0.0023996715568546318,0.265625,52.392778752,68026368
1039,4.4774580001831055,0.002399666779817632,0.2255859375,52.392778752,68091904
1040,4.35250186920166,0.002399661968296784,0.271484375,52.392778752,68157440
1041,4.374853134155273,0.002399657122292249,0.244140625,52.392778752,68222976
1042,4.215940952301025,0.0023996522418041873,0.236328125,52.392778752,68288512
1043,4.107769966125488,0.0023996473268327605,0.244140625,52.392778752,68354048
1044,4.310269832611084,0.002399642377378131,0.2373046875,52.392778752,68419584
1045,4.302374839782715,0.002399637393440464,0.20703125,52.392778752,68485120
1046,4.081736087799072,0.0023996323750199245,0.25,52.392778752,68550656
1047,4.317654609680176,0.002399627322116679,0.2265625,52.392778752,68616192
1048,4.354801654815674,0.0023996222347308946,0.263671875,52.392778752,68681728
1049,4.492161273956299,0.0023996171128627406,0.236328125,52.392778752,68747264
1050,4.410594940185547,0.002399611956512387,0.2431640625,52.392778752,68812800
1051,4.500859260559082,0.0023996067656800045,0.2353515625,52.392778752,68878336
1052,4.251681804656982,0.002399601540365765,0.20703125,52.392778752,68943872
1053,4.386870384216309,0.0023995962805698425,0.2392578125,52.392778752,69009408
1054,4.559340000152588,0.0023995909862924106,0.23046875,52.392778752,69074944
1055,4.132478713989258,0.0023995856575336457,0.259765625,52.392778752,69140480
1056,4.169299125671387,0.002399580294293724,0.2109375,52.392778752,69206016
1057,4.149950981140137,0.002399574896572824,0.2451171875,52.392778752,69271552
1058,4.237406253814697,0.002399569464371124,0.248046875,52.392778752,69337088
1059,4.151897430419922,0.002399563997688805,0.23046875,52.392778752,69402624
1060,4.23689079284668,0.0023995584965260473,0.2578125,52.392778752,69468160
1061,4.448038101196289,0.002399552960883034,0.216796875,52.392778752,69533696
1062,4.225813865661621,0.0023995473907599484,0.263671875,52.392778752,69599232
1063,4.464996337890625,0.0023995417861569757,0.283203125,52.392778752,69664768
1064,4.2604265213012695,0.002399536147074302,0.2138671875,52.392778752,69730304
1065,4.29172945022583,0.0023995304735121136,0.2353515625,52.392778752,69795840
1066,4.139090061187744,0.002399524765470599,0.251953125,52.392778752,69861376
1067,4.21321439743042,0.002399519022949947,0.2265625,52.392778752,69926912
1068,3.9877402782440186,0.0023995132459503497,0.2197265625,52.392778752,69992448
1069,3.8719065189361572,0.0023995074344719965,0.25390625,52.392778752,70057984
1070,4.267223358154297,0.0023995015885150814,0.265625,52.392778752,70123520
1071,4.233941078186035,0.0023994957080797985,0.314453125,52.392778752,70189056
1072,4.1569695472717285,0.0023994897931663424,0.251953125,52.392778752,70254592
1073,4.089689254760742,0.0023994838437749093,0.248046875,52.392778752,70320128
1074,4.330615043640137,0.0023994778599056967,0.25,52.392778752,70385664
1075,4.352516174316406,0.002399471841558903,0.2373046875,52.392778752,70451200
1076,4.138785362243652,0.0023994657887347276,0.2216796875,52.392778752,70516736
1077,4.2996416091918945,0.0023994597014333715,0.24609375,52.392778752,70582272
1078,4.417427062988281,0.0023994535796550373,0.314453125,52.392778752,70647808
1079,4.403372287750244,0.002399447423399926,0.2373046875,52.392778752,70713344
1080,4.248146057128906,0.0023994412326682436,0.275390625,52.392778752,70778880
1081,4.317187309265137,0.0023994350074601953,0.275390625,52.392778752,70844416
1082,3.9112966060638428,0.002399428747775987,0.333984375,52.392778752,70909952
1083,4.5616350173950195,0.0023994224536158263,0.2314453125,52.392778752,70975488
1084,4.2418365478515625,0.002399416124979923,0.265625,52.392778752,71041024
1085,4.4157586097717285,0.0023994097618684853,0.2734375,52.392778752,71106560
1086,4.094024658203125,0.002399403364281726,0.25390625,52.392778752,71172096
1087,4.230506420135498,0.0023993969322198554,0.251953125,52.392778752,71237632
1088,4.247793197631836,0.002399390465683089,0.283203125,52.392778752,71303168
1089,4.359996795654297,0.0023993839646716396,0.224609375,52.392778752,71368704
1090,4.327321529388428,0.0023993774291857233,0.2451171875,52.392778752,71434240
1091,4.15076208114624,0.002399370859225557,0.255859375,52.392778752,71499776
1092,4.290562152862549,0.0023993642547913588,0.232421875,52.392778752,71565312
1093,4.185791015625,0.0023993576158833473,0.26171875,52.392778752,71630848
1094,4.2245001792907715,0.0023993509425017435,0.279296875,52.392778752,71696384
1095,4.166855812072754,0.002399344234646768,0.2197265625,52.392778752,71761920
1096,4.482751846313477,0.0023993374923186434,0.2275390625,52.392778752,71827456
1097,4.1681060791015625,0.0023993307155175934,0.265625,52.392778752,71892992
1098,4.118697166442871,0.0023993239042438426,0.240234375,52.392778752,71958528
1099,4.3838396072387695,0.002399317058497617,0.26171875,52.392778752,72024064
1100,4.419124126434326,0.0023993101782791445,0.2333984375,52.392778752,72089600
1101,3.961998224258423,0.0023993032635886515,0.28125,52.392778752,72155136
1102,4.390463829040527,0.002399296314426369,0.236328125,52.392778752,72220672
1103,4.273166656494141,0.0023992893307925272,0.279296875,52.392778752,72286208
1104,4.163819789886475,0.0023992823126873573,0.23828125,52.392778752,72351744
1105,4.295354843139648,0.0023992752601110917,0.2578125,52.392778752,72417280
1106,4.28837251663208,0.0023992681730639655,0.244140625,52.392778752,72482816
1107,4.253955841064453,0.0023992610515462124,0.24609375,52.392778752,72548352
1108,4.599575996398926,0.00239925389555807,0.37890625,52.392778752,72613888
1109,4.216119766235352,0.002399246705099775,0.2373046875,52.392778752,72679424
1110,4.251336097717285,0.0023992394801715653,0.265625,52.392778752,72744960
1111,4.10407018661499,0.0023992322207736817,0.2490234375,52.392778752,72810496
1112,4.275649070739746,0.002399224926906364,0.294921875,52.392778752,72876032
1113,3.992401123046875,0.0023992175985698546,0.25,52.392778752,72941568
1114,4.049646854400635,0.002399210235764396,0.267578125,52.392778752,73007104
1115,4.3215250968933105,0.002399202838490234,0.2578125,52.392778752,73072640
1116,4.21890926361084,0.002399195406747612,0.31640625,52.392778752,73138176
1117,4.300804138183594,0.002399187940536777,0.271484375,52.392778752,73203712
1118,4.178727149963379,0.0023991804398579776,0.23828125,52.392778752,73269248
1119,4.30537223815918,0.0023991729047114618,0.322265625,52.392778752,73334784
1120,4.424923419952393,0.0023991653350974797,0.25390625,52.392778752,73400320
1121,4.2788801193237305,0.0023991577310162825,0.27734375,52.392778752,73465856
1122,4.299904823303223,0.002399150092468122,0.2470703125,52.392778752,73531392
1123,4.381471633911133,0.0023991424194532516,0.2265625,52.392778752,73596928
1124,4.150812149047852,0.002399134711971927,0.2734375,52.392778752,73662464
1125,4.331655025482178,0.0023991269700244016,0.2578125,52.392778752,73728000
1126,4.411853313446045,0.0023991191936109345,0.27734375,52.392778752,73793536
1127,4.266890525817871,0.002399111382731782,0.25,52.392778752,73859072
1128,4.191668510437012,0.0023991035373872043,0.21484375,52.392778752,73924608
1129,4.340240478515625,0.0023990956575774603,0.255859375,52.392778752,73990144
1130,4.124044418334961,0.0023990877433028124,0.23828125,52.392778752,74055680
1131,4.1685895919799805,0.002399079794563523,0.21484375,52.392778752,74121216
1132,4.523392677307129,0.0023990718113598556,0.27734375,52.392778752,74186752
1133,4.323171138763428,0.002399063793692075,0.2353515625,52.392778752,74252288
1134,4.388308525085449,0.002399055741560447,0.25390625,52.392778752,74317824
1135,4.080497741699219,0.0023990476549652392,0.28125,52.392778752,74383360
1136,4.328386306762695,0.0023990395339067187,0.2177734375,52.392778752,74448896
1137,4.1315999031066895,0.0023990313783851555,0.255859375,52.392778752,74514432
1138,4.28684663772583,0.0023990231884008202,0.2197265625,52.392778752,74579968
1139,4.179227828979492,0.002399014963953985,0.244140625,52.392778752,74645504
1140,4.317206382751465,0.002399006705044922,0.2353515625,52.392778752,74711040
1141,4.150331020355225,0.002398998411673905,0.2451171875,52.392778752,74776576
1142,4.313472270965576,0.002398990083841209,0.2275390625,52.392778752,74842112
1143,4.106812477111816,0.002398981721547111,0.2333984375,52.392778752,74907648
1144,4.160943984985352,0.0023989733247918874,0.248046875,52.392778752,74973184
1145,4.1552629470825195,0.0023989648935758175,0.244140625,52.392778752,75038720
1146,4.183592796325684,0.002398956427899181,0.232421875,52.392778752,75104256
1147,4.218793869018555,0.0023989479277622574,0.2412109375,52.392778752,75169792
1148,4.04306173324585,0.0023989393931653303,0.25390625,52.392778752,75235328
1149,4.33712100982666,0.002398930824108682,0.2451171875,52.392778752,75300864
1150,3.9769864082336426,0.0023989222205925962,0.28515625,52.392778752,75366400
1151,3.9346976280212402,0.0023989135826173592,0.2265625,52.392778752,75431936
1152,4.257443904876709,0.002398904910183257,0.2421875,52.392778752,75497472
1153,3.9719042778015137,0.002398896203290578,0.248046875,52.392778752,75563008
1154,4.159979820251465,0.00239888746193961,0.25,52.392778752,75628544
1155,3.9769046306610107,0.0023988786861306433,0.251953125,52.392778752,75694080
1156,4.387147426605225,0.0023988698758639687,0.251953125,52.392778752,75759616
1157,4.062463760375977,0.002398861031139879,0.251953125,52.392778752,75825152
1158,4.290070533752441,0.0023988521519586665,0.2431640625,52.392778752,75890688
1159,4.195537567138672,0.0023988432383206275,0.2197265625,52.392778752,75956224
1160,4.444807529449463,0.0023988342902260557,0.294921875,52.392778752,76021760
1161,4.354014873504639,0.0023988253076752497,0.212890625,52.392778752,76087296
1162,4.131504535675049,0.002398816290668506,0.2578125,52.392778752,76152832
1163,4.118393898010254,0.0023988072392061247,0.23046875,52.392778752,76218368
1164,4.24103307723999,0.002398798153288405,0.255859375,52.392778752,76283904
1165,4.086355209350586,0.002398789032915649,0.2216796875,52.392778752,76349440
1166,4.117391586303711,0.0023987798780881592,0.2158203125,52.392778752,76414976
1167,4.239133358001709,0.0023987706888062388,0.2431640625,52.392778752,76480512
1168,4.133955001831055,0.002398761465070193,0.2421875,52.392778752,76546048
1169,4.118608474731445,0.002398752206880327,0.2275390625,52.392778752,76611584
1170,4.188721656799316,0.0023987429142369493,0.259765625,52.392778752,76677120
1171,4.083919048309326,0.002398733587140367,0.2333984375,52.392778752,76742656
1172,4.275547027587891,0.0023987242255908894,0.26953125,52.392778752,76808192
1173,3.8437561988830566,0.0023987148295888275,0.232421875,52.392778752,76873728
1174,4.017583847045898,0.0023987053991344934,0.248046875,52.392778752,76939264
1175,4.06921911239624,0.002398695934228199,0.2470703125,52.392778752,77004800
1176,4.350546836853027,0.002398686434870258,0.2431640625,52.392778752,77070336
1177,4.27820348739624,0.0023986769010609864,0.228515625,52.392778752,77135872
1178,4.315307140350342,0.0023986673328007,0.22265625,52.392778752,77201408
1179,4.193859100341797,0.0023986577300897163,0.2578125,52.392778752,77266944
1180,3.939545154571533,0.0023986480929283536,0.2578125,52.392778752,77332480
1181,4.185281753540039,0.0023986384213169312,0.2451171875,52.392778752,77398016
1182,4.306309700012207,0.002398628715255771,0.2294921875,52.392778752,77463552
1183,3.9509079456329346,0.0023986189747451938,0.26171875,52.392778752,77529088
1184,4.013875961303711,0.0023986091997855235,0.2236328125,52.392778752,77594624
1185,4.2611517906188965,0.002398599390377084,0.2236328125,52.392778752,77660160
1186,3.842690944671631,0.0023985895465202,0.26953125,52.392778752,77725696
1187,4.008371353149414,0.002398579668215199,0.240234375,52.392778752,77791232
1188,4.236196041107178,0.002398569755462408,0.2373046875,52.392778752,77856768
1189,4.286186218261719,0.0023985598082621566,0.23828125,52.392778752,77922304
1190,4.3550214767456055,0.002398549826614774,0.2373046875,52.392778752,77987840
1191,4.202242851257324,0.002398539810520591,0.291015625,52.392778752,78053376
1192,4.2837233543396,0.00239852975997994,0.26171875,52.392778752,78118912
1193,3.9507932662963867,0.002398519674993155,0.2255859375,52.392778752,78184448
1194,4.062203407287598,0.002398509555560571,0.330078125,52.392778752,78249984
1195,4.013974666595459,0.002398499401682522,0.2275390625,52.392778752,78315520
1196,4.020654678344727,0.002398489213359345,0.251953125,52.392778752,78381056
1197,4.249743461608887,0.0023984789905913792,0.251953125,52.392778752,78446592
1198,4.372308731079102,0.0023984687333789634,0.26953125,52.392778752,78512128
1199,4.237415313720703,0.002398458441722437,0.240234375,52.392778752,78577664
1200,4.403837203979492,0.002398448115622141,0.22265625,52.392778752,78643200
1201,4.209807395935059,0.002398437755078419,0.2451171875,52.392778752,78708736
1202,4.469504356384277,0.002398427360091615,0.23828125,52.392778752,78774272
1203,4.180553913116455,0.0023984169306620717,0.224609375,52.392778752,78839808
1204,4.266512870788574,0.0023984064667901374,0.263671875,52.392778752,78905344
1205,4.186870098114014,0.0023983959684761576,0.248046875,52.392778752,78970880
1206,4.375747203826904,0.0023983854357204817,0.244140625,52.392778752,79036416
1207,4.111220359802246,0.0023983748685234576,0.30078125,52.392778752,79101952
1208,4.308459281921387,0.0023983642668854365,0.279296875,52.392778752,79167488
1209,4.27503776550293,0.0023983536308067707,0.24609375,52.392778752,79233024
1210,4.009188175201416,0.0023983429602878123,0.3359375,52.392778752,79298560
1211,3.99430513381958,0.0023983322553289155,0.2490234375,52.392778752,79364096
1212,4.297465801239014,0.0023983215159304352,0.25390625,52.392778752,79429632
1213,4.238555908203125,0.0023983107420927265,0.25390625,52.392778752,79495168
1214,4.1323723793029785,0.002398299933816149,0.234375,52.392778752,79560704
1215,3.926647186279297,0.00239828909110106,0.2490234375,52.392778752,79626240
1216,4.368182182312012,0.0023982782139478184,0.2412109375,52.392778752,79691776
1217,4.176076412200928,0.0023982673023567867,0.216796875,52.392778752,79757312
1218,4.2276201248168945,0.0023982563563283254,0.234375,52.392778752,79822848
1219,4.165154933929443,0.0023982453758627977,0.294921875,52.392778752,79888384
1220,4.334601879119873,0.0023982343609605682,0.22265625,52.392778752,79953920
1221,3.981961250305176,0.0023982233116220026,0.2578125,52.392778752,80019456
1222,4.026393413543701,0.0023982122278474664,0.255859375,52.392778752,80084992
1223,4.098735809326172,0.0023982011096373283,0.2431640625,52.392778752,80150528
1224,4.147448539733887,0.0023981899569919564,0.259765625,52.392778752,80216064
1225,4.238788604736328,0.0023981787699117207,0.2431640625,52.392778752,80281600
1226,3.9656877517700195,0.002398167548396993,0.2255859375,52.392778752,80347136
1227,4.032316207885742,0.002398156292448144,0.203125,52.392778752,80412672
1228,3.91780686378479,0.002398145002065548,0.2451171875,52.392778752,80478208
1229,4.196844100952148,0.002398133677249579,0.263671875,52.392778752,80543744
1230,4.049220561981201,0.0023981223180006136,0.263671875,52.392778752,80609280
1231,4.218812465667725,0.0023981109243190277,0.271484375,52.392778752,80674816
1232,4.121957778930664,0.002398099496205199,0.291015625,52.392778752,80740352
1233,4.343570232391357,0.002398088033659508,0.296875,52.392778752,80805888
1234,4.107914924621582,0.0023980765366823325,0.2578125,52.392778752,80871424
1235,3.8666582107543945,0.0023980650052740564,0.30078125,52.392778752,80936960
1236,4.203814506530762,0.0023980534394350606,0.2578125,52.392778752,81002496
1237,4.152407646179199,0.0023980418391657287,0.271484375,52.392778752,81068032
1238,3.833778142929077,0.0023980302044664466,0.216796875,52.392778752,81133568
1239,4.24830436706543,0.0023980185353375985,0.2294921875,52.392778752,81199104
1240,4.486804962158203,0.0023980068317795734,0.2080078125,52.392778752,81264640
1241,4.0140581130981445,0.002397995093792758,0.25390625,52.392778752,81330176
1242,3.9838454723358154,0.0023979833213775424,0.228515625,52.392778752,81395712
1243,4.1529083251953125,0.0023979715145343162,0.2431640625,52.392778752,81461248
1244,4.28516960144043,0.002397959673263472,0.255859375,52.392778752,81526784
1245,4.088672637939453,0.0023979477975654027,0.25390625,52.392778752,81592320
1246,4.257737159729004,0.0023979358874405008,0.2255859375,52.392778752,81657856
1247,4.045905113220215,0.0023979239428891623,0.228515625,52.392778752,81723392
1248,4.296694755554199,0.0023979119639117833,0.255859375,52.392778752,81788928
1249,4.140250205993652,0.0023978999505087618,0.2197265625,52.392778752,81854464
1250,4.071577072143555,0.002397887902680494,0.224609375,52.392778752,81920000
1251,4.351489067077637,0.0023978758204273825,0.2734375,52.392778752,81985536
1252,4.110407829284668,0.0023978637037498263,0.2197265625,52.392778752,82051072
1253,4.272972106933594,0.0023978515526482274,0.2431640625,52.392778752,82116608
1254,4.26917839050293,0.002397839367122989,0.224609375,52.392778752,82182144
1255,4.112105846405029,0.002397827147174515,0.25390625,52.392778752,82247680
1256,4.3252973556518555,0.002397814892803212,0.21484375,52.392778752,82313216
1257,4.230051040649414,0.0023978026040094844,0.2041015625,52.392778752,82378752
1258,4.109579563140869,0.0023977902807937415,0.25,52.392778752,82444288
1259,4.1385908126831055,0.002397777923156391,0.234375,52.392778752,82509824
1260,4.01495885848999,0.0023977655310978433,0.265625,52.392778752,82575360
1261,3.907639741897583,0.002397753104618509,0.2216796875,52.392778752,82640896
1262,4.203661918640137,0.0023977406437188016,0.2490234375,52.392778752,82706432
1263,4.272177219390869,0.0023977281483991324,0.2353515625,52.392778752,82771968
1264,4.230860710144043,0.0023977156186599166,0.21484375,52.392778752,82837504
1265,4.210744857788086,0.002397703054501571,0.2197265625,52.392778752,82903040
1266,4.243204116821289,0.0023976904559245104,0.2421875,52.392778752,82968576
1267,4.301174163818359,0.0023976778229291536,0.2314453125,52.392778752,83034112
1268,4.32309103012085,0.0023976651555159207,0.2197265625,52.392778752,83099648
1269,4.096550941467285,0.0023976524536852297,0.2216796875,52.392778752,83165184
1270,3.814279556274414,0.002397639717437503,0.2021484375,52.392778752,83230720
1271,4.249032974243164,0.0023976269467731633,0.25390625,52.392778752,83296256
1272,4.235955238342285,0.0023976141416926344,0.2177734375,52.392778752,83361792
1273,4.116635322570801,0.0023976013021963396,0.2490234375,52.392778752,83427328
1274,4.191545009613037,0.0023975884282847063,0.251953125,52.392778752,83492864
1275,4.331110954284668,0.0023975755199581606,0.23046875,52.392778752,83558400
1276,3.8886055946350098,0.002397562577217131,0.2265625,52.392778752,83623936
1277,4.077695846557617,0.002397549600062047,0.2294921875,52.392778752,83689472
1278,4.217758655548096,0.002397536588493338,0.19140625,52.392778752,83755008
1279,3.9369044303894043,0.0023975235425114367,0.224609375,52.392778752,83820544
1280,4.3527116775512695,0.0023975104621167757,0.234375,52.392778752,83886080
1281,4.289233207702637,0.002397497347309788,0.2060546875,52.392778752,83951616
1282,4.315074920654297,0.00239748419809091,0.224609375,52.392778752,84017152
1283,4.156944751739502,0.002397471014460576,0.22265625,52.392778752,84082688
1284,3.999000072479248,0.002397457796419225,0.255859375,52.392778752,84148224
1285,4.166726589202881,0.0023974445439672943,0.2373046875,52.392778752,84213760
1286,4.033761978149414,0.002397431257105224,0.2451171875,52.392778752,84279296
1287,4.10371208190918,0.0023974179358334543,0.24609375,52.392778752,84344832
1288,4.133174419403076,0.0023974045801524284,0.25,52.392778752,84410368
1289,4.008673667907715,0.002397391190062587,0.205078125,52.392778752,84475904
1290,4.068169593811035,0.0023973777655643767,0.2216796875,52.392778752,84541440
1291,3.9731459617614746,0.002397364306658241,0.2197265625,52.392778752,84606976
1292,4.252509117126465,0.002397350813344627,0.2138671875,52.392778752,84672512
1293,4.310412406921387,0.0023973372856239818,0.2373046875,52.392778752,84738048
1294,4.25056266784668,0.0023973237234967545,0.2197265625,52.392778752,84803584
1295,4.082026481628418,0.0023973101269633944,0.2216796875,52.392778752,84869120
1296,4.149646759033203,0.002397296496024354,0.26171875,52.392778752,84934656
1297,4.0139312744140625,0.0023972828306800835,0.251953125,52.392778752,85000192
1298,4.1191864013671875,0.0023972691309310373,0.2333984375,52.392778752,85065728
1299,3.869843006134033,0.00239725539677767,0.25,52.392778752,85131264
1300,4.219944000244141,0.002397241628220436,0.2373046875,52.392778752,85196800
1301,4.163657188415527,0.0023972278252597924,0.251953125,52.392778752,85262336
1302,4.224287986755371,0.002397213987896197,0.27734375,52.392778752,85327872
1303,4.205208778381348,0.00239720011613011,0.228515625,52.392778752,85393408
1304,4.150629043579102,0.0023971862099619896,0.2353515625,52.392778752,85458944
1305,4.16139030456543,0.0023971722693922983,0.2421875,52.392778752,85524480
1306,3.472954273223877,0.0023971582944214984,0.2578125,52.392778752,85590016
1307,4.248992443084717,0.0023971442850500525,0.2294921875,52.392778752,85655552
1308,4.245639801025391,0.002397130241278426,0.28515625,52.392778752,85721088
1309,4.18105936050415,0.0023971161631070846,0.228515625,52.392778752,85786624
1310,4.076261520385742,0.002397102050536496,0.26171875,52.392778752,85852160
1311,3.75565767288208,0.0023970879035671265,0.2412109375,52.392778752,85917696
1312,4.192593097686768,0.002397073722199447,0.25,52.392778752,85983232
1313,4.049956321716309,0.002397059506433927,0.25,52.392778752,86048768
1314,4.07789421081543,0.0023970452562710382,0.220703125,52.392778752,86114304
1315,4.1727118492126465,0.0023970309717112536,0.267578125,52.392778752,86179840
1316,4.214789390563965,0.0023970166527550467,0.20703125,52.392778752,86245376
1317,4.058560371398926,0.002397002299402892,0.1982421875,52.392778752,86310912
1318,4.113924026489258,0.002396987911655266,0.251953125,52.392778752,86376448
1319,4.101410865783691,0.0023969734895126463,0.2412109375,52.392778752,86441984
1320,4.057594299316406,0.002396959032975511,0.244140625,52.392778752,86507520
1321,4.151607036590576,0.002396944542044339,0.2373046875,52.392778752,86573056
1322,4.166384696960449,0.0023969300167196116,0.2138671875,52.392778752,86638592
1323,4.329763412475586,0.00239691545700181,0.203125,52.392778752,86704128
1324,4.141385078430176,0.0023969008628914176,0.2236328125,52.392778752,86769664
1325,4.109212875366211,0.002396886234388919,0.23828125,52.392778752,86835200
1326,4.09212589263916,0.002396871571494798,0.24609375,52.392778752,86900736
1327,4.03751802444458,0.002396856874209542,0.216796875,52.392778752,86966272
1328,4.090951442718506,0.0023968421425336383,0.326171875,52.392778752,87031808
1329,4.229788303375244,0.0023968273764675757,0.22265625,52.392778752,87097344
1330,4.397049903869629,0.002396812576011843,0.255859375,52.392778752,87162880
1331,4.135410785675049,0.0023967977411669325,0.224609375,52.392778752,87228416
1332,4.344575881958008,0.002396782871933335,0.2158203125,52.392778752,87293952
1333,4.250709056854248,0.0023967679683115444,0.259765625,52.392778752,87359488
1334,4.208765029907227,0.002396753030302054,0.28515625,52.392778752,87425024
1335,4.105337142944336,0.0023967380579053617,0.248046875,52.392778752,87490560
1336,4.0549397468566895,0.002396723051121961,0.265625,52.392778752,87556096
1337,3.9276888370513916,0.002396708009952352,0.267578125,52.392778752,87621632
1338,4.165283203125,0.0023966929343970326,0.26953125,52.392778752,87687168
1339,4.022836208343506,0.002396677824456503,0.2275390625,52.392778752,87752704
1340,4.106821060180664,0.0023966626801312646,0.2373046875,52.392778752,87818240
1341,4.1143951416015625,0.002396647501421819,0.234375,52.392778752,87883776
1342,4.516565322875977,0.0023966322883286696,0.236328125,52.392778752,87949312
1343,4.05868673324585,0.002396617040852322,0.22265625,52.392778752,88014848
1344,3.9371352195739746,0.002396601758993282,0.2431640625,52.392778752,88080384
1345,4.125951766967773,0.0023965864427520547,0.21484375,52.392778752,88145920
1346,4.09222412109375,0.0023965710921291503,0.23046875,52.392778752,88211456
1347,4.113520622253418,0.002396555707125077,0.28125,52.392778752,88276992
1348,3.987391948699951,0.002396540287740344,0.2314453125,52.392778752,88342528
1349,3.8003807067871094,0.002396524833975465,0.259765625,52.392778752,88408064
1350,4.005147457122803,0.0023965093458309505,0.251953125,52.392778752,88473600
1351,4.1890058517456055,0.0023964938233073155,0.232421875,52.392778752,88539136
1352,4.253310203552246,0.0023964782664050743,0.232421875,52.392778752,88604672
1353,3.973051071166992,0.0023964626751247432,0.244140625,52.392778752,88670208
1354,3.9459757804870605,0.002396447049466839,0.2392578125,52.392778752,88735744
1355,4.264669418334961,0.0023964313894318796,0.2109375,52.392778752,88801280
1356,3.964895725250244,0.002396415695020386,0.244140625,52.392778752,88866816
1357,4.127630233764648,0.0023963999662328767,0.2197265625,52.392778752,88932352
1358,4.238101005554199,0.0023963842030698744,0.259765625,52.392778752,88997888
1359,4.054358959197998,0.002396368405531903,0.26171875,52.392778752,89063424
1360,3.944563865661621,0.0023963525736194844,0.279296875,52.392778752,89128960
1361,4.160465717315674,0.0023963367073331454,0.2392578125,52.392778752,89194496
1362,4.257861137390137,0.0023963208066734108,0.248046875,52.392778752,89260032
1363,4.091267108917236,0.002396304871640809,0.2197265625,52.392778752,89325568
1364,3.882580280303955,0.0023962889022358684,0.2265625,52.392778752,89391104
1365,4.051560401916504,0.002396272898459119,0.236328125,52.392778752,89456640
1366,4.024324893951416,0.002396256860311091,0.20703125,52.392778752,89522176
1367,4.031561851501465,0.0023962407877923158,0.29296875,52.392778752,89587712
1368,4.196857452392578,0.002396224680903328,0.2890625,52.392778752,89653248
1369,4.139005661010742,0.0023962085396446605,0.236328125,52.392778752,89718784
1370,4.088410377502441,0.00239619236401685,0.2353515625,52.392778752,89784320
1371,4.160091400146484,0.002396176154020432,0.283203125,52.392778752,89849856
1372,4.041342735290527,0.0023961599096559445,0.224609375,52.392778752,89915392
1373,4.109102249145508,0.002396143630923926,0.279296875,52.392778752,89980928
1374,3.982703685760498,0.0023961273178249166,0.21484375,52.392778752,90046464
1375,3.9696621894836426,0.002396110970359458,0.2236328125,52.392778752,90112000
1376,4.018103122711182,0.0023960945885280914,0.1962890625,52.392778752,90177536
1377,4.220857620239258,0.0023960781723313604,0.234375,52.392778752,90243072
1378,3.985969066619873,0.00239606172176981,0.25,52.392778752,90308608
1379,4.19709587097168,0.0023960452368439857,0.251953125,52.392778752,90374144
1380,3.961017370223999,0.002396028717554434,0.24609375,52.392778752,90439680
1381,3.8802170753479004,0.002396012163901702,0.2255859375,52.392778752,90505216
1382,4.243005752563477,0.002395995575886341,0.25,52.392778752,90570752
1383,4.359818935394287,0.0023959789535088994,0.228515625,52.392778752,90636288
1384,4.032853126525879,0.0023959622967699287,0.2578125,52.392778752,90701824
1385,4.0208892822265625,0.002395945605669982,0.2451171875,52.392778752,90767360
1386,4.029904365539551,0.0023959288802096125,0.232421875,52.392778752,90832896
1387,4.217693328857422,0.0023959121203893756,0.2421875,52.392778752,90898432
1388,3.9072656631469727,0.0023958953262098255,0.216796875,52.392778752,90963968
1389,4.109341144561768,0.0023958784976715213,0.2236328125,52.392778752,91029504
1390,4.028331756591797,0.0023958616347750203,0.236328125,52.392778752,91095040
1391,4.07833194732666,0.0023958447375208814,0.232421875,52.392778752,91160576
1392,3.912548542022705,0.0023958278059096655,0.2333984375,52.392778752,91226112
1393,3.969168186187744,0.0023958108399419332,0.2275390625,52.392778752,91291648
1394,3.81095552444458,0.0023957938396182497,0.2265625,52.392778752,91357184
1395,4.196918487548828,0.0023957768049391766,0.2353515625,52.392778752,91422720
1396,4.143569469451904,0.0023957597359052793,0.2294921875,52.392778752,91488256
1397,3.9266788959503174,0.0023957426325171244,0.2451171875,52.392778752,91553792
1398,3.9845447540283203,0.0023957254947752794,0.2412109375,52.392778752,91619328
1399,3.914396286010742,0.0023957083226803125,0.267578125,52.392778752,91684864
1400,4.157712936401367,0.0023956911162327926,0.220703125,52.392778752,91750400
1401,4.079239845275879,0.002395673875433291,0.26953125,52.392778752,91815936
1402,4.075469970703125,0.0023956566002823797,0.265625,52.392778752,91881472
1403,4.020659446716309,0.0023956392907806315,0.25,52.392778752,91947008
1404,4.098352432250977,0.0023956219469286203,0.205078125,52.392778752,92012544
1405,4.038119316101074,0.002395604568726922,0.22265625,52.392778752,92078080
1406,4.2900848388671875,0.002395587156176112,0.2373046875,52.392778752,92143616
1407,4.158452033996582,0.0023955697092767686,0.24609375,52.392778752,92209152
1408,3.9778523445129395,0.00239555222802947,0.2431640625,52.392778752,92274688
1409,4.037245750427246,0.0023955347124347964,0.224609375,52.392778752,92340224
1410,4.183809280395508,0.002395517162493329,0.23046875,52.392778752,92405760
1411,3.9400877952575684,0.00239549957820565,0.208984375,52.392778752,92471296
1412,4.163590431213379,0.002395481959572342,0.279296875,52.392778752,92536832
1413,3.808624505996704,0.002395464306593989,0.234375,52.392778752,92602368
1414,3.9361796379089355,0.002395446619271177,0.25390625,52.392778752,92667904
1415,4.189129829406738,0.002395428897604493,0.2470703125,52.392778752,92733440
1416,3.8754334449768066,0.0023954111415945252,0.33203125,52.392778752,92798976
1417,4.119262218475342,0.002395393351241861,0.2275390625,52.392778752,92864512
1418,3.9911351203918457,0.002395375526547092,0.287109375,52.392778752,92930048
1419,4.147708415985107,0.002395357667510809,0.2490234375,52.392778752,92995584
1420,4.327725410461426,0.002395339774133604,0.26171875,52.392778752,93061120
1421,4.0165252685546875,0.0023953218464160698,0.259765625,52.392778752,93126656
1422,4.290228366851807,0.0023953038843588024,0.28515625,52.392778752,93192192
1423,4.065794467926025,0.002395285887962397,0.2138671875,52.392778752,93257728
1424,3.958706855773926,0.002395267857227451,0.212890625,52.392778752,93323264
1425,3.999474287033081,0.002395249792154561,0.2373046875,52.392778752,93388800
1426,4.150012016296387,0.002395231692744328,0.1904296875,52.392778752,93454336
1427,4.19781494140625,0.0023952135589973508,0.2373046875,52.392778752,93519872
1428,3.9903793334960938,0.0023951953909142325,0.2431640625,52.392778752,93585408
1429,3.865849494934082,0.0023951771884955734,0.2392578125,52.392778752,93650944
1430,3.9671294689178467,0.0023951589517419796,0.244140625,52.392778752,93716480
1431,3.8601064682006836,0.002395140680654055,0.23046875,52.392778752,93782016
1432,4.167022228240967,0.0023951223752324046,0.244140625,52.392778752,93847552
1433,4.310336112976074,0.0023951040354776377,0.224609375,52.392778752,93913088
1434,4.020208358764648,0.002395085661390361,0.2158203125,52.392778752,93978624
1435,4.31829309463501,0.0023950672529711842,0.2255859375,52.392778752,94044160
1436,3.9616360664367676,0.002395048810220718,0.2265625,52.392778752,94109696
1437,3.8473448753356934,0.0023950303331395748,0.23046875,52.392778752,94175232
1438,4.026450157165527,0.0023950118217283666,0.2041015625,52.392778752,94240768
1439,3.953453302383423,0.002394993275987707,0.2421875,52.392778752,94306304
1440,3.956726551055908,0.0023949746959182117,0.296875,52.392778752,94371840
1441,4.079677581787109,0.002394956081520498,0.2158203125,52.392778752,94437376
1442,3.9160044193267822,0.0023949374327951814,0.279296875,52.392778752,94502912
1443,3.9543817043304443,0.002394918749742882,0.220703125,52.392778752,94568448
1444,4.058909893035889,0.0023949000323642187,0.259765625,52.392778752,94633984
1445,3.9030089378356934,0.0023948812806598115,0.2392578125,52.392778752,94699520
1446,3.9508228302001953,0.0023948624946302844,0.2216796875,52.392778752,94765056
1447,4.06764030456543,0.002394843674276259,0.240234375,52.392778752,94830592
1448,4.210572719573975,0.00239482481959836,0.283203125,52.392778752,94896128
1449,3.977020502090454,0.0023948059305972124,0.203125,52.392778752,94961664
1450,4.144259452819824,0.002394787007273444,0.2412109375,52.392778752,95027200
1451,3.932241916656494,0.0023947680496276807,0.232421875,52.392778752,95092736
1452,4.024905204772949,0.0023947490576605524,0.1982421875,52.392778752,95158272
1453,4.272060394287109,0.002394730031372688,0.232421875,52.392778752,95223808
1454,4.189229965209961,0.00239471097076472,0.220703125,52.392778752,95289344
1455,4.138571262359619,0.00239469187583728,0.2177734375,52.392778752,95354880
1456,4.031264305114746,0.002394672746591001,0.2099609375,52.392778752,95420416
1457,3.9029407501220703,0.0023946535830265173,0.2578125,52.392778752,95485952
1458,4.067639350891113,0.002394634385144465,0.2099609375,52.392778752,95551488
1459,3.8208940029144287,0.0023946151529454815,0.2353515625,52.392778752,95617024
1460,3.9885308742523193,0.0023945958864302033,0.216796875,52.392778752,95682560
1461,4.147582054138184,0.0023945765855992703,0.265625,52.392778752,95748096
1462,4.216651916503906,0.0023945572504533224,0.2216796875,52.392778752,95813632
1463,3.9932432174682617,0.0023945378809930016,0.279296875,52.392778752,95879168
1464,4.068770885467529,0.002394518477218949,0.228515625,52.392778752,95944704
1465,3.9762136936187744,0.00239449903913181,0.25,52.392778752,96010240
1466,4.1050496101379395,0.002394479566732227,0.2431640625,52.392778752,96075776
1467,3.844784736633301,0.0023944600600208474,0.2041015625,52.392778752,96141312
1468,3.947507858276367,0.002394440518998318,0.2275390625,52.392778752,96206848
1469,3.9846365451812744,0.0023944209436652874,0.1875,52.392778752,96272384
1470,4.070235729217529,0.0023944013340224035,0.21484375,52.392778752,96337920
1471,4.335724830627441,0.0023943816900703183,0.224609375,52.392778752,96403456
1472,4.176703929901123,0.0023943620118096823,0.205078125,52.392778752,96468992
1473,3.7779266834259033,0.0023943422992411486,0.2138671875,52.392778752,96534528
1474,4.115422248840332,0.002394322552365371,0.2197265625,52.392778752,96600064
1475,3.8467512130737305,0.002394302771183004,0.2255859375,52.392778752,96665600
1476,4.042750358581543,0.0023942829556947045,0.2294921875,52.392778752,96731136
1477,3.990260601043701,0.0023942631059011292,0.25390625,52.392778752,96796672
1478,3.9295713901519775,0.002394243221802937,0.25,52.392778752,96862208
1479,4.178826332092285,0.0023942233034007867,0.240234375,52.392778752,96927744
1480,4.298871040344238,0.0023942033506953397,0.255859375,52.392778752,96993280
1481,3.9727606773376465,0.0023941833636872568,0.2109375,52.392778752,97058816
1482,4.126189231872559,0.0023941633423772016,0.2734375,52.392778752,97124352
1483,4.129607200622559,0.0023941432867658386,0.21875,52.392778752,97189888
1484,3.9586358070373535,0.0023941231968538325,0.236328125,52.392778752,97255424
1485,4.299741268157959,0.0023941030726418494,0.2109375,52.392778752,97320960
1486,3.8711681365966797,0.002394082914130557,0.212890625,52.392778752,97386496
1487,4.319136619567871,0.002394062721320624,0.2255859375,52.392778752,97452032
1488,4.022768974304199,0.00239404249421272,0.2265625,52.392778752,97517568
1489,4.001718521118164,0.0023940222328075163,0.2333984375,52.392778752,97583104
1490,3.984382390975952,0.002394001937105685,0.271484375,52.392778752,97648640
1491,4.146332263946533,0.002393981607107898,0.212890625,52.392778752,97714176
1492,4.248201847076416,0.0023939612428148316,0.2177734375,52.392778752,97779712
1493,4.121183395385742,0.0023939408442271598,0.21484375,52.392778752,97845248
1494,4.192030906677246,0.002393920411345559,0.2353515625,52.392778752,97910784
1495,4.05700159072876,0.002393899944170708,0.2119140625,52.392778752,97976320
1496,3.8046579360961914,0.002393879442703285,0.244140625,52.392778752,98041856
1497,4.104022026062012,0.00239385890694397,0.2216796875,52.392778752,98107392
1498,3.9515063762664795,0.002393838336893445,0.2431640625,52.392778752,98172928
1499,4.19045352935791,0.002393817732552391,0.25390625,52.392778752,98238464
1500,4.053387641906738,0.0023937970939214917,0.265625,52.392778752,98304000
1501,3.9615583419799805,0.0023937764210014323,0.263671875,52.392778752,98369536
1502,4.1967082023620605,0.002393755713792898,0.201171875,52.392778752,98435072
1503,4.000415325164795,0.0023937349722965755,0.2236328125,52.392778752,98500608
1504,3.9629926681518555,0.0023937141965131533,0.2060546875,52.392778752,98566144
1505,3.5900261402130127,0.00239369338644332,0.2265625,52.392778752,98631680
1506,4.475508689880371,0.002393672542087766,0.224609375,52.392778752,98697216
1507,4.061370372772217,0.0023936516634471827,0.28515625,52.392778752,98762752
1508,3.805933713912964,0.0023936307505222623,0.255859375,52.392778752,98828288
1509,3.854538679122925,0.0023936098033136995,0.2265625,52.392778752,98893824
1510,4.152606964111328,0.0023935888218221874,0.2353515625,52.392778752,98959360
1511,3.999192476272583,0.0023935678060484234,0.19921875,52.392778752,99024896
1512,3.8855652809143066,0.002393546755993103,0.2265625,52.392778752,99090432
1513,4.11649227142334,0.0023935256716569263,0.2158203125,52.392778752,99155968
1514,3.9271633625030518,0.002393504553040592,0.2255859375,52.392778752,99221504
1515,3.858262300491333,0.0023934834001447997,0.21484375,52.392778752,99287040
1516,4.038871765136719,0.0023934622129702515,0.2421875,52.392778752,99352576
1517,4.046731948852539,0.00239344099151765,0.2158203125,52.392778752,99418112
1518,4.006664276123047,0.0023934197357877,0.251953125,52.392778752,99483648
1519,4.077175617218018,0.002393398445781105,0.20703125,52.392778752,99549184
1520,3.9671366214752197,0.0023933771214985724,0.25390625,52.392778752,99614720
1521,4.1407294273376465,0.0023933557629408084,0.20703125,52.392778752,99680256
1522,4.119889736175537,0.0023933343701085224,0.22265625,52.392778752,99745792
1523,3.976097822189331,0.0023933129430024243,0.2158203125,52.392778752,99811328
1524,4.005195617675781,0.0023932914816232236,0.240234375,52.392778752,99876864
1525,3.8342409133911133,0.0023932699859716324,0.2333984375,52.392778752,99942400
1526,3.876232624053955,0.002393248456048364,0.2412109375,52.392778752,100007936
1527,3.9355788230895996,0.0023932268918541322,0.2197265625,52.392778752,100073472
1528,4.024416923522949,0.002393205293389653,0.23828125,52.392778752,100139008
1529,4.149428367614746,0.002393183660655642,0.2373046875,52.392778752,100204544
1530,4.136276721954346,0.002393161993652817,0.2255859375,52.392778752,100270080
1531,3.888399362564087,0.002393140292381897,0.2314453125,52.392778752,100335616
1532,4.084118843078613,0.002393118556843601,0.2265625,52.392778752,100401152
1533,4.11940860748291,0.00239309678703865,0.25390625,52.392778752,100466688
1534,3.8964555263519287,0.002393074982967767,0.2490234375,52.392778752,100532224
1535,4.029486179351807,0.0023930531446316743,0.271484375,52.392778752,100597760
1536,4.078596591949463,0.0023930312720310968,0.2255859375,52.392778752,100663296
1537,4.010258674621582,0.002393009365166759,0.255859375,52.392778752,100728832
1538,3.8546063899993896,0.002392987424039389,0.240234375,52.392778752,100794368
1539,3.818727970123291,0.0023929654486497137,0.20703125,52.392778752,100859904
1540,3.9433705806732178,0.002392943438998462,0.212890625,52.392778752,100925440
1541,3.7183027267456055,0.0023929213950863635,0.2412109375,52.392778752,100990976
1542,4.188202857971191,0.0023928993169141503,0.2080078125,52.392778752,101056512
1543,3.6934776306152344,0.0023928772044825544,0.224609375,52.392778752,101122048
1544,4.05337381362915,0.002392855057792309,0.21875,52.392778752,101187584
1545,4.401613712310791,0.0023928328768441486,0.2333984375,52.392778752,101253120
1546,3.989389657974243,0.002392810661638809,0.25,52.392778752,101318656
1547,3.7660813331604004,0.0023927884121770267,0.2373046875,52.392778752,101384192
1548,4.219903469085693,0.00239276612845954,0.2421875,52.392778752,101449728
1549,3.9030845165252686,0.0023927438104870886,0.27734375,52.392778752,101515264
1550,4.092174530029297,0.0023927214582604123,0.2138671875,52.392778752,101580800
1551,4.156587600708008,0.0023926990717802517,0.30859375,52.392778752,101646336
1552,4.280320167541504,0.0023926766510473504,0.26953125,52.392778752,101711872
1553,3.896247625350952,0.0023926541960624516,0.267578125,52.392778752,101777408
1554,3.9869236946105957,0.0023926317068263,0.2431640625,52.392778752,101842944
1555,3.926480531692505,0.0023926091833396416,0.2099609375,52.392778752,101908480
1556,3.8572545051574707,0.002392586625603224,0.2431640625,52.392778752,101974016
1557,3.927114486694336,0.0023925640336177945,0.2216796875,52.392778752,102039552
1558,3.985751152038574,0.002392541407384103,0.224609375,52.392778752,102105088
1559,3.88535213470459,0.0023925187469029,0.2412109375,52.392778752,102170624
1560,3.9320147037506104,0.0023924960521749367,0.228515625,52.392778752,102236160
1561,4.167751312255859,0.002392473323200966,0.2421875,52.392778752,102301696
1562,4.109252452850342,0.0023924505599817424,0.234375,52.392778752,102367232
1563,4.126468181610107,0.00239242776251802,0.208984375,52.392778752,102432768
1564,4.096392631530762,0.0023924049308105553,0.265625,52.392778752,102498304
1565,3.783935546875,0.0023923820648601058,0.224609375,52.392778752,102563840
1566,4.15733003616333,0.002392359164667429,0.2412109375,52.392778752,102629376
1567,4.078097343444824,0.002392336230233286,0.248046875,52.392778752,102694912
1568,3.8693623542785645,0.0023923132615584364,0.212890625,52.392778752,102760448
1569,4.030195236206055,0.0023922902586436426,0.248046875,52.392778752,102825984
1570,4.224483013153076,0.002392267221489667,0.236328125,52.392778752,102891520
1571,4.027181625366211,0.002392244150097274,0.22265625,52.392778752,102957056
1572,3.937187671661377,0.002392221044467229,0.23046875,52.392778752,103022592
1573,4.106348037719727,0.0023921979046002974,0.259765625,52.392778752,103088128
1574,3.7978363037109375,0.002392174730497248,0.234375,52.392778752,103153664
1575,4.210385322570801,0.0023921515221588495,0.2265625,52.392778752,103219200
1576,3.9485206604003906,0.002392128279585871,0.224609375,52.392778752,103284736
1577,4.217140197753906,0.002392105002779083,0.2177734375,52.392778752,103350272
1578,3.935093879699707,0.002392081691739258,0.21484375,52.392778752,103415808
1579,3.894974708557129,0.0023920583464671695,0.2041015625,52.392778752,103481344
1580,3.912853717803955,0.002392034966963592,0.27734375,52.392778752,103546880
1581,4.184460639953613,0.0023920115532293,0.2236328125,52.392778752,103612416
1582,3.7772774696350098,0.002391988105265071,0.2490234375,52.392778752,103677952
1583,3.989185333251953,0.002391964623071682,0.203125,52.392778752,103743488
1584,3.816206932067871,0.0023919411066499123,0.234375,52.392778752,103809024
1585,4.307797431945801,0.0023919175560005415,0.228515625,52.392778752,103874560
1586,4.148846626281738,0.002391893971124352,0.240234375,52.392778752,103940096
1587,4.214137554168701,0.002391870352022124,0.2353515625,52.392778752,104005632
1588,4.133373260498047,0.002391846698694643,0.25,52.392778752,104071168
1589,3.978508949279785,0.0023918230111426913,0.23046875,52.392778752,104136704
1590,4.025063514709473,0.002391799289367057,0.23828125,52.392778752,104202240
1591,3.905055522918701,0.0023917755333685248,0.2578125,52.392778752,104267776
1592,4.076706886291504,0.0023917517431478845,0.224609375,52.392778752,104333312
1593,3.912902355194092,0.002391727918705924,0.2412109375,52.392778752,104398848
1594,3.9476799964904785,0.0023917040600434335,0.2451171875,52.392778752,104464384
1595,3.9984917640686035,0.002391680167161205,0.2578125,52.392778752,104529920
1596,3.9284632205963135,0.00239165624006003,0.255859375,52.392778752,104595456
1597,4.027433395385742,0.0023916322787407027,0.26171875,52.392778752,104660992
1598,3.7778208255767822,0.0023916082832040188,0.2216796875,52.392778752,104726528
1599,3.7181015014648438,0.0023915842534507725,0.2431640625,52.392778752,104792064
1600,4.117153167724609,0.002391560189481762,0.23046875,52.392778752,104857600
1601,3.8673360347747803,0.0023915360912977845,0.2470703125,52.392778752,104923136
1602,4.2124409675598145,0.00239151195889964,0.2177734375,52.392778752,104988672
1603,3.9925990104675293,0.0023914877922881286,0.26953125,52.392778752,105054208
1604,4.13935661315918,0.002391463591464052,0.2177734375,52.392778752,105119744
1605,3.943965196609497,0.0023914393564282137,0.26171875,52.392778752,105185280
1606,3.9868381023406982,0.002391415087181416,0.205078125,52.392778752,105250816
1607,4.0924482345581055,0.0023913907837244653,0.2734375,52.392778752,105316352
1608,4.083695888519287,0.0023913664460581663,0.2578125,52.392778752,105381888
1609,3.939004898071289,0.0023913420741833277,0.228515625,52.392778752,105447424
1610,4.095278739929199,0.002391317668100756,0.220703125,52.392778752,105512960
1611,4.2074079513549805,0.002391293227811263,0.2353515625,52.392778752,105578496
1612,3.8740720748901367,0.0023912687533156575,0.2109375,52.392778752,105644032
1613,4.008553981781006,0.002391244244614752,0.2734375,52.392778752,105709568
1614,3.9463119506835938,0.0023912197017093594,0.240234375,52.392778752,105775104
1615,3.9239232540130615,0.0023911951246002937,0.29296875,52.392778752,105840640
1616,3.884373188018799,0.0023911705132883703,0.255859375,52.392778752,105906176
1617,4.031307697296143,0.002391145867774405,0.296875,52.392778752,105971712
1618,4.288138389587402,0.0023911211880592153,0.2890625,52.392778752,106037248
1619,3.747227668762207,0.0023910964741436203,0.357421875,52.392778752,106102784
1620,4.144291877746582,0.00239107172602844,0.3046875,52.392778752,106168320
1621,3.852919578552246,0.002391046943714494,0.2431640625,52.392778752,106233856
1622,4.1067118644714355,0.0023910221272026052,0.259765625,52.392778752,106299392
1623,4.126974582672119,0.002390997276493597,0.248046875,52.392778752,106364928
1624,4.0571184158325195,0.002390972391588292,0.2373046875,52.392778752,106430464
1625,4.002568244934082,0.0023909474724875175,0.212890625,52.392778752,106496000
1626,3.9939017295837402,0.002390922519192099,0.2314453125,52.392778752,106561536
1627,3.80869722366333,0.002390897531702864,0.2578125,52.392778752,106627072
1628,6.221671104431152,0.0023908725100206425,0.87109375,52.392778752,106692608
1629,3.766294240951538,0.002390847454146263,0.2333984375,52.392778752,106758144
1630,4.041647911071777,0.0023908223640805573,0.2236328125,52.392778752,106823680
1631,3.7910523414611816,0.0023907972398243575,0.2412109375,52.392778752,106889216
1632,4.059056282043457,0.0023907720813784966,0.1953125,52.392778752,106954752
1633,3.756133556365967,0.00239074688874381,0.2265625,52.392778752,107020288
1634,4.056307792663574,0.0023907216619211322,0.2373046875,52.392778752,107085824
1635,3.8369140625,0.0023906964009113006,0.2158203125,52.392778752,107151360
1636,3.896434783935547,0.0023906711057151524,0.2080078125,52.392778752,107216896
1637,4.017770767211914,0.0023906457763335277,0.2109375,52.392778752,107282432
1638,3.974863052368164,0.002390620412767265,0.236328125,52.392778752,107347968
1639,4.095231056213379,0.0023905950150172072,0.205078125,52.392778752,107413504
1640,3.8592090606689453,0.002390569583084196,0.224609375,52.392778752,107479040
1641,4.374835014343262,0.0023905441169690747,0.2451171875,52.392778752,107544576
1642,4.352263927459717,0.002390518616672688,0.240234375,52.392778752,107610112
1643,4.0468854904174805,0.002390493082195882,0.2275390625,52.392778752,107675648
1644,4.003499984741211,0.002390467513539504,0.2373046875,52.392778752,107741184
1645,4.056571960449219,0.0023904419107044013,0.2265625,52.392778752,107806720
1646,4.111083984375,0.0023904162736914235,0.2158203125,52.392778752,107872256
1647,3.99652361869812,0.002390390602501421,0.23046875,52.392778752,107937792
1648,3.9630093574523926,0.0023903648971352444,0.2109375,52.392778752,108003328
1649,3.8086538314819336,0.002390339157593748,0.2421875,52.392778752,108068864
1650,3.8415305614471436,0.002390313383877784,0.1923828125,52.392778752,108134400
1651,3.9767112731933594,0.0023902875759882077,0.2060546875,52.392778752,108199936
1652,4.621826648712158,0.0023902617339258752,0.232421875,52.392778752,108265472
1653,3.6845264434814453,0.002390235857691644,0.2177734375,52.392778752,108331008
1654,3.5797550678253174,0.0023902099472863717,0.2412109375,52.392778752,108396544
1655,3.9900803565979004,0.002390184002710918,0.244140625,52.392778752,108462080
1656,4.242907524108887,0.002390158023966143,0.248046875,52.392778752,108527616
1657,3.960318088531494,0.0023901320110529096,0.2265625,52.392778752,108593152
1658,3.914085626602173,0.0023901059639720793,0.28125,52.392778752,108658688
1659,4.052766799926758,0.002390079882724517,0.2275390625,52.392778752,108724224
1660,3.9737610816955566,0.002390053767311087,0.28515625,52.392778752,108789760
1661,4.048973560333252,0.0023900276177326557,0.2421875,52.392778752,108855296
1662,4.1714043617248535,0.0023900014339900914,0.2490234375,52.392778752,108920832
1663,3.9218029975891113,0.002389975216084261,0.2177734375,52.392778752,108986368
1664,3.593031883239746,0.0023899489640160343,0.2138671875,52.392778752,109051904
1665,4.14796781539917,0.0023899226777862833,0.2294921875,52.392778752,109117440
1666,3.853712558746338,0.002389896357395879,0.197265625,52.392778752,109182976
1667,4.029277801513672,0.0023898700028456943,0.2001953125,52.392778752,109248512
1668,4.044808864593506,0.0023898436141366036,0.220703125,52.392778752,109314048
1669,3.9979147911071777,0.0023898171912694823,0.21484375,52.392778752,109379584
1670,3.976762294769287,0.0023897907342452064,0.2197265625,52.392778752,109445120
1671,4.0200042724609375,0.0023897642430646534,0.2236328125,52.392778752,109510656
1672,4.127741813659668,0.0023897377177287023,0.2421875,52.392778752,109576192
1673,3.8311657905578613,0.002389711158238233,0.2275390625,52.392778752,109641728
1674,4.0055742263793945,0.0023896845645941267,0.23046875,52.392778752,109707264
1675,3.918987989425659,0.0023896579367972642,0.23046875,52.392778752,109772800
1676,3.7599825859069824,0.00238963127484853,0.212890625,52.392778752,109838336
1677,4.190595626831055,0.002389604578748807,0.2255859375,52.392778752,109903872
1678,3.7148571014404297,0.002389577848498983,0.2314453125,52.392778752,109969408
1679,3.8999791145324707,0.0023895510840999425,0.26953125,52.392778752,110034944
1680,4.134058952331543,0.0023895242855525734,0.25,52.392778752,110100480
1681,3.8389968872070312,0.0023894974528577656,0.2119140625,52.392778752,110166016
1682,4.262894630432129,0.0023894705860164085,0.279296875,52.392778752,110231552
1683,4.06956672668457,0.002389443685029393,0.193359375,52.392778752,110297088
1684,3.9905033111572266,0.002389416749897612,0.228515625,52.392778752,110362624
1685,3.848231315612793,0.002389389780621958,0.2158203125,52.392778752,110428160
1686,3.8313307762145996,0.0023893627772033263,0.287109375,52.392778752,110493696
1687,3.975213050842285,0.002389335739642612,0.2060546875,52.392778752,110559232
1688,3.826855421066284,0.002389308667940713,0.25390625,52.392778752,110624768
1689,4.083197593688965,0.0023892815620985258,0.2119140625,52.392778752,110690304
1690,4.088441848754883,0.00238925442211695,0.2470703125,52.392778752,110755840
1691,4.183080196380615,0.002389227247996886,0.1953125,52.392778752,110821376
1692,3.7646799087524414,0.0023892000397392347,0.25,52.392778752,110886912
1693,3.9088690280914307,0.002389172797344899,0.21484375,52.392778752,110952448
1694,3.870086908340454,0.0023891455208147824,0.2392578125,52.392778752,111017984
1695,4.094529151916504,0.0023891182101497895,0.228515625,52.392778752,111083520
1696,3.7041680812835693,0.0023890908653508257,0.232421875,52.392778752,111149056
1697,3.9615070819854736,0.0023890634864187983,0.1982421875,52.392778752,111214592
1698,4.0560503005981445,0.002389036073354616,0.2734375,52.392778752,111280128
1699,3.9687061309814453,0.002389008626159188,0.2373046875,52.392778752,111345664
1700,3.825094699859619,0.002388981144833424,0.2255859375,52.392778752,111411200
1701,3.9072771072387695,0.002388953629378235,0.224609375,52.392778752,111476736
1702,4.087711334228516,0.0023889260797945347,0.20703125,52.392778752,111542272
1703,4.027571678161621,0.0023888984960832365,0.212890625,52.392778752,111607808
1704,4.203011989593506,0.002388870878245256,0.2099609375,52.392778752,111673344
1705,4.0802178382873535,0.0023888432262815077,0.23046875,52.392778752,111738880
1706,3.658926010131836,0.0023888155401929102,0.2294921875,52.392778752,111804416
1707,3.953418254852295,0.0023887878199803808,0.2216796875,52.392778752,111869952
1708,3.948526382446289,0.0023887600656448396,0.208984375,52.392778752,111935488
1709,4.074091911315918,0.002388732277187207,0.2216796875,52.392778752,112001024
1710,4.031709671020508,0.0023887044546084045,0.2119140625,52.392778752,112066560
1711,4.205855369567871,0.0023886765979093554,0.2333984375,52.392778752,112132096
1712,3.979248046875,0.0023886487070909827,0.2109375,52.392778752,112197632
1713,4.118605136871338,0.002388620782154212,0.2333984375,52.392778752,112263168
1714,3.957268238067627,0.0023885928230999707,0.205078125,52.392778752,112328704
1715,4.124382019042969,0.002388564829929184,0.244140625,52.392778752,112394240
1716,3.9767630100250244,0.002388536802642782,0.2431640625,52.392778752,112459776
1717,3.9667272567749023,0.002388508741241693,0.2255859375,52.392778752,112525312
1718,3.792532444000244,0.0023884806457268497,0.2431640625,52.392778752,112590848
1719,3.9523544311523438,0.0023884525160991817,0.2490234375,52.392778752,112656384
1720,4.035209655761719,0.002388424352359624,0.2265625,52.392778752,112721920
1721,3.9754726886749268,0.002388396154509109,0.212890625,52.392778752,112787456
1722,3.9359467029571533,0.0023883679225485733,0.2216796875,52.392778752,112852992
1723,3.980454921722412,0.002388339656478953,0.234375,52.392778752,112918528
1724,4.032464027404785,0.0023883113563011845,0.2119140625,52.392778752,112984064
1725,4.083324432373047,0.002388283022016208,0.275390625,52.392778752,113049600
1726,3.715893268585205,0.0023882546536249626,0.271484375,52.392778752,113115136
1727,4.066435813903809,0.002388226251128389,0.2451171875,52.392778752,113180672
1728,3.9128851890563965,0.0023881978145274306,0.2490234375,52.392778752,113246208
1729,3.916813850402832,0.002388169343823029,0.2197265625,52.392778752,113311744
1730,3.684206008911133,0.002388140839016129,0.21484375,52.392778752,113377280
1731,3.938960075378418,0.002388112300107676,0.23046875,52.392778752,113442816
1732,3.8001861572265625,0.002388083727098617,0.2138671875,52.392778752,113508352
1733,4.104083061218262,0.0023880551199898996,0.2119140625,52.392778752,113573888
1734,3.8685050010681152,0.0023880264787824717,0.197265625,52.392778752,113639424
1735,3.8075428009033203,0.002387997803477285,0.232421875,52.392778752,113704960
1736,4.125551223754883,0.002387969094075289,0.2294921875,52.392778752,113770496
1737,4.192903518676758,0.0023879403505774367,0.2041015625,52.392778752,113836032
1738,3.9079997539520264,0.0023879115729846813,0.259765625,52.392778752,113901568
1739,3.980506420135498,0.002387882761297978,0.24609375,52.392778752,113967104
1740,4.19782829284668,0.0023878539155182815,0.234375,52.392778752,114032640
1741,3.7832045555114746,0.0023878250356465488,0.2119140625,52.392778752,114098176
1742,3.439521551132202,0.002387796121683738,0.255859375,52.392778752,114163712
1743,4.123248100280762,0.002387767173630808,0.228515625,52.392778752,114229248
1744,3.841756582260132,0.0023877381914887185,0.2041015625,52.392778752,114294784
1745,4.013989448547363,0.0023877091752584315,0.2353515625,52.392778752,114360320
1746,4.035985946655273,0.002387680124940909,0.2177734375,52.392778752,114425856
1747,4.208919525146484,0.002387651040537115,0.2001953125,52.392778752,114491392
1748,4.013177394866943,0.002387621922048014,0.2421875,52.392778752,114556928
1749,3.9614617824554443,0.002387592769474571,0.21875,52.392778752,114622464
1750,4.097042083740234,0.0023875635828177542,0.22265625,52.392778752,114688000
1751,4.211071968078613,0.002387534362078531,0.2373046875,52.392778752,114753536
1752,3.9554007053375244,0.0023875051072578704,0.26171875,52.392778752,114819072
1753,4.1177978515625,0.002387475818356743,0.224609375,52.392778752,114884608
1754,4.089643478393555,0.002387446495376121,0.2099609375,52.392778752,114950144
1755,3.8591864109039307,0.0023874171383169757,0.23046875,52.392778752,115015680
1756,4.064228057861328,0.002387387747180281,0.255859375,52.392778752,115081216
1757,3.7385010719299316,0.0023873583219670125,0.2109375,52.392778752,115146752
1758,3.997833013534546,0.0023873288626781457,0.2255859375,52.392778752,115212288
1759,3.9604251384735107,0.0023872993693146577,0.259765625,52.392778752,115277824
1760,4.149664402008057,0.0023872698418775273,0.2109375,52.392778752,115343360
1761,3.9599649906158447,0.002387240280367733,0.2255859375,52.392778752,115408896
1762,3.8383641242980957,0.0023872106847862558,0.2216796875,52.392778752,115474432
1763,3.9163289070129395,0.002387181055134078,0.20703125,52.392778752,115539968
1764,3.9954171180725098,0.0023871513914121806,0.2109375,52.392778752,115605504
1765,4.0432610511779785,0.0023871216936215494,0.236328125,52.392778752,115671040
1766,3.9865310192108154,0.0023870919617631674,0.2236328125,52.392778752,115736576
1767,3.8462460041046143,0.0023870621958380226,0.2177734375,52.392778752,115802112
1768,3.897043228149414,0.002387032395847102,0.2255859375,52.392778752,115867648
1769,3.999504566192627,0.002387002561791393,0.2734375,52.392778752,115933184
1770,3.780689001083374,0.0023869726936718853,0.2373046875,52.392778752,115998720
1771,3.910712718963623,0.002386942791489571,0.2353515625,52.392778752,116064256
1772,3.9963667392730713,0.00238691285524544,0.2412109375,52.392778752,116129792
1773,3.6033549308776855,0.0023868828849404867,0.234375,52.392778752,116195328
1774,3.986548662185669,0.002386852880575704,0.234375,52.392778752,116260864
1775,3.699458599090576,0.0023868228421520883,0.205078125,52.392778752,116326400
1776,3.830629825592041,0.002386792769670635,0.208984375,52.392778752,116391936
1777,3.8383021354675293,0.0023867626631323417,0.23046875,52.392778752,116457472
1778,4.0597028732299805,0.0023867325225382075,0.2021484375,52.392778752,116523008
1779,4.1863908767700195,0.0023867023478892314,0.244140625,52.392778752,116588544
1780,3.9503889083862305,0.002386672139186415,0.20703125,52.392778752,116654080
1781,3.933992862701416,0.002386641896430759,0.2265625,52.392778752,116719616
1782,3.8548524379730225,0.0023866116196232683,0.21875,52.392778752,116785152
1783,3.675166606903076,0.002386581308764946,0.1962890625,52.392778752,116850688
1784,3.8102691173553467,0.0023865509638567968,0.259765625,52.392778752,116916224
1785,4.119399547576904,0.0023865205848998287,0.208984375,52.392778752,116981760
1786,3.9695115089416504,0.0023864901718950488,0.2255859375,52.392778752,117047296
1787,3.8491644859313965,0.0023864597248434653,0.22265625,52.392778752,117112832
1788,4.097872734069824,0.0023864292437460882,0.23828125,52.392778752,117178368
1789,3.9036600589752197,0.002386398728603929,0.2236328125,52.392778752,117243904
1790,4.044827461242676,0.0023863681794179994,0.2275390625,52.392778752,117309440
1791,3.8860132694244385,0.0023863375961893133,0.23828125,52.392778752,117374976
1792,3.809633731842041,0.002386306978918884,0.2080078125,52.392778752,117440512
1793,3.9285428524017334,0.002386276327607728,0.21484375,52.392778752,117506048
1794,3.7610044479370117,0.0023862456422568614,0.2431640625,52.392778752,117571584
1795,3.8799080848693848,0.0023862149228673023,0.2197265625,52.392778752,117637120
1796,3.907111406326294,0.002386184169440069,0.220703125,52.392778752,117702656
1797,3.752530097961426,0.0023861533819761827,0.2275390625,52.392778752,117768192
1798,3.8574256896972656,0.002386122560476664,0.2119140625,52.392778752,117833728
1799,3.7504773139953613,0.0023860917049425344,0.1962890625,52.392778752,117899264
1800,3.9700984954833984,0.0023860608153748178,0.2197265625,52.392778752,117964800
1801,3.7890639305114746,0.0023860298917745396,0.220703125,52.392778752,118030336
1802,4.003904819488525,0.002385998934142725,0.2236328125,52.392778752,118095872
1803,3.955897808074951,0.0023859679424804,0.2177734375,52.392778752,118161408
1804,3.8347437381744385,0.0023859369167885925,0.2099609375,52.392778752,118226944
1805,3.970252752304077,0.002385905857068333,0.2138671875,52.392778752,118292480
1806,3.618403911590576,0.002385874763320651,0.2373046875,52.392778752,118358016
1807,3.676217555999756,0.0023858436355465784,0.2275390625,52.392778752,118423552
1808,3.99987530708313,0.0023858124737471454,0.216796875,52.392778752,118489088
1809,4.051379203796387,0.0023857812779233883,0.21875,52.392778752,118554624
1810,4.251955986022949,0.00238575004807634,0.228515625,52.392778752,118620160
1811,3.7533271312713623,0.0023857187842070376,0.20703125,52.392778752,118685696
1812,3.9236178398132324,0.002385687486316518,0.2236328125,52.392778752,118751232
1813,4.043769836425781,0.002385656154405818,0.1953125,52.392778752,118816768
1814,3.840649366378784,0.002385624788475977,0.2138671875,52.392778752,118882304
1815,4.14778470993042,0.0023855933885280367,0.2451171875,52.392778752,118947840
1816,3.94801926612854,0.002385561954563038,0.2216796875,52.392778752,119013376
1817,3.9835715293884277,0.002385530486582023,0.2197265625,52.392778752,119078912
1818,4.017453670501709,0.0023854989845860358,0.21484375,52.392778752,119144448
1819,3.9871511459350586,0.002385467448576121,0.2177734375,52.392778752,119209984
1820,3.930492401123047,0.002385435878553325,0.2392578125,52.392778752,119275520
1821,4.01505184173584,0.002385404274518695,0.2021484375,52.392778752,119341056
1822,4.11298942565918,0.0023853726364732788,0.251953125,52.392778752,119406592
1823,3.997581720352173,0.0023853409644181258,0.2734375,52.392778752,119472128
1824,4.063608646392822,0.0023853092583542867,0.2216796875,52.392778752,119537664
1825,4.085109710693359,0.0023852775182828133,0.267578125,52.392778752,119603200
1826,3.8584299087524414,0.0023852457442047584,0.291015625,52.392778752,119668736
1827,3.9178197383880615,0.0023852139361211747,0.2333984375,52.392778752,119734272
1828,3.7425999641418457,0.002385182094033119,0.29296875,52.392778752,119799808
1829,4.067205429077148,0.0023851502179416464,0.265625,52.392778752,119865344
1830,4.102018356323242,0.0023851183078478144,0.2734375,52.392778752,119930880
1831,4.075553894042969,0.002385086363752681,0.2470703125,52.392778752,119996416
1832,3.8972020149230957,0.002385054385657307,0.265625,52.392778752,120061952
1833,3.9773125648498535,0.0023850223735627516,0.2490234375,52.392778752,120127488
1834,4.0303754806518555,0.002384990327470077,0.2578125,52.392778752,120193024
1835,3.898939371109009,0.002384958247380346,0.236328125,52.392778752,120258560
1836,4.00073766708374,0.002384926133294624,0.2138671875,52.392778752,120324096
1837,3.6588540077209473,0.002384893985213974,0.2314453125,52.392778752,120389632
1838,3.8717682361602783,0.0023848618031394636,0.2080078125,52.392778752,120455168
1839,3.9169633388519287,0.00238482958707216,0.208984375,52.392778752,120520704
1840,3.7346386909484863,0.002384797337013132,0.2275390625,52.392778752,120586240
1841,4.055272579193115,0.002384765052963449,0.1962890625,52.392778752,120651776
1842,3.7777206897735596,0.002384732734924181,0.263671875,52.392778752,120717312
1843,3.76469087600708,0.0023847003828964017,0.22265625,52.392778752,120782848
1844,3.851182699203491,0.0023846679968811827,0.2412109375,52.392778752,120848384
1845,3.9652657508850098,0.0023846355768795987,0.248046875,52.392778752,120913920
1846,3.9941658973693848,0.0023846031228927254,0.21484375,52.392778752,120979456
1847,3.914234161376953,0.002384570634921638,0.240234375,52.392778752,121044992
1848,3.997384548187256,0.0023845381129674157,0.216796875,52.392778752,121110528
1849,3.7596633434295654,0.002384505557031136,0.220703125,52.392778752,121176064
1850,3.873443126678467,0.002384472967113879,0.240234375,52.392778752,121241600
1851,3.885115146636963,0.002384440343216726,0.197265625,52.392778752,121307136
1852,3.9770498275756836,0.002384407685340759,0.212890625,52.392778752,121372672
1853,3.822695255279541,0.0023843749934870607,0.244140625,52.392778752,121438208
1854,4.025970458984375,0.0023843422676567156,0.2080078125,52.392778752,121503744
1855,4.005796432495117,0.00238430950785081,0.2177734375,52.392778752,121569280
1856,3.9178099632263184,0.002384276714070429,0.208984375,52.392778752,121634816
1857,3.752974033355713,0.0023842438863166614,0.2314453125,52.392778752,121700352
1858,3.917100667953491,0.0023842110245905963,0.2265625,52.392778752,121765888
1859,3.9635491371154785,0.0023841781288933225,0.201171875,52.392778752,121831424
1860,3.910726547241211,0.0023841451992259316,0.2216796875,52.392778752,121896960
1861,4.113714694976807,0.002384112235589516,0.2138671875,52.392778752,121962496
1862,3.715951442718506,0.002384079237985169,0.22265625,52.392778752,122028032
1863,3.884415864944458,0.0023840462064139856,0.21484375,52.392778752,122093568
1864,3.8617467880249023,0.00238401314087706,0.22265625,52.392778752,122159104
1865,3.9899330139160156,0.0023839800413754902,0.240234375,52.392778752,122224640
1866,3.771833658218384,0.0023839469079103733,0.2255859375,52.392778752,122290176
1867,4.005071640014648,0.002383913740482809,0.2314453125,52.392778752,122355712
1868,3.906466484069824,0.002383880539093897,0.2333984375,52.392778752,122421248
1869,3.705796480178833,0.002383847303744738,0.1962890625,52.392778752,122486784
1870,3.97996187210083,0.002383814034436435,0.2490234375,52.392778752,122552320
1871,3.9545745849609375,0.0023837807311700913,0.2021484375,52.392778752,122617856
1872,3.560720205307007,0.002383747393946812,0.2021484375,52.392778752,122683392
1873,3.9613842964172363,0.0023837140227677025,0.2431640625,52.392778752,122748928
1874,3.735732078552246,0.002383680617633869,0.212890625,52.392778752,122814464
1875,4.104147434234619,0.00238364717854642,0.31640625,52.392778752,122880000
1876,3.728947877883911,0.0023836137055064646,0.1943359375,52.392778752,122945536
1877,4.159748077392578,0.0023835801985151134,0.296875,52.392778752,123011072
1878,4.075804710388184,0.0023835466575734773,0.26171875,52.392778752,123076608
1879,3.7847859859466553,0.002383513082682669,0.25390625,52.392778752,123142144
1880,3.7760872840881348,0.0023834794738438023,0.244140625,52.392778752,123207680
1881,3.8924291133880615,0.0023834458310579916,0.25,52.392778752,123273216
1882,3.62009334564209,0.0023834121543263526,0.2109375,52.392778752,123338752
1883,4.017299175262451,0.002383378443650003,0.1982421875,52.392778752,123404288
1884,3.856326103210449,0.00238334469903006,0.2099609375,52.392778752,123469824
1885,3.7060701847076416,0.002383310920467644,0.20703125,52.392778752,123535360
1886,3.9434165954589844,0.0023832771079638736,0.259765625,52.392778752,123600896
1887,4.064665794372559,0.0023832432615198728,0.1982421875,52.392778752,123666432
1888,3.9611258506774902,0.0023832093811367618,0.193359375,52.392778752,123731968
1889,3.870598554611206,0.002383175466815666,0.2373046875,52.392778752,123797504
1890,3.879652738571167,0.002383141518557709,0.224609375,52.392778752,123863040
1891,3.856151580810547,0.002383107536364018,0.216796875,52.392778752,123928576
1892,3.98205828666687,0.0023830735202357194,0.271484375,52.392778752,123994112
1893,3.7854793071746826,0.002383039470173942,0.248046875,52.392778752,124059648
1894,3.9636802673339844,0.0023830053861798144,0.2060546875,52.392778752,124125184
1895,3.5579824447631836,0.002382971268254468,0.2119140625,52.392778752,124190720
1896,3.776636838912964,0.0023829371163990335,0.203125,52.392778752,124256256
1897,3.847985029220581,0.0023829029306146445,0.21875,52.392778752,124321792
1898,3.588505506515503,0.002382868710902434,0.224609375,52.392778752,124387328
1899,3.7735438346862793,0.002382834457263538,0.1923828125,52.392778752,124452864
1900,4.058415412902832,0.0023828001696990916,0.224609375,52.392778752,124518400
1901,3.9233179092407227,0.0023827658482102328,0.2060546875,52.392778752,124583936
1902,3.617213010787964,0.0023827314927981,0.2099609375,52.392778752,124649472
1903,3.9313995838165283,0.002382697103463832,0.2119140625,52.392778752,124715008
1904,3.8258962631225586,0.0023826626802085707,0.21484375,52.392778752,124780544
1905,3.893232822418213,0.0023826282230334566,0.212890625,52.392778752,124846080
1906,3.9126040935516357,0.002382593731939633,0.21875,52.392778752,124911616
1907,3.7020423412323,0.0023825592069282443,0.2138671875,52.392778752,124977152
1908,4.172635078430176,0.0023825246480004346,0.279296875,52.392778752,125042688
1909,3.992086410522461,0.002382490055157351,0.2451171875,52.392778752,125108224
1910,3.729433059692383,0.002382455428400141,0.220703125,52.392778752,125173760
1911,3.972683906555176,0.002382420767729953,0.240234375,52.392778752,125239296
1912,3.8154938220977783,0.002382386073147936,0.232421875,52.392778752,125304832
1913,3.9814343452453613,0.0023823513446552414,0.240234375,52.392778752,125370368
1914,3.7942628860473633,0.0023823165822530207,0.2353515625,52.392778752,125435904
1915,4.1013288497924805,0.0023822817859424274,0.259765625,52.392778752,125501440
1916,3.707306146621704,0.0023822469557246155,0.2236328125,52.392778752,125566976
1917,3.5729176998138428,0.00238221209160074,0.21484375,52.392778752,125632512
1918,3.928314447402954,0.0023821771935719567,0.203125,52.392778752,125698048
1919,4.021728515625,0.0023821422616394244,0.2119140625,52.392778752,125763584
1920,3.819932460784912,0.002382107295804301,0.23828125,52.392778752,125829120
1921,4.037019729614258,0.0023820722960677465,0.205078125,52.392778752,125894656
1922,3.837782859802246,0.0023820372624309212,0.236328125,52.392778752,125960192
1923,3.8084235191345215,0.0023820021948949876,0.2060546875,52.392778752,126025728
1924,3.8507282733917236,0.002381967093461109,0.2138671875,52.392778752,126091264
1925,3.9102420806884766,0.0023819319581304494,0.2451171875,52.392778752,126156800
1926,3.759432792663574,0.002381896788904174,0.2197265625,52.392778752,126222336
1927,4.219390392303467,0.0023818615857834494,0.2392578125,52.392778752,126287872
1928,3.912519693374634,0.0023818263487694435,0.21484375,52.392778752,126353408
1929,3.5156033039093018,0.0023817910778633246,0.23828125,52.392778752,126418944
1930,3.8808794021606445,0.0023817557730662635,0.2373046875,52.392778752,126484480
1931,3.944161891937256,0.00238172043437943,0.251953125,52.392778752,126550016
1932,3.5201687812805176,0.0023816850618039965,0.2421875,52.392778752,126615552
1933,3.800013542175293,0.002381649655341137,0.212890625,52.392778752,126681088
1934,4.086757183074951,0.002381614214992025,0.197265625,52.392778752,126746624
1935,3.821388006210327,0.0023815787407578362,0.21484375,52.392778752,126812160
1936,3.9569997787475586,0.0023815432326397476,0.2275390625,52.392778752,126877696
1937,4.070334434509277,0.0023815076906389364,0.2021484375,52.392778752,126943232
1938,4.1874189376831055,0.002381472114756582,0.24609375,52.392778752,127008768
1939,4.048543930053711,0.0023814365049938647,0.2177734375,52.392778752,127074304
1940,3.988757371902466,0.0023814008613519642,0.20703125,52.392778752,127139840
1941,4.01730489730835,0.0023813651838320636,0.216796875,52.392778752,127205376
1942,3.621291399002075,0.002381329472435347,0.21484375,52.392778752,127270912
1943,3.817403793334961,0.0023812937271629974,0.21875,52.392778752,127336448
1944,3.5989694595336914,0.002381257948016201,0.265625,52.392778752,127401984
1945,3.9146056175231934,0.0023812221349961455,0.23046875,52.392778752,127467520
1946,3.5652661323547363,0.002381186288104017,0.2333984375,52.392778752,127533056
1947,4.08121395111084,0.0023811504073410063,0.2490234375,52.392778752,127598592
1948,3.873655080795288,0.0023811144927083023,0.24609375,52.392778752,127664128
1949,3.859198570251465,0.002381078544207096,0.2197265625,52.392778752,127729664
1950,3.9348249435424805,0.002381042561838581,0.244140625,52.392778752,127795200
1951,3.8027069568634033,0.0023810065456039494,0.2265625,52.392778752,127860736
1952,3.8915250301361084,0.002380970495504397,0.23046875,52.392778752,127926272
1953,3.8568601608276367,0.0023809344115411184,0.228515625,52.392778752,127991808
1954,3.8422255516052246,0.0023808982937153114,0.2578125,52.392778752,128057344
1955,3.600951671600342,0.002380862142028173,0.1943359375,52.392778752,128122880
1956,3.7282896041870117,0.002380825956480903,0.2197265625,52.392778752,128188416
1957,3.9143900871276855,0.002380789737074702,0.2001953125,52.392778752,128253952
1958,3.7759087085723877,0.0023807534838107703,0.251953125,52.392778752,128319488
1959,3.8343615531921387,0.002380717196690311,0.2060546875,52.392778752,128385024
1960,4.123357772827148,0.002380680875714527,0.248046875,52.392778752,128450560
1961,3.9124045372009277,0.002380644520884624,0.2470703125,52.392778752,128516096
1962,3.9561891555786133,0.002380608132201807,0.1904296875,52.392778752,128581632
1963,3.5892107486724854,0.002380571709667283,0.23828125,52.392778752,128647168
1964,3.739382266998291,0.0023805352532822615,0.2119140625,52.392778752,128712704
1965,3.7549233436584473,0.0023804987630479495,0.251953125,52.392778752,128778240
1966,3.9229326248168945,0.0023804622389655586,0.24609375,52.392778752,128843776
1967,3.752164125442505,0.0023804256810363,0.2353515625,52.392778752,128909312
1968,3.620424747467041,0.0023803890892613857,0.2421875,52.392778752,128974848
1969,3.7269954681396484,0.002380352463642031,0.205078125,52.392778752,129040384
1970,3.7729439735412598,0.002380315804179449,0.251953125,52.392778752,129105920
1971,3.806131601333618,0.0023802791108748565,0.236328125,52.392778752,129171456
1972,3.79233717918396,0.0023802423837294704,0.21484375,52.392778752,129236992
1973,3.6719889640808105,0.002380205622744508,0.216796875,52.392778752,129302528
1974,4.0459136962890625,0.00238016882792119,0.259765625,52.392778752,129368064
1975,4.183379173278809,0.002380131999260736,0.2109375,52.392778752,129433600
1976,3.788113832473755,0.0023800951367643677,0.2421875,52.392778752,129499136
1977,3.8569092750549316,0.002380058240433308,0.2021484375,52.392778752,129564672
1978,3.891721725463867,0.0023800213102687802,0.23828125,52.392778752,129630208
1979,3.870845317840576,0.0023799843462720097,0.19921875,52.392778752,129695744
1980,3.899519920349121,0.002379947348444222,0.201171875,52.392778752,129761280
1981,3.946105480194092,0.002379910316786645,0.1923828125,52.392778752,129826816
1982,3.8704757690429688,0.0023798732513005067,0.1962890625,52.392778752,129892352
1983,3.960948944091797,0.0023798361519870356,0.1943359375,52.392778752,129957888
1984,3.800870418548584,0.0023797990188474632,0.2109375,52.392778752,130023424
1985,4.039645195007324,0.0023797618518830205,0.2099609375,52.392778752,130088960
1986,3.921854257583618,0.002379724651094941,0.2412109375,52.392778752,130154496
1987,3.8790223598480225,0.0023796874164844586,0.2421875,52.392778752,130220032
1988,3.7103028297424316,0.002379650148052808,0.240234375,52.392778752,130285568
1989,4.012368679046631,0.0023796128458012248,0.2451171875,52.392778752,130351104
1990,3.840028762817383,0.0023795755097309468,0.21484375,52.392778752,130416640
1991,3.7719790935516357,0.002379538139843212,0.255859375,52.392778752,130482176
1992,3.5447206497192383,0.0023795007361392603,0.2431640625,52.392778752,130547712
1993,4.101963520050049,0.002379463298620332,0.236328125,52.392778752,130613248
1994,3.899502754211426,0.0023794258272876695,0.2236328125,52.392778752,130678784
1995,4.175872325897217,0.002379388322142515,0.2138671875,52.392778752,130744320
1996,3.8050625324249268,0.0023793507831861124,0.259765625,52.392778752,130809856
1997,3.9681599140167236,0.002379313210419707,0.2470703125,52.392778752,130875392
1998,3.961947202682495,0.0023792756038445453,0.1943359375,52.392778752,130940928
1999,3.7952470779418945,0.0023792379634618743,0.2255859375,52.392778752,131006464
2000,3.8530750274658203,0.0023792002892729426,0.1982421875,52.392778752,131072000
2001,4.176140785217285,0.002379162581279,0.25390625,52.392778752,131137536
2002,3.8493967056274414,0.0023791248394812964,0.216796875,52.392778752,131203072
2003,4.068227767944336,0.0023790870638810847,0.2373046875,52.392778752,131268608
2004,3.732367515563965,0.002379049254479617,0.2314453125,52.392778752,131334144
2005,4.149694919586182,0.0023790114112781477,0.20703125,52.392778752,131399680
2006,3.946901798248291,0.002378973534277932,0.220703125,52.392778752,131465216
2007,3.745837450027466,0.002378935623480226,0.2138671875,52.392778752,131530752
2008,4.0201287269592285,0.002378897678886287,0.212890625,52.392778752,131596288
2009,3.718474864959717,0.002378859700497375,0.236328125,52.392778752,131661824
2010,3.9188852310180664,0.002378821688314748,0.232421875,52.392778752,131727360
2011,3.575911521911621,0.002378783642339667,0.23828125,52.392778752,131792896
2012,3.788130760192871,0.0023787455625733944,0.22265625,52.392778752,131858432
2013,3.920031785964966,0.0023787074490171935,0.1953125,52.392778752,131923968
2014,4.019260406494141,0.002378669301672328,0.2021484375,52.392778752,131989504
2015,3.7782864570617676,0.0023786311205400627,0.228515625,52.392778752,132055040
2016,4.004886627197266,0.002378592905621665,0.2255859375,52.392778752,132120576
2017,3.867487907409668,0.0023785546569184022,0.2041015625,52.392778752,132186112
2018,3.7780141830444336,0.002378516374431542,0.2578125,52.392778752,132251648
2019,3.6973869800567627,0.0023784780581623554,0.1826171875,52.392778752,132317184
2020,4.219155311584473,0.002378439708112112,0.2275390625,52.392778752,132382720
2021,3.841658592224121,0.002378401324282085,0.19140625,52.392778752,132448256
2022,3.689357280731201,0.0023783629066735468,0.267578125,52.392778752,132513792
2023,3.998676061630249,0.0023783244552877726,0.208984375,52.392778752,132579328
2024,3.7866880893707275,0.0023782859701260363,0.236328125,52.392778752,132644864
2025,3.8447535037994385,0.0023782474511896156,0.220703125,52.392778752,132710400
2026,3.9753222465515137,0.0023782088984797877,0.212890625,52.392778752,132775936
2027,3.799689769744873,0.002378170311997831,0.21484375,52.392778752,132841472
2028,3.6542069911956787,0.0023781316917450258,0.2021484375,52.392778752,132907008
2029,3.830125093460083,0.0023780930377226527,0.2119140625,52.392778752,132972544
2030,3.973580837249756,0.002378054349931994,0.2119140625,52.392778752,133038080
2031,4.027858257293701,0.002378015628374333,0.201171875,52.392778752,133103616
2032,4.076106548309326,0.0023779768730509535,0.24609375,52.392778752,133169152
2033,3.757819652557373,0.0023779380839631416,0.212890625,52.392778752,133234688
2034,3.9275102615356445,0.0023778992611121832,0.19140625,52.392778752,133300224
2035,3.9252758026123047,0.002377860404499367,0.23828125,52.392778752,133365760
2036,3.974818706512451,0.002377821514125981,0.205078125,52.392778752,133431296
2037,3.649203300476074,0.0023777825899933143,0.2158203125,52.392778752,133496832
2038,3.7551941871643066,0.00237774363210266,0.2109375,52.392778752,133562368
2039,3.768465518951416,0.0023777046404553095,0.193359375,52.392778752,133627904
2040,3.8521389961242676,0.002377665615052555,0.189453125,52.392778752,133693440
2041,3.7972214221954346,0.0023776265558956918,0.185546875,52.392778752,133758976
2042,4.0285515785217285,0.0023775874629860154,0.232421875,52.392778752,133824512
2043,3.641057252883911,0.0023775483363248223,0.2138671875,52.392778752,133890048
2044,3.757938861846924,0.0023775091759134104,0.2216796875,52.392778752,133955584
2045,3.9571356773376465,0.0023774699817530782,0.21484375,52.392778752,134021120
2046,4.111431121826172,0.0023774307538451263,0.2138671875,52.392778752,134086656
2047,3.8319716453552246,0.0023773914921908557,0.234375,52.392778752,134152192
2048,4.082433700561523,0.0023773521967915684,0.2041015625,52.392778752,134217728
2049,3.6877408027648926,0.002377312867648568,0.259765625,52.392778752,134283264
2050,3.836029052734375,0.002377273504763158,0.21875,52.392778752,134348800
2051,3.8867669105529785,0.002377234108136645,0.23828125,52.392778752,134414336
2052,3.9571545124053955,0.002377194677770335,0.2021484375,52.392778752,134479872
2053,3.872957229614258,0.0023771552136655372,0.240234375,52.392778752,134545408
2054,3.741770029067993,0.0023771157158235592,0.2265625,52.392778752,134610944
2055,3.9332447052001953,0.002377076184245712,0.2119140625,52.392778752,134676480
2056,3.762387990951538,0.002377036618933306,0.201171875,52.392778752,134742016
2057,3.662400245666504,0.0023769970198876536,0.19921875,52.392778752,134807552
2058,3.483250617980957,0.0023769573871100687,0.2001953125,52.392778752,134873088
2059,3.948331832885742,0.0023769177206018656,0.2158203125,52.392778752,134938624
2060,3.982780694961548,0.00237687802036436,0.1904296875,52.392778752,135004160
2061,3.910719156265259,0.002376838286398869,0.2265625,52.392778752,135069696
2062,4.141244411468506,0.0023767985187067094,0.255859375,52.392778752,135135232
2063,3.980983257293701,0.0023767587172892016,0.2109375,52.392778752,135200768
2064,3.8505685329437256,0.002376718882147665,0.2412109375,52.392778752,135266304
2065,4.040603160858154,0.0023766790132834213,0.224609375,52.392778752,135331840
2066,3.744814395904541,0.002376639110697792,0.2177734375,52.392778752,135397376
2067,3.9503986835479736,0.002376599174392101,0.2275390625,52.392778752,135462912
2068,3.8139469623565674,0.0023765592043676737,0.2314453125,52.392778752,135528448
2069,3.7577767372131348,0.0023765192006258346,0.208984375,52.392778752,135593984
2070,3.6415762901306152,0.0023764791631679114,0.26171875,52.392778752,135659520
2071,3.6547605991363525,0.002376439091995232,0.1923828125,52.392778752,135725056
2072,3.8236031532287598,0.002376398987109125,0.205078125,52.392778752,135790592
2073,3.8239901065826416,0.002376358848510921,0.1923828125,52.392778752,135856128
2074,3.9041385650634766,0.0023763186762019513,0.2060546875,52.392778752,135921664
2075,3.976771831512451,0.0023762784701835482,0.2060546875,52.392778752,135987200
2076,3.7969119548797607,0.0023762382304570455,0.208984375,52.392778752,136052736
2077,3.7952449321746826,0.0023761979570237784,0.197265625,52.392778752,136118272
2078,4.226156234741211,0.0023761576498850805,0.23828125,52.392778752,136183808
2079,3.908997058868408,0.002376117309042291,0.216796875,52.392778752,136249344
2080,4.111418724060059,0.0023760769344967473,0.28125,52.392778752,136314880
2081,3.914649486541748,0.0023760365262497883,0.2275390625,52.392778752,136380416
2082,3.839573860168457,0.0023759960843027545,0.279296875,52.392778752,136445952
2083,3.956442356109619,0.002375955608656987,0.2333984375,52.392778752,136511488
2084,3.9578824043273926,0.002375915099313828,0.263671875,52.392778752,136577024
2085,3.8743481636047363,0.0023758745562746223,0.228515625,52.392778752,136642560
2086,4.037173271179199,0.002375833979540714,0.2041015625,52.392778752,136708096
2087,3.8461179733276367,0.0023757933691134487,0.208984375,52.392778752,136773632
2088,3.864199161529541,0.0023757527249941733,0.2158203125,52.392778752,136839168
2089,3.7215805053710938,0.0023757120471842364,0.21484375,52.392778752,136904704
2090,3.836646556854248,0.0023756713356849865,0.220703125,52.392778752,136970240
2091,4.123865127563477,0.0023756305904977745,0.224609375,52.392778752,137035776
2092,3.754037380218506,0.0023755898116239525,0.216796875,52.392778752,137101312
2093,3.885916233062744,0.002375548999064872,0.212890625,52.392778752,137166848
2094,3.7703800201416016,0.002375508152821887,0.2314453125,52.392778752,137232384
2095,4.012503623962402,0.0023754672728963514,0.2158203125,52.392778752,137297920
2096,3.9227685928344727,0.0023754263592896227,0.2333984375,52.392778752,137363456
2097,4.057748794555664,0.002375385412003057,0.2216796875,52.392778752,137428992
2098,3.858203411102295,0.0023753444310380123,0.1923828125,52.392778752,137494528
2099,4.20350980758667,0.002375303416395849,0.212890625,52.392778752,137560064
2100,3.82281494140625,0.002375262368077926,0.2265625,52.392778752,137625600
2101,3.9890854358673096,0.002375221286085606,0.232421875,52.392778752,137691136
2102,3.8270492553710938,0.002375180170420251,0.234375,52.392778752,137756672
2103,3.860081911087036,0.0023751390210832246,0.208984375,52.392778752,137822208
2104,3.8101513385772705,0.002375097838075892,0.1982421875,52.392778752,137887744
2105,4.0671281814575195,0.002375056621399619,0.220703125,52.392778752,137953280
2106,3.9617676734924316,0.0023750153710557736,0.2109375,52.392778752,138018816
2107,4.053397178649902,0.002374974087045722,0.2021484375,52.392778752,138084352
2108,4.121381759643555,0.002374932769370835,0.2373046875,52.392778752,138149888
2109,3.6145808696746826,0.0023748914180324824,0.21484375,52.392778752,138215424
2110,3.800753116607666,0.0023748500330320363,0.212890625,52.392778752,138280960
2111,3.662921905517578,0.0023748086143708692,0.220703125,52.392778752,138346496
2112,3.9213199615478516,0.0023747671620503548,0.21484375,52.392778752,138412032
2113,3.9141976833343506,0.002374725676071868,0.205078125,52.392778752,138477568
2114,3.7105698585510254,0.0023746841564367843,0.228515625,52.392778752,138543104
2115,3.8086442947387695,0.0023746426031464817,0.2451171875,52.392778752,138608640
2116,3.6469693183898926,0.002374601016202338,0.24609375,52.392778752,138674176
2117,3.875086784362793,0.0023745593956057327,0.1982421875,52.392778752,138739712
2118,3.8505020141601562,0.002374517741358046,0.318359375,52.392778752,138805248
2119,3.8882346153259277,0.00237447605346066,0.208984375,52.392778752,138870784
2120,3.8810064792633057,0.002374434331914957,0.2578125,52.392778752,138936320
2121,4.096052646636963,0.0023743925767223204,0.29296875,52.392778752,139001856
2122,3.9273324012756348,0.0023743507878841363,0.2265625,52.392778752,139067392
2123,3.805366277694702,0.0023743089654017905,0.263671875,52.392778752,139132928
2124,3.8506338596343994,0.0023742671092766695,0.2412109375,52.392778752,139198464
2125,3.948275089263916,0.0023742252195101616,0.244140625,52.392778752,139264000
2126,4.006565093994141,0.002374183296103656,0.251953125,52.392778752,139329536
2127,3.8822860717773438,0.002374141339058545,0.2216796875,52.392778752,139395072
2128,3.964125394821167,0.002374099348376218,0.2421875,52.392778752,139460608
2129,3.5551953315734863,0.0023740573240580696,0.19921875,52.392778752,139526144
2130,4.182466506958008,0.0023740152661054915,0.2109375,52.392778752,139591680
2131,3.7194886207580566,0.0023739731745198813,0.251953125,52.392778752,139657216
2132,3.9024577140808105,0.002373931049302633,0.2216796875,52.392778752,139722752
2133,3.660430431365967,0.002373888890455145,0.2431640625,52.392778752,139788288
2134,3.763655662536621,0.0023738466979788147,0.25390625,52.392778752,139853824
2135,3.6613502502441406,0.0023738044718750427,0.21875,52.392778752,139919360
2136,3.8235273361206055,0.0023737622121452286,0.25,52.392778752,139984896
2137,3.912181854248047,0.0023737199187907746,0.259765625,52.392778752,140050432
2138,3.745732545852661,0.0023736775918130836,0.2041015625,52.392778752,140115968
2139,3.9083163738250732,0.002373635231213559,0.22265625,52.392778752,140181504
2140,3.8970987796783447,0.0023735928369936054,0.2119140625,52.392778752,140247040
2141,3.8397068977355957,0.00237355040915463,0.2177734375,52.392778752,140312576
2142,3.4874444007873535,0.0023735079476980402,0.234375,52.392778752,140378112
2143,3.8661017417907715,0.0023734654526252432,0.22265625,52.392778752,140443648
2144,3.847550868988037,0.002373422923937649,0.2158203125,52.392778752,140509184
2145,3.718435764312744,0.002373380361636669,0.2734375,52.392778752,140574720
2146,3.8772668838500977,0.0023733377657237137,0.2158203125,52.392778752,140640256
2147,3.4999887943267822,0.002373295136200196,0.2021484375,52.392778752,140705792
2148,4.151721477508545,0.002373252473067531,0.2490234375,52.392778752,140771328
2149,3.780266284942627,0.002373209776327133,0.2177734375,52.392778752,140836864
2150,3.6958158016204834,0.002373167045980418,0.208984375,52.392778752,140902400
2151,3.899545669555664,0.0023731242820288034,0.26953125,52.392778752,140967936
2152,3.6869211196899414,0.002373081484473708,0.259765625,52.392778752,141033472
2153,3.974555492401123,0.002373038653316551,0.201171875,52.392778752,141099008
2154,3.9447269439697266,0.0023729957885587527,0.263671875,52.392778752,141164544
2155,3.8014755249023438,0.0023729528902017355,0.197265625,52.392778752,141230080
2156,3.9009034633636475,0.002372909958246922,0.2265625,52.392778752,141295616
2157,4.098066806793213,0.002372866992695736,0.2109375,52.392778752,141361152
2158,3.850034713745117,0.002372823993549603,0.2275390625,52.392778752,141426688
2159,3.7175605297088623,0.0023727809608099478,0.2041015625,52.392778752,141492224
2160,3.9544217586517334,0.0023727378944781996,0.2177734375,52.392778752,141557760
2161,3.831165313720703,0.002372694794555786,0.1953125,52.392778752,141623296
2162,3.947160243988037,0.002372651661044137,0.201171875,52.392778752,141688832
2163,3.867001533508301,0.0023726084939446825,0.201171875,52.392778752,141754368
2164,3.798853874206543,0.002372565293258855,0.2177734375,52.392778752,141819904
2165,3.933094024658203,0.0023725220589880867,0.181640625,52.392778752,141885440
2166,4.013106346130371,0.002372478791133812,0.2041015625,52.392778752,141950976
2167,3.9270033836364746,0.0023724354896974657,0.2041015625,52.392778752,142016512
2168,3.751387357711792,0.0023723921546804846,0.2158203125,52.392778752,142082048
2169,3.749882698059082,0.0023723487860843055,0.1962890625,52.392778752,142147584
2170,3.794316530227661,0.002372305383910368,0.1982421875,52.392778752,142213120
2171,3.6713263988494873,0.002372261948160109,0.2099609375,52.392778752,142278656
2172,3.908867359161377,0.0023722184788349727,0.2236328125,52.392778752,142344192
2173,3.9056754112243652,0.002372174975936398,0.2294921875,52.392778752,142409728
2174,3.6637964248657227,0.0023721314394658296,0.2138671875,52.392778752,142475264
2175,3.7174134254455566,0.0023720878694247103,0.2109375,52.392778752,142540800
2176,3.601515054702759,0.002372044265814486,0.2412109375,52.392778752,142606336
2177,3.5542497634887695,0.0023720006286366033,0.240234375,52.392778752,142671872
2178,3.9052066802978516,0.002371956957892508,0.2314453125,52.392778752,142737408
2179,3.9007010459899902,0.002371913253583651,0.2275390625,52.392778752,142802944
2180,3.6238927841186523,0.0023718695157114796,0.2216796875,52.392778752,142868480
2181,3.955824136734009,0.0023718257442774454,0.2099609375,52.392778752,142934016
2182,3.625580310821533,0.0023717819392830002,0.2021484375,52.392778752,142999552
2183,3.7561726570129395,0.002371738100729597,0.255859375,52.392778752,143065088
2184,3.7717819213867188,0.00237169422861869,0.2265625,52.392778752,143130624
2185,3.6391143798828125,0.002371650322951734,0.216796875,52.392778752,143196160
2186,3.974848508834839,0.0023716063837301853,0.1982421875,52.392778752,143261696
2187,3.913940191268921,0.002371562410955501,0.22265625,52.392778752,143327232
2188,3.6907248497009277,0.0023715184046291414,0.2041015625,52.392778752,143392768
2189,3.9347381591796875,0.002371474364752564,0.2138671875,52.392778752,143458304
2190,3.9001247882843018,0.00237143029132723,0.2236328125,52.392778752,143523840
2191,3.7309911251068115,0.0023713861843546015,0.20703125,52.392778752,143589376
2192,3.9207799434661865,0.0023713420438361416,0.224609375,52.392778752,143654912
2193,3.8913047313690186,0.002371297869773314,0.2080078125,52.392778752,143720448
2194,3.8729841709136963,0.002371253662167584,0.21875,52.392778752,143785984
2195,4.076134204864502,0.0023712094210204186,0.2080078125,52.392778752,143851520
2196,3.7232227325439453,0.0023711651463332838,0.234375,52.392778752,143917056
2197,3.776364803314209,0.0023711208381076493,0.2060546875,52.392778752,143982592
2198,3.5932323932647705,0.002371076496344984,0.189453125,52.392778752,144048128
2199,3.9276576042175293,0.0023710321210467585,0.2021484375,52.392778752,144113664
2200,3.6142895221710205,0.0023709877122144456,0.203125,52.392778752,144179200
2201,3.546739101409912,0.002370943269849518,0.208984375,52.392778752,144244736
2202,3.878767967224121,0.002370898793953449,0.1953125,52.392778752,144310272
2203,3.86855411529541,0.0023708542845277143,0.2216796875,52.392778752,144375808
2204,3.736734628677368,0.002370809741573791,0.208984375,52.392778752,144441344
2205,3.9479079246520996,0.0023707651650931544,0.193359375,52.392778752,144506880
2206,3.9212937355041504,0.0023707205550872854,0.2099609375,52.392778752,144572416
2207,4.034144878387451,0.002370675911557662,0.2236328125,52.392778752,144637952
2208,3.843329906463623,0.002370631234505765,0.220703125,52.392778752,144703488
2209,3.8074798583984375,0.002370586523933077,0.2080078125,52.392778752,144769024
2210,3.762396812438965,0.0023705417798410813,0.28515625,52.392778752,144834560
2211,3.869140625,0.002370497002231261,0.24609375,52.392778752,144900096
2212,3.755908250808716,0.0023704521911051017,0.263671875,52.392778752,144965632
2213,3.9594240188598633,0.0023704073464640893,0.2333984375,52.392778752,145031168
2214,3.8440980911254883,0.0023703624683097117,0.1865234375,52.392778752,145096704
2215,3.946672201156616,0.0023703175566434577,0.1953125,52.392778752,145162240
2216,3.860167980194092,0.0023702726114668165,0.220703125,52.392778752,145227776
2217,3.74198579788208,0.0023702276327812787,0.1845703125,52.392778752,145293312
2218,3.7650625705718994,0.002370182620588336,0.189453125,52.392778752,145358848
2219,3.8499882221221924,0.0023701375748894824,0.201171875,52.392778752,145424384
2220,3.9057159423828125,0.0023700924956862116,0.2412109375,52.392778752,145489920
2221,3.89017915725708,0.002370047382980017,0.1943359375,52.392778752,145555456
2222,3.899240493774414,0.002370002236772398,0.232421875,52.392778752,145620992
2223,3.840169906616211,0.00236995705706485,0.1904296875,52.392778752,145686528
2224,3.775099515914917,0.0023699118438588714,0.2177734375,52.392778752,145752064
2225,3.5376482009887695,0.0023698665971559627,0.2158203125,52.392778752,145817600
2226,3.357321262359619,0.002369821316957625,0.21484375,52.392778752,145883136
2227,3.7210140228271484,0.0023697760032653586,0.2060546875,52.392778752,145948672
2228,3.834667205810547,0.0023697306560806677,0.2275390625,52.392778752,146014208
2229,3.6595468521118164,0.0023696852754050562,0.201171875,52.392778752,146079744
2230,3.8789145946502686,0.002369639861240029,0.2294921875,52.392778752,146145280
2231,3.952310800552368,0.0023695944135870926,0.2099609375,52.392778752,146210816
2232,4.021326065063477,0.002369548932447755,0.193359375,52.392778752,146276352
2233,3.7989654541015625,0.002369503417823524,0.228515625,52.392778752,146341888
2234,3.8620779514312744,0.002369457869715908,0.1953125,52.392778752,146407424
2235,3.796717643737793,0.0023694122881264207,0.205078125,52.392778752,146472960
2236,3.8311686515808105,0.0023693666730565713,0.2412109375,52.392778752,146538496
2237,3.7761600017547607,0.0023693210245078738,0.1982421875,52.392778752,146604032
2238,3.8445072174072266,0.0023692753424818433,0.2236328125,52.392778752,146669568
2239,3.962780237197876,0.002369229626979993,0.1943359375,52.392778752,146735104
2240,3.8935062885284424,0.0023691838780038406,0.1982421875,52.392778752,146800640
2241,3.778188705444336,0.002369138095554903,0.1962890625,52.392778752,146866176
2242,3.893129348754883,0.0023690922796346992,0.1962890625,52.392778752,146931712
2243,3.467146635055542,0.002369046430244748,0.2041015625,52.392778752,146997248
2244,3.842266082763672,0.0023690005473865705,0.216796875,52.392778752,147062784
2245,3.851022481918335,0.002368954631061689,0.201171875,52.392778752,147128320
2246,3.6111984252929688,0.0023689086812716258,0.234375,52.392778752,147193856
2247,3.7570600509643555,0.0023688626980179054,0.2021484375,52.392778752,147259392
2248,3.602437973022461,0.002368816681302053,0.181640625,52.392778752,147324928
2249,3.903256416320801,0.002368770631125595,0.2099609375,52.392778752,147390464
2250,3.8964643478393555,0.002368724547490058,0.216796875,52.392778752,147456000
2251,4.137302398681641,0.0023686784303969715,0.275390625,52.392778752,147521536
2252,3.6399803161621094,0.0023686322798478644,0.2236328125,52.392778752,147587072
2253,4.134715557098389,0.0023685860958442676,0.2255859375,52.392778752,147652608
2254,3.9763875007629395,0.0023685398783877135,0.2119140625,52.392778752,147718144
2255,3.820687770843506,0.0023684936274797337,0.251953125,52.392778752,147783680
2256,3.8752264976501465,0.0023684473431218635,0.1953125,52.392778752,147849216
2257,3.9476804733276367,0.0023684010253156376,0.240234375,52.392778752,147914752
2258,3.888211727142334,0.0023683546740625935,0.255859375,52.392778752,147980288
2259,3.6238369941711426,0.0023683082893642664,0.212890625,52.392778752,148045824
2260,3.9499096870422363,0.002368261871222196,0.275390625,52.392778752,148111360
2261,3.751146078109741,0.002368215419637922,0.197265625,52.392778752,148176896
2262,3.6890501976013184,0.002368168934612985,0.212890625,52.392778752,148242432
2263,3.9042117595672607,0.002368122416148927,0.2099609375,52.392778752,148307968
2264,3.6760106086730957,0.0023680758642472895,0.2041015625,52.392778752,148373504
2265,3.7417540550231934,0.0023680292789096187,0.2421875,52.392778752,148439040
2266,3.78648042678833,0.0023679826601374584,0.21875,52.392778752,148504576
2267,3.855905294418335,0.0023679360079323555,0.201171875,52.392778752,148570112
2268,3.788045644760132,0.002367889322295856,0.2001953125,52.392778752,148635648
2269,3.9229729175567627,0.0023678426032295104,0.19921875,52.392778752,148701184
2270,3.7031924724578857,0.0023677958507348673,0.2138671875,52.392778752,148766720
2271,3.7319812774658203,0.0023677490648134777,0.228515625,52.392778752,148832256
2272,3.9097912311553955,0.0023677022454668926,0.2197265625,52.392778752,148897792
2273,3.8882369995117188,0.0023676553926966653,0.1845703125,52.392778752,148963328
2274,3.6743695735931396,0.002367608506504351,0.208984375,52.392778752,149028864
2275,3.68505859375,0.002367561586891502,0.2109375,52.392778752,149094400
2276,3.803861618041992,0.0023675146338596777,0.208984375,52.392778752,149159936
2277,3.922205686569214,0.002367467647410434,0.197265625,52.392778752,149225472
2278,4.060939788818359,0.0023674206275453294,0.2353515625,52.392778752,149291008
2279,3.605257272720337,0.0023673735742659233,0.25390625,52.392778752,149356544
2280,3.586780071258545,0.0023673264875737764,0.2099609375,52.392778752,149422080
2281,3.7674379348754883,0.0023672793674704502,0.263671875,52.392778752,149487616
2282,3.9991111755371094,0.002367232213957509,0.2001953125,52.392778752,149553152
2283,3.854613780975342,0.0023671850270365158,0.2001953125,52.392778752,149618688
2284,3.8466596603393555,0.0023671378067090356,0.2490234375,52.392778752,149684224
2285,3.8905324935913086,0.002367090552976634,0.216796875,52.392778752,149749760
2286,3.838794231414795,0.0023670432658408794,0.2294921875,52.392778752,149815296
2287,3.7436835765838623,0.0023669959453033406,0.2001953125,52.392778752,149880832
2288,3.8515172004699707,0.002366948591365586,0.1904296875,52.392778752,149946368
2289,3.581717014312744,0.0023669012040291866,0.2353515625,52.392778752,150011904
2290,3.7178761959075928,0.0023668537832957142,0.220703125,52.392778752,150077440
2291,4.082155227661133,0.002366806329166742,0.203125,52.392778752,150142976
2292,3.793226718902588,0.002366758841643843,0.25390625,52.392778752,150208512
2293,3.5600690841674805,0.002366711320728593,0.248046875,52.392778752,150274048
2294,3.896544933319092,0.002366663766422569,0.263671875,52.392778752,150339584
2295,3.827728271484375,0.002366616178727346,0.2431640625,52.392778752,150405120
2296,3.786698579788208,0.0023665685576445047,0.220703125,52.392778752,150470656
2297,3.8366689682006836,0.0023665209031756237,0.28125,52.392778752,150536192
2298,3.7008867263793945,0.0023664732153222835,0.234375,52.392778752,150601728
2299,3.878647804260254,0.002366425494086066,0.2236328125,52.392778752,150667264
2300,3.4967703819274902,0.002366377739468554,0.275390625,52.392778752,150732800
2301,4.019388198852539,0.002366329951471331,0.2080078125,52.392778752,150798336
2302,4.10172700881958,0.002366282130095983,0.28515625,52.392778752,150863872
2303,3.83034610748291,0.002366234275344095,0.2138671875,52.392778752,150929408
2304,3.858466625213623,0.0023661863872172554,0.220703125,52.392778752,150994944
2305,3.967808485031128,0.0023661384657170516,0.2021484375,52.392778752,151060480
2306,3.8345532417297363,0.0023660905108450737,0.216796875,52.392778752,151126016
2307,3.8015851974487305,0.0023660425226029115,0.224609375,52.392778752,151191552
2308,3.653395414352417,0.0023659945009921577,0.2412109375,52.392778752,151257088
2309,3.689699649810791,0.0023659464460144045,0.255859375,52.392778752,151322624
2310,3.7983264923095703,0.0023658983576712454,0.2236328125,52.392778752,151388160
2311,3.8613553047180176,0.0023658502359642764,0.2177734375,52.392778752,151453696
2312,3.9893813133239746,0.0023658020808950938,0.2060546875,52.392778752,151519232
2313,4.229941368103027,0.0023657538924652935,0.2236328125,52.392778752,151584768
2314,3.708329677581787,0.002365705670676474,0.2578125,52.392778752,151650304
2315,3.7850942611694336,0.002365657415530236,0.23828125,52.392778752,151715840
2316,3.889163017272949,0.002365609127028179,0.2216796875,52.392778752,151781376
2317,3.7651760578155518,0.002365560805171904,0.2138671875,52.392778752,151846912
2318,3.8845937252044678,0.0023655124499630154,0.23828125,52.392778752,151912448
2319,3.4839026927948,0.0023654640614031164,0.2021484375,52.392778752,151977984
2320,3.8235764503479004,0.0023654156394938117,0.2119140625,52.392778752,152043520
2321,3.8799314498901367,0.0023653671842367072,0.20703125,52.392778752,152109056
2322,3.781996488571167,0.0023653186956334106,0.2080078125,52.392778752,152174592
2323,3.8463616371154785,0.0023652701736855295,0.1904296875,52.392778752,152240128
2324,3.9570531845092773,0.002365221618394674,0.2177734375,52.392778752,152305664
2325,3.556103467941284,0.002365173029762454,0.2001953125,52.392778752,152371200
2326,3.613779067993164,0.0023651244077904825,0.2392578125,52.392778752,152436736
2327,3.983226776123047,0.0023650757524803705,0.2333984375,52.392778752,152502272
2328,3.805741786956787,0.002365027063833732,0.224609375,52.392778752,152567808
2329,3.847461462020874,0.0023649783418521826,0.1982421875,52.392778752,152633344
2330,3.6819210052490234,0.0023649295865373382,0.1982421875,52.392778752,152698880
2331,3.713921070098877,0.0023648807978908152,0.232421875,52.392778752,152764416
2332,3.8816633224487305,0.002364831975914233,0.2236328125,52.392778752,152829952
2333,3.790860176086426,0.00236478312060921,0.19921875,52.392778752,152895488
2334,3.8563027381896973,0.0023647342319773677,0.2294921875,52.392778752,152961024
2335,3.7401325702667236,0.002364685310020326,0.25,52.392778752,153026560
2336,3.834970474243164,0.002364636354739709,0.21484375,52.392778752,153092096
2337,3.7886691093444824,0.0023645873661371397,0.2294921875,52.392778752,153157632
2338,3.8779447078704834,0.0023645383442142433,0.185546875,52.392778752,153223168
2339,3.779496669769287,0.002364489288972646,0.21875,52.392778752,153288704
2340,3.769451141357422,0.0023644402004139742,0.2255859375,52.392778752,153354240
2341,3.7027971744537354,0.0023643910785398565,0.2041015625,52.392778752,153419776
2342,3.848982334136963,0.0023643419233519217,0.220703125,52.392778752,153485312
2343,3.8834891319274902,0.002364292734851801,0.2255859375,52.392778752,153550848
2344,3.576390266418457,0.002364243513041126,0.20703125,52.392778752,153616384
2345,3.509556293487549,0.002364194257921528,0.2216796875,52.392778752,153681920
2346,3.878119468688965,0.002364144969494641,0.19921875,52.392778752,153747456
2347,3.7587037086486816,0.002364095647762101,0.2265625,52.392778752,153812992
2348,4.034905433654785,0.002364046292725543,0.212890625,52.392778752,153878528
2349,3.816927909851074,0.0023639969043866044,0.2119140625,52.392778752,153944064
2350,3.8085265159606934,0.0023639474827469235,0.2197265625,52.392778752,154009600
2351,3.933375597000122,0.0023638980278081387,0.2099609375,52.392778752,154075136
2352,3.8981409072875977,0.0023638485395718906,0.203125,52.392778752,154140672
2353,3.8113327026367188,0.0023637990180398216,0.216796875,52.392778752,154206208
2354,3.776824712753296,0.0023637494632135726,0.212890625,52.392778752,154271744
2355,3.6921582221984863,0.0023636998750947887,0.2265625,52.392778752,154337280
2356,3.865022659301758,0.0023636502536851134,0.232421875,52.392778752,154402816
2357,4.030139446258545,0.002363600598986194,0.2158203125,52.392778752,154468352
2358,4.07737922668457,0.002363550910999676,0.2109375,52.392778752,154533888
2359,3.513791561126709,0.0023635011897272084,0.216796875,52.392778752,154599424
2360,3.7367005348205566,0.00236345143517044,0.240234375,52.392778752,154664960
2361,3.7927322387695312,0.002363401647331022,0.2060546875,52.392778752,154730496
2362,3.9006779193878174,0.002363351826210604,0.2265625,52.392778752,154796032
2363,3.6041574478149414,0.002363301971810839,0.2119140625,52.392778752,154861568
2364,3.651569366455078,0.002363252084133382,0.251953125,52.392778752,154927104
2365,3.8976287841796875,0.002363202163179886,0.2119140625,52.392778752,154992640
2366,3.790147542953491,0.0023631522089520075,0.228515625,52.392778752,155058176
2367,3.6251354217529297,0.002363102221451404,0.26171875,52.392778752,155123712
2368,3.88148832321167,0.0023630522006797324,0.205078125,52.392778752,155189248
2369,3.7095346450805664,0.0023630021466386516,0.251953125,52.392778752,155254784
2370,4.077937126159668,0.0023629520593298234,0.234375,52.392778752,155320320
2371,3.8976221084594727,0.0023629019387549073,0.21875,52.392778752,155385856
2372,4.051906585693359,0.002362851784915567,0.208984375,52.392778752,155451392
2373,3.7666831016540527,0.0023628015978134657,0.265625,52.392778752,155516928
2374,3.891563653945923,0.0023627513774502683,0.2080078125,52.392778752,155582464
2375,3.699291706085205,0.002362701123827639,0.2275390625,52.392778752,155648000
2376,3.754899024963379,0.002362650836947246,0.1962890625,52.392778752,155713536
2377,3.7764101028442383,0.0023626005168107572,0.2158203125,52.392778752,155779072
2378,3.847820997238159,0.002362550163419841,0.220703125,52.392778752,155844608
2379,3.6728994846343994,0.0023624997767761682,0.265625,52.392778752,155910144
2380,3.7087526321411133,0.0023624493568814102,0.25390625,52.392778752,155975680
2381,3.7171030044555664,0.0023623989037372386,0.298828125,52.392778752,156041216
2382,3.8716397285461426,0.0023623484173453265,0.248046875,52.392778752,156106752
2383,3.793590545654297,0.002362297897707349,0.291015625,52.392778752,156172288
2384,3.8345861434936523,0.0023622473448249824,0.255859375,52.392778752,156237824
2385,3.9865572452545166,0.002362196758699903,0.2041015625,52.392778752,156303360
2386,3.8616204261779785,0.0023621461393337883,0.271484375,52.392778752,156368896
2387,3.806743860244751,0.002362095486728317,0.2119140625,52.392778752,156434432
2388,3.7037463188171387,0.00236204480088517,0.224609375,52.392778752,156499968
2389,3.698612689971924,0.002361994081806028,0.2421875,52.392778752,156565504
2390,3.666293144226074,0.0023619433294925726,0.212890625,52.392778752,156631040
2391,3.7558817863464355,0.002361892543946489,0.212890625,52.392778752,156696576
2392,3.6523828506469727,0.002361841725169459,0.2060546875,52.392778752,156762112
2393,3.7665765285491943,0.0023617908731631714,0.19140625,52.392778752,156827648
2394,3.931201934814453,0.0023617399879293103,0.220703125,52.392778752,156893184
2395,3.8996758460998535,0.0023616890694695644,0.2294921875,52.392778752,156958720
2396,3.8244330883026123,0.0023616381177856225,0.2373046875,52.392778752,157024256
2397,3.929967164993286,0.0023615871328791747,0.2177734375,52.392778752,157089792
2398,3.92708420753479,0.002361536114751912,0.2470703125,52.392778752,157155328
2399,3.8437693119049072,0.0023614850634055265,0.2216796875,52.392778752,157220864
2400,3.7833285331726074,0.002361433978841711,0.23046875,52.392778752,157286400
2401,3.8102636337280273,0.002361382861062161,0.201171875,52.392778752,157351936
2402,3.764843225479126,0.0023613317100685707,0.224609375,52.392778752,157417472
2403,3.643521308898926,0.0023612805258626385,0.2041015625,52.392778752,157483008
2404,3.6481361389160156,0.0023612293084460598,0.2080078125,52.392778752,157548544
2405,3.9430463314056396,0.0023611780578205355,0.25390625,52.392778752,157614080
2406,3.7635815143585205,0.002361126773987764,0.2158203125,52.392778752,157679616
2407,3.7701773643493652,0.002361075456949447,0.24609375,52.392778752,157745152
2408,3.841442584991455,0.002361024106707286,0.216796875,52.392778752,157810688
2409,3.9916868209838867,0.002360972723262985,0.201171875,52.392778752,157876224
2410,3.565080404281616,0.002360921306618248,0.224609375,52.392778752,157941760
2411,3.8628084659576416,0.0023608698567747803,0.25,52.392778752,158007296
2412,3.684663772583008,0.002360818373734288,0.205078125,52.392778752,158072832
2413,3.797283411026001,0.002360766857498479,0.251953125,52.392778752,158138368
2414,3.8181681632995605,0.0023607153080690622,0.23046875,52.392778752,158203904
2415,3.9586000442504883,0.0023606637254477477,0.2333984375,52.392778752,158269440
2416,3.684652328491211,0.002360612109636246,0.208984375,52.392778752,158334976
2417,3.639934778213501,0.0023605604606362685,0.2236328125,52.392778752,158400512
2418,3.7703332901000977,0.0023605087784495295,0.2197265625,52.392778752,158466048
2419,3.963870048522949,0.0023604570630777425,0.23828125,52.392778752,158531584
2420,3.7314910888671875,0.0023604053145226222,0.23046875,52.392778752,158597120
2421,3.8168511390686035,0.0023603535327858865,0.2265625,52.392778752,158662656
2422,3.821134567260742,0.0023603017178692514,0.2001953125,52.392778752,158728192
2423,3.9891531467437744,0.002360249869774437,0.271484375,52.392778752,158793728
2424,3.8623390197753906,0.0023601979885031618,0.216796875,52.392778752,158859264
2425,3.81168270111084,0.002360146074057147,0.2099609375,52.392778752,158924800
2426,3.963869333267212,0.002360094126438115,0.21484375,52.392778752,158990336
2427,3.6378796100616455,0.0023600421456477882,0.21875,52.392778752,159055872
2428,3.934441566467285,0.002359990131687891,0.1943359375,52.392778752,159121408
2429,3.9225571155548096,0.0023599380845601473,0.22265625,52.392778752,159186944
2430,3.840963840484619,0.0023598860042662855,0.208984375,52.392778752,159252480
2431,3.7550277709960938,0.0023598338908080324,0.2197265625,52.392778752,159318016
2432,3.52915620803833,0.002359781744187116,0.2392578125,52.392778752,159383552
2433,3.6695027351379395,0.002359729564405266,0.1982421875,52.392778752,159449088
2434,3.730327844619751,0.0023596773514642125,0.2265625,52.392778752,159514624
2435,3.6667590141296387,0.0023596251053656886,0.2177734375,52.392778752,159580160
2436,3.7143473625183105,0.002359572826111427,0.23828125,52.392778752,159645696
2437,3.4992213249206543,0.0023595205137031607,0.2138671875,52.392778752,159711232
2438,4.0019025802612305,0.0023594681681426252,0.1953125,52.392778752,159776768
2439,3.775022506713867,0.0023594157894315576,0.265625,52.392778752,159842304
2440,4.02103853225708,0.002359363377571695,0.2041015625,52.392778752,159907840
2441,3.8651254177093506,0.002359310932564775,0.2177734375,52.392778752,159973376
2442,4.012541770935059,0.0023592584544125366,0.18359375,52.392778752,160038912
2443,3.687911033630371,0.002359205943116722,0.21875,52.392778752,160104448
2444,3.6947948932647705,0.002359153398679072,0.203125,52.392778752,160169984
2445,3.8210697174072266,0.002359100821101329,0.2255859375,52.392778752,160235520
2446,3.664275646209717,0.002359048210385238,0.240234375,52.392778752,160301056
2447,3.8909666538238525,0.0023589955665325444,0.19140625,52.392778752,160366592
2448,3.6549947261810303,0.002358942889544992,0.2099609375,52.392778752,160432128
2449,3.8301074504852295,0.00235889017942433,0.1962890625,52.392778752,160497664
2450,3.8819398880004883,0.002358837436172306,0.220703125,52.392778752,160563200
2451,3.8013954162597656,0.0023587846597906696,0.2080078125,52.392778752,160628736
2452,3.7656359672546387,0.0023587318502811708,0.1904296875,52.392778752,160694272
2453,3.468693256378174,0.0023586790076455615,0.2255859375,52.392778752,160759808
2454,3.646501064300537,0.002358626131885595,0.2216796875,52.392778752,160825344
2455,3.749506950378418,0.0023585732230030246,0.23046875,52.392778752,160890880
2456,4.016506195068359,0.002358520280999605,0.2236328125,52.392778752,160956416
2457,3.8004138469696045,0.0023584673058770914,0.19921875,52.392778752,161021952
2458,3.9298460483551025,0.0023584142976372426,0.2255859375,52.392778752,161087488
2459,3.776310920715332,0.002358361256281816,0.22265625,52.392778752,161153024
2460,3.682370901107788,0.002358308181812571,0.25,52.392778752,161218560
2461,3.7490804195404053,0.0023582550742312675,0.2099609375,52.392778752,161284096
2462,3.7371022701263428,0.0023582019335396673,0.2216796875,52.392778752,161349632
2463,3.811039447784424,0.002358148759739534,0.1923828125,52.392778752,161415168
2464,3.7178592681884766,0.0023580955528326292,0.2265625,52.392778752,161480704
2465,3.665804862976074,0.0023580423128207193,0.2265625,52.392778752,161546240
2466,3.8628830909729004,0.002357989039705569,0.212890625,52.392778752,161611776
2467,3.939276695251465,0.002357935733488947,0.197265625,52.392778752,161677312
2468,3.9862112998962402,0.0023578823941726194,0.2138671875,52.392778752,161742848
2469,3.51747727394104,0.002357829021758357,0.2578125,52.392778752,161808384
2470,3.648155689239502,0.0023577756162479284,0.201171875,52.392778752,161873920
2471,3.9372739791870117,0.002357722177643107,0.216796875,52.392778752,161939456
2472,3.735825538635254,0.0023576687059456637,0.22265625,52.392778752,162004992
2473,3.4919660091400146,0.002357615201157372,0.2392578125,52.392778752,162070528
2474,3.7593770027160645,0.0023575616632800075,0.19140625,52.392778752,162136064
2475,3.880967855453491,0.0023575080923153454,0.2470703125,52.392778752,162201600
2476,3.7324209213256836,0.0023574544882651633,0.20703125,52.392778752,162267136
2477,3.7361793518066406,0.002357400851131238,0.2255859375,52.392778752,162332672
2478,3.6108341217041016,0.0023573471809153488,0.2099609375,52.392778752,162398208
2479,3.9790680408477783,0.0023572934776192765,0.21875,52.392778752,162463744
2480,3.8935153484344482,0.0023572397412448018,0.1982421875,52.392778752,162529280
2481,3.8637895584106445,0.002357185971793707,0.201171875,52.392778752,162594816
2482,3.9262290000915527,0.002357132169267776,0.185546875,52.392778752,162660352
2483,3.7403922080993652,0.002357078333668793,0.21484375,52.392778752,162725888
2484,3.8487069606781006,0.0023570244649985437,0.2001953125,52.392778752,162791424
2485,3.844571113586426,0.002356970563258815,0.181640625,52.392778752,162856960
2486,3.92122220993042,0.0023569166284513944,0.2119140625,52.392778752,162922496
2487,3.7676525115966797,0.0023568626605780705,0.2412109375,52.392778752,162988032
2488,3.508457899093628,0.002356808659640635,0.20703125,52.392778752,163053568
2489,3.812145471572876,0.0023567546256408763,0.205078125,52.392778752,163119104
2490,3.9998326301574707,0.0023567005585805887,0.244140625,52.392778752,163184640
2491,3.8061611652374268,0.002356646458461565,0.234375,52.392778752,163250176
2492,3.548208713531494,0.0023565923252855995,0.1875,52.392778752,163315712
2493,3.6589083671569824,0.002356538159054488,0.2060546875,52.392778752,163381248
2494,3.6981053352355957,0.0023564839597700264,0.2021484375,52.392778752,163446784
2495,3.7838399410247803,0.0023564297274340125,0.2265625,52.392778752,163512320
2496,4.032916069030762,0.0023563754620482455,0.2392578125,52.392778752,163577856
2497,3.8997840881347656,0.0023563211636145258,0.2333984375,52.392778752,163643392
2498,3.7289962768554688,0.0023562668321346525,0.2392578125,52.392778752,163708928
2499,4.031801223754883,0.00235621246761043,0.1953125,52.392778752,163774464
2500,3.554720401763916,0.0023561580700436602,0.2275390625,52.392778752,163840000
2501,3.687709093093872,0.0023561036394361473,0.212890625,52.392778752,163905536
2502,3.4879813194274902,0.002356049175789697,0.2001953125,52.392778752,163971072
2503,3.6434967517852783,0.0023559946791061152,0.189453125,52.392778752,164036608
2504,3.7087955474853516,0.002355940149387211,0.2099609375,52.392778752,164102144
2505,3.84658145904541,0.0023558855866347914,0.208984375,52.392778752,164167680
2506,3.5871193408966064,0.002355830990850666,0.1796875,52.392778752,164233216
2507,3.5686869621276855,0.002355776362036647,0.2041015625,52.392778752,164298752
2508,3.7203474044799805,0.0023557217001945463,0.2001953125,52.392778752,164364288
2509,3.913555145263672,0.0023556670053261754,0.2001953125,52.392778752,164429824
2510,3.8687446117401123,0.0023556122774333497,0.1953125,52.392778752,164495360
2511,3.645357608795166,0.0023555575165178843,0.2275390625,52.392778752,164560896
2512,3.9236764907836914,0.002355502722581595,0.2080078125,52.392778752,164626432
2513,3.8864073753356934,0.0023554478956262998,0.23828125,52.392778752,164691968
2514,3.7792627811431885,0.0023553930356538166,0.2080078125,52.392778752,164757504
2515,3.74280047416687,0.0023553381426659656,0.234375,52.392778752,164823040
2516,3.755764961242676,0.002355283216664567,0.212890625,52.392778752,164888576
2517,3.874659538269043,0.002355228257651443,0.2236328125,52.392778752,164954112
2518,3.7689948081970215,0.0023551732656284167,0.220703125,52.392778752,165019648
2519,3.9436678886413574,0.0023551182405973114,0.2236328125,52.392778752,165085184
2520,3.7656586170196533,0.0023550631825599525,0.23828125,52.392778752,165150720
2521,3.9826178550720215,0.0023550080915181663,0.228515625,52.392778752,165216256
2522,3.854980945587158,0.0023549529674737795,0.224609375,52.392778752,165281792
2523,3.6773407459259033,0.0023548978104286217,0.1826171875,52.392778752,165347328
2524,3.911348342895508,0.002354842620384521,0.2451171875,52.392778752,165412864
2525,3.883613109588623,0.0023547873973433077,0.23828125,52.392778752,165478400
2526,3.6891775131225586,0.002354732141306815,0.181640625,52.392778752,165543936
2527,3.860217332839966,0.0023546768522768754,0.251953125,52.392778752,165609472
2528,3.761930465698242,0.0023546215302553217,0.2412109375,52.392778752,165675008
2529,3.860020637512207,0.0023545661752439892,0.2080078125,52.392778752,165740544
2530,3.590522050857544,0.0023545107872447145,0.2216796875,52.392778752,165806080
2531,3.6190052032470703,0.0023544553662593346,0.1982421875,52.392778752,165871616
2532,3.7034363746643066,0.002354399912289687,0.20703125,52.392778752,165937152
2533,3.8121399879455566,0.002354344425337611,0.1962890625,52.392778752,166002688
2534,3.6964271068573,0.002354288905404948,0.208984375,52.392778752,166068224
2535,3.522839069366455,0.002354233352493539,0.1923828125,52.392778752,166133760
2536,3.635532855987549,0.002354177766605226,0.1953125,52.392778752,166199296
2537,3.4647274017333984,0.0023541221477418536,0.205078125,52.392778752,166264832
2538,4.077549934387207,0.0023540664959052658,0.1845703125,52.392778752,166330368
2539,3.6880359649658203,0.0023540108110973092,0.2041015625,52.392778752,166395904
2540,3.643087863922119,0.0023539550933198298,0.2333984375,52.392778752,166461440
2541,3.5092875957489014,0.0023538993425746774,0.2080078125,52.392778752,166526976
2542,3.543652057647705,0.0023538435588636992,0.1904296875,52.392778752,166592512
2543,3.6986746788024902,0.002353787742188746,0.197265625,52.392778752,166658048
2544,3.773672580718994,0.00235373189255167,0.2177734375,52.392778752,166723584
2545,3.6393957138061523,0.002353676009954323,0.19140625,52.392778752,166789120
2546,3.7265830039978027,0.0023536200943985587,0.2265625,52.392778752,166854656
2547,3.654214382171631,0.002353564145886231,0.224609375,52.392778752,166920192
2548,3.535743236541748,0.002353508164419196,0.2216796875,52.392778752,166985728
2549,3.948629140853882,0.0023534521499993114,0.234375,52.392778752,167051264
2550,3.6947946548461914,0.002353396102628434,0.2314453125,52.392778752,167116800
2551,3.5732829570770264,0.0023533400223084227,0.2158203125,52.392778752,167182336
2552,3.8434109687805176,0.002353283909041139,0.1943359375,52.392778752,167247872
2553,3.9967129230499268,0.0023532277628284426,0.234375,52.392778752,167313408
2554,3.658693313598633,0.0023531715836721963,0.201171875,52.392778752,167378944
2555,3.6440787315368652,0.002353115371574264,0.267578125,52.392778752,167444480
2556,3.6584434509277344,0.002353059126536509,0.205078125,52.392778752,167510016
2557,3.788447856903076,0.0023530028485607975,0.2431640625,52.392778752,167575552
2558,3.5424418449401855,0.0023529465376489955,0.2373046875,52.392778752,167641088
2559,3.788817882537842,0.002352890193802972,0.1845703125,52.392778752,167706624
2560,3.8322789669036865,0.002352833817024595,0.212890625,52.392778752,167772160
2561,3.729525089263916,0.002352777407315735,0.19140625,52.392778752,167837696
2562,3.6893317699432373,0.0023527209646782617,0.251953125,52.392778752,167903232
2563,3.653069496154785,0.0023526644891140487,0.2177734375,52.392778752,167968768
2564,4.114594459533691,0.0023526079806249684,0.251953125,52.392778752,168034304
2565,3.633273124694824,0.002352551439212895,0.2294921875,52.392778752,168099840
2566,3.6857848167419434,0.0023524948648797044,0.291015625,52.392778752,168165376
2567,3.730452537536621,0.0023524382576272725,0.23828125,52.392778752,168230912
2568,3.7333900928497314,0.002352381617457477,0.2216796875,52.392778752,168296448
2569,3.742494583129883,0.0023523249443721975,0.2294921875,52.392778752,168361984
2570,4.038384437561035,0.0023522682383733118,0.34765625,52.392778752,168427520
2571,3.7520546913146973,0.0023522114994627024,0.26171875,52.392778752,168493056
2572,3.8958702087402344,0.002352154727642251,0.1982421875,52.392778752,168558592
2573,3.7751290798187256,0.0023520979229138396,0.25390625,52.392778752,168624128
2574,3.6406612396240234,0.0023520410852793535,0.23046875,52.392778752,168689664
2575,3.663134813308716,0.002351984214740677,0.224609375,52.392778752,168755200
2576,3.5414884090423584,0.0023519273112996976,0.259765625,52.392778752,168820736
2577,3.833493232727051,0.0023518703749583016,0.2216796875,52.392778752,168886272
2578,3.606428623199463,0.002351813405718377,0.2109375,52.392778752,168951808
2579,3.7385153770446777,0.0023517564035818147,0.21484375,52.392778752,169017344
2580,3.9096591472625732,0.0023516993685505053,0.2197265625,52.392778752,169082880
2581,3.5395970344543457,0.002351642300626339,0.189453125,52.392778752,169148416
2582,3.776383399963379,0.00235158519981121,0.220703125,52.392778752,169213952
2583,3.7460715770721436,0.0023515280661070125,0.2060546875,52.392778752,169279488
2584,3.799055576324463,0.0023514708995156404,0.1875,52.392778752,169345024
2585,3.5525569915771484,0.0023514137000389904,0.201171875,52.392778752,169410560
2586,3.917320728302002,0.0023513564676789596,0.228515625,52.392778752,169476096
2587,3.721129894256592,0.0023512992024374464,0.185546875,52.392778752,169541632
2588,3.824289321899414,0.00235124190431635,0.2197265625,52.392778752,169607168
2589,3.672133445739746,0.0023511845733175706,0.2041015625,52.392778752,169672704
2590,4.149911880493164,0.002351127209443011,0.232421875,52.392778752,169738240
2591,3.6389858722686768,0.0023510698126945726,0.1865234375,52.392778752,169803776
2592,4.05497932434082,0.002351012383074159,0.20703125,52.392778752,169869312
2593,3.9567508697509766,0.0023509549205836767,0.21484375,52.392778752,169934848
2594,3.8247923851013184,0.00235089742522503,0.193359375,52.392778752,170000384
2595,4.088632106781006,0.002350839897000126,0.193359375,52.392778752,170065920
2596,3.487731456756592,0.0023507823359108734,0.2109375,52.392778752,170131456
2597,3.807469606399536,0.0023507247419591814,0.20703125,52.392778752,170196992
2598,3.716248035430908,0.00235066711514696,0.2314453125,52.392778752,170262528
2599,4.0647735595703125,0.0023506094554761213,0.1884765625,52.392778752,170328064
2600,3.880908489227295,0.002350551762948576,0.2099609375,52.392778752,170393600
2601,3.666898250579834,0.00235049403756624,0.2314453125,52.392778752,170459136
2602,3.7441320419311523,0.002350436279331026,0.216796875,52.392778752,170524672
2603,3.805427074432373,0.002350378488244851,0.201171875,52.392778752,170590208
2604,3.8029277324676514,0.0023503206643096307,0.2197265625,52.392778752,170655744
2605,3.7958309650421143,0.002350262807527284,0.2109375,52.392778752,170721280
2606,3.800934076309204,0.002350204917899729,0.1923828125,52.392778752,170786816
2607,3.723964214324951,0.0023501469954288873,0.2021484375,52.392778752,170852352
2608,3.6844844818115234,0.0023500890401166787,0.220703125,52.392778752,170917888
2609,3.636667013168335,0.0023500310519650254,0.2080078125,52.392778752,170983424
2610,3.5792465209960938,0.0023499730309758517,0.2099609375,52.392778752,171048960
2611,3.730579137802124,0.0023499149771510812,0.1875,52.392778752,171114496
2612,3.855721950531006,0.00234985689049264,0.2080078125,52.392778752,171180032
2613,3.785187005996704,0.0023497987710024548,0.1884765625,52.392778752,171245568
2614,3.7812881469726562,0.0023497406186824533,0.2138671875,52.392778752,171311104
2615,3.6792256832122803,0.002349682433534564,0.203125,52.392778752,171376640
2616,3.8211913108825684,0.0023496242155607167,0.1904296875,52.392778752,171442176
2617,3.9108805656433105,0.002349565964762842,0.193359375,52.392778752,171507712
2618,3.689789295196533,0.0023495076811428733,0.19140625,52.392778752,171573248
2619,3.7733497619628906,0.002349449364702743,0.1865234375,52.392778752,171638784
2620,3.907104015350342,0.0023493910154443846,0.2197265625,52.392778752,171704320
2621,4.153803825378418,0.0023493326333697347,0.2412109375,52.392778752,171769856
2622,3.898468017578125,0.0023492742184807293,0.2412109375,52.392778752,171835392
2623,3.608488082885742,0.0023492157707793054,0.212890625,52.392778752,171900928
2624,3.935920000076294,0.0023491572902674027,0.2177734375,52.392778752,171966464
2625,3.8204686641693115,0.00234909877694696,0.1875,52.392778752,172032000
2626,3.75411319732666,0.002349040230819918,0.2353515625,52.392778752,172097536
2627,3.7328381538391113,0.002348981651888219,0.2255859375,52.392778752,172163072
2628,3.518559217453003,0.0023489230401538054,0.189453125,52.392778752,172228608
2629,3.812657356262207,0.002348864395618622,0.23828125,52.392778752,172294144
2630,3.822877883911133,0.002348805718284614,0.2119140625,52.392778752,172359680
2631,3.602823257446289,0.002348747008153727,0.2431640625,52.392778752,172425216
2632,3.7706668376922607,0.0023486882652279085,0.2255859375,52.392778752,172490752
2633,3.985146999359131,0.0023486294895091065,0.2099609375,52.392778752,172556288
2634,3.701046943664551,0.002348570680999271,0.2490234375,52.392778752,172621824
2635,3.792860984802246,0.0023485118397003533,0.228515625,52.392778752,172687360
2636,3.7453553676605225,0.002348452965614304,0.2177734375,52.392778752,172752896
2637,3.659417152404785,0.0023483940587430753,0.2255859375,52.392778752,172818432
2638,3.3019556999206543,0.002348335119088622,0.2001953125,52.392778752,172883968
2639,3.605335235595703,0.0023482761466528993,0.2177734375,52.392778752,172949504
2640,4.040055274963379,0.002348217141437863,0.26171875,52.392778752,173015040
2641,3.709442138671875,0.002348158103445469,0.2236328125,52.392778752,173080576
2642,3.660458564758301,0.0023480990326776767,0.22265625,52.392778752,173146112
2643,3.8988583087921143,0.0023480399291364454,0.2255859375,52.392778752,173211648
2644,3.7297544479370117,0.0023479807928237354,0.240234375,52.392778752,173277184
2645,3.8983070850372314,0.0023479216237415074,0.2080078125,52.392778752,173342720
2646,3.94588303565979,0.0023478624218917247,0.2255859375,52.392778752,173408256
2647,3.632457733154297,0.00234780318727635,0.1865234375,52.392778752,173473792
2648,3.3679614067077637,0.002347743919897349,0.28515625,52.392778752,173539328
2649,3.629471778869629,0.002347684619756688,0.2431640625,52.392778752,173604864
2650,3.4673125743865967,0.0023476252868563315,0.2080078125,52.392778752,173670400
2651,3.930447578430176,0.0023475659211982503,0.294921875,52.392778752,173735936
2652,3.776750087738037,0.0023475065227844113,0.2109375,52.392778752,173801472
2653,3.5881361961364746,0.0023474470916167857,0.1904296875,52.392778752,173867008
2654,3.8789193630218506,0.0023473876276973444,0.2236328125,52.392778752,173932544
2655,3.872079849243164,0.00234732813102806,0.22265625,52.392778752,173998080
2656,3.7332653999328613,0.0023472686016109056,0.1923828125,52.392778752,174063616
2657,3.7304484844207764,0.0023472090394478563,0.2080078125,52.392778752,174129152
2658,3.713054656982422,0.0023471494445408865,0.1943359375,52.392778752,174194688
2659,3.6197986602783203,0.0023470898168919735,0.1962890625,52.392778752,174260224
2660,3.521421432495117,0.002347030156503095,0.251953125,52.392778752,174325760
2661,3.9015579223632812,0.0023469704633762305,0.2236328125,52.392778752,174391296
2662,3.5923383235931396,0.0023469107375133583,0.2392578125,52.392778752,174456832
2663,3.5984997749328613,0.0023468509789164606,0.259765625,52.392778752,174522368
2664,3.8344130516052246,0.00234679118758752,0.1884765625,52.392778752,174587904
2665,3.5966691970825195,0.002346731363528518,0.2197265625,52.392778752,174653440
2666,3.8190956115722656,0.0023466715067414403,0.212890625,52.392778752,174718976
2667,3.5344595909118652,0.0023466116172282717,0.1982421875,52.392778752,174784512
2668,3.7827000617980957,0.0023465516949909985,0.236328125,52.392778752,174850048
2669,3.661851406097412,0.0023464917400316085,0.232421875,52.392778752,174915584
2670,3.704261541366577,0.00234643175235209,0.21484375,52.392778752,174981120
2671,3.692239284515381,0.002346371731954433,0.2265625,52.392778752,175046656
2672,3.975324869155884,0.002346311678840628,0.25390625,52.392778752,175112192
2673,3.5412745475769043,0.0023462515930126665,0.21875,52.392778752,175177728
2674,3.448991298675537,0.002346191474472543,0.1923828125,52.392778752,175243264
2675,3.6627113819122314,0.0023461313232222497,0.2275390625,52.392778752,175308800
2676,3.7665891647338867,0.002346071139263782,0.2275390625,52.392778752,175374336
2677,3.778548240661621,0.002346010922599137,0.2255859375,52.392778752,175439872
2678,3.868260383605957,0.002345950673230311,0.236328125,52.392778752,175505408
2679,3.876400947570801,0.002345890391159304,0.2060546875,52.392778752,175570944
2680,3.8014655113220215,0.0023458300763881134,0.2431640625,52.392778752,175636480
2681,3.6785330772399902,0.002345769728918741,0.216796875,52.392778752,175702016
2682,3.913818836212158,0.0023457093487531874,0.2001953125,52.392778752,175767552
2683,3.762880802154541,0.002345648935893457,0.212890625,52.392778752,175833088
2684,3.466308116912842,0.0023455884903415512,0.2001953125,52.392778752,175898624
2685,3.756350517272949,0.002345528012099477,0.2294921875,52.392778752,175964160
2686,3.672555923461914,0.0023454675011692393,0.234375,52.392778752,176029696
2687,3.749406099319458,0.0023454069575528456,0.2138671875,52.392778752,176095232
2688,3.745764970779419,0.002345346381252304,0.2353515625,52.392778752,176160768
2689,3.6414856910705566,0.0023452857722696227,0.2421875,52.392778752,176226304
2690,3.7247066497802734,0.002345225130606814,0.1923828125,52.392778752,176291840
2691,3.640092372894287,0.0023451644562658873,0.23828125,52.392778752,176357376
2692,3.746565341949463,0.002345103749248856,0.2109375,52.392778752,176422912
2693,3.4561142921447754,0.0023450430095577333,0.2255859375,52.392778752,176488448
2694,3.630434989929199,0.002344982237194534,0.2080078125,52.392778752,176553984
2695,3.5661399364471436,0.002344921432161274,0.2060546875,52.392778752,176619520
2696,3.5665786266326904,0.00234486059445997,0.19921875,52.392778752,176685056
2697,4.07327127456665,0.0023447997240926394,0.20703125,52.392778752,176750592
2698,4.003377914428711,0.0023447388210613013,0.2294921875,52.392778752,176816128
2699,3.914954662322998,0.0023446778853679763,0.197265625,52.392778752,176881664
2700,3.5667595863342285,0.0023446169170146854,0.2041015625,52.392778752,176947200
2701,3.7759974002838135,0.0023445559160034505,0.2275390625,52.392778752,177012736
2702,4.044013977050781,0.002344494882336295,0.21875,52.392778752,177078272
2703,3.7703003883361816,0.002344433816015243,0.2412109375,52.392778752,177143808
2704,3.805227279663086,0.0023443727170423204,0.201171875,52.392778752,177209344
2705,3.8419315814971924,0.002344311585419554,0.2080078125,52.392778752,177274880
2706,3.576777935028076,0.0023442504211489707,0.2236328125,52.392778752,177340416
2707,3.755216598510742,0.0023441892242325995,0.1923828125,52.392778752,177405952
2708,3.6566450595855713,0.00234412799467247,0.2177734375,52.392778752,177471488
2709,3.5659561157226562,0.002344066732470613,0.236328125,52.392778752,177537024
2710,3.9009671211242676,0.002344005437629061,0.2177734375,52.392778752,177602560
2711,3.662472724914551,0.002343944110149847,0.255859375,52.392778752,177668096
2712,4.266533851623535,0.002343882750035005,0.2216796875,52.392778752,177733632
2713,3.69160532951355,0.0023438213572865695,0.216796875,52.392778752,177799168
2714,3.580252170562744,0.0023437599319065775,0.224609375,52.392778752,177864704
2715,3.5460445880889893,0.0023436984738970665,0.2216796875,52.392778752,177930240
2716,3.854194164276123,0.002343636983260075,0.251953125,52.392778752,177995776
2717,3.925821304321289,0.0023435754599976416,0.203125,52.392778752,178061312
2718,3.666229248046875,0.0023435139041118073,0.2216796875,52.392778752,178126848
2719,3.6738357543945312,0.0023434523156046147,0.220703125,52.392778752,178192384
2720,3.6470541954040527,0.0023433906944781055,0.236328125,52.392778752,178257920
2721,3.9202475547790527,0.0023433290407343242,0.224609375,52.392778752,178323456
2722,3.770195484161377,0.0023432673543753156,0.20703125,52.392778752,178388992
2723,3.6922688484191895,0.002343205635403125,0.2099609375,52.392778752,178454528
2724,3.7958321571350098,0.002343143883819801,0.201171875,52.392778752,178520064
2725,3.822694778442383,0.0023430820996273903,0.244140625,52.392778752,178585600
2726,3.813401937484741,0.002343020282827943,0.19921875,52.392778752,178651136
2727,3.6432156562805176,0.0023429584334235093,0.259765625,52.392778752,178716672
2728,3.669159412384033,0.0023428965514161407,0.2158203125,52.392778752,178782208
2729,3.811041831970215,0.002342834636807889,0.294921875,52.392778752,178847744
2730,3.6752214431762695,0.002342772689600809,0.24609375,52.392778752,178913280
2731,3.763268232345581,0.002342710709796955,0.212890625,52.392778752,178978816
2732,3.6166574954986572,0.0023426486973983814,0.1982421875,52.392778752,179044352
2733,3.6750552654266357,0.002342586652407147,0.216796875,52.392778752,179109888
2734,3.5218279361724854,0.002342524574825309,0.1943359375,52.392778752,179175424
2735,3.9334678649902344,0.0023424624646549257,0.1953125,52.392778752,179240960
2736,3.7774107456207275,0.002342400321898058,0.220703125,52.392778752,179306496
2737,3.8049323558807373,0.002342338146556767,0.1806640625,52.392778752,179372032
2738,3.9210164546966553,0.0023422759386331144,0.24609375,52.392778752,179437568
2739,3.715306282043457,0.002342213698129164,0.1962890625,52.392778752,179503104
2740,3.481675624847412,0.00234215142504698,0.21484375,52.392778752,179568640
2741,3.5928754806518555,0.002342089119388628,0.1982421875,52.392778752,179634176
2742,3.7761988639831543,0.002342026781156175,0.2099609375,52.392778752,179699712
2743,4.0209641456604,0.0023419644103516877,0.2158203125,52.392778752,179765248
2744,3.844416856765747,0.002341902006977236,0.216796875,52.392778752,179830784
2745,4.003357887268066,0.002341839571034888,0.2158203125,52.392778752,179896320
2746,3.6807141304016113,0.002341777102526716,0.2412109375,52.392778752,179961856
2747,3.9578957557678223,0.0023417146014547913,0.193359375,52.392778752,180027392
2748,3.5924768447875977,0.002341652067821188,0.201171875,52.392778752,180092928
2749,3.6908507347106934,0.0023415895016279786,0.201171875,52.392778752,180158464
2750,3.6200523376464844,0.002341526902877239,0.21484375,52.392778752,180224000
2751,3.3289453983306885,0.002341464271571046,0.2109375,52.392778752,180289536
2752,3.8733181953430176,0.002341401607711477,0.197265625,52.392778752,180355072
2753,3.9982473850250244,0.0023413389113006097,0.2236328125,52.392778752,180420608
2754,3.7630655765533447,0.0023412761823405244,0.2060546875,52.392778752,180486144
2755,3.8084604740142822,0.0023412134208333005,0.1904296875,52.392778752,180551680
2756,3.8746180534362793,0.002341150626781021,0.21484375,52.392778752,180617216
2757,3.7704946994781494,0.002341087800185768,0.2158203125,52.392778752,180682752
2758,3.5568809509277344,0.002341024941049625,0.21484375,52.392778752,180748288
2759,3.2219324111938477,0.0023409620493746778,0.2275390625,52.392778752,180813824
2760,3.966376304626465,0.002340899125163012,0.265625,52.392778752,180879360
2761,3.6297125816345215,0.002340836168416715,0.2412109375,52.392778752,180944896
2762,3.7458395957946777,0.0023407731791378742,0.2421875,52.392778752,181010432
2763,3.6263461112976074,0.002340710157328579,0.2109375,52.392778752,181075968
2764,3.818258047103882,0.00234064710299092,0.234375,52.392778752,181141504
2765,3.964498519897461,0.002340584016126989,0.224609375,52.392778752,181207040
2766,3.8960893154144287,0.002340520896738878,0.22265625,52.392778752,181272576
2767,3.6865077018737793,0.0023404577448286803,0.2216796875,52.392778752,181338112
2768,3.589048385620117,0.0023403945603984915,0.23828125,52.392778752,181403648
2769,3.7535104751586914,0.0023403313434504063,0.232421875,52.392778752,181469184
2770,3.5846683979034424,0.0023402680939865216,0.279296875,52.392778752,181534720
2771,3.50820255279541,0.0023402048120089356,0.265625,52.392778752,181600256
2772,3.870600461959839,0.0023401414975197476,0.341796875,52.392778752,181665792
2773,3.656702995300293,0.0023400781505210568,0.224609375,52.392778752,181731328
2774,3.6041269302368164,0.002340014771014964,0.283203125,52.392778752,181796864
2775,3.8348488807678223,0.0023399513590035732,0.21484375,52.392778752,181862400
2776,3.5466277599334717,0.002339887914488986,0.2216796875,52.392778752,181927936
2777,3.565864086151123,0.0023398244374733075,0.275390625,52.392778752,181993472
2778,3.897014617919922,0.002339760927958643,0.2451171875,52.392778752,182059008
2779,3.5969326496124268,0.0023396973859470985,0.255859375,52.392778752,182124544
2780,3.651726245880127,0.002339633811440782,0.2333984375,52.392778752,182190080
2781,3.7605137825012207,0.002339570204441803,0.265625,52.392778752,182255616
2782,3.413792610168457,0.0023395065649522693,0.2099609375,52.392778752,182321152
2783,4.011878967285156,0.0023394428929742928,0.2177734375,52.392778752,182386688
2784,3.7273380756378174,0.0023393791885099858,0.2314453125,52.392778752,182452224
2785,3.701457977294922,0.0023393154515614603,0.25390625,52.392778752,182517760
2786,3.7793233394622803,0.002339251682130831,0.2236328125,52.392778752,182583296
2787,3.7225475311279297,0.0023391878802202135,0.234375,52.392778752,182648832
2788,4.1207594871521,0.0023391240458317227,0.2158203125,52.392778752,182714368
2789,3.71523380279541,0.0023390601789674763,0.2392578125,52.392778752,182779904
2790,3.5365519523620605,0.002338996279629593,0.2197265625,52.392778752,182845440
2791,3.8797848224639893,0.0023389323478201925,0.2109375,52.392778752,182910976
2792,3.7818448543548584,0.0023388683835413944,0.1962890625,52.392778752,182976512
2793,3.6057021617889404,0.002338804386795321,0.2412109375,52.392778752,183042048
2794,3.7445430755615234,0.002338740357584095,0.2470703125,52.392778752,183107584
2795,3.5167508125305176,0.0023386762959098388,0.18359375,52.392778752,183173120
2796,3.796322822570801,0.002338612201774679,0.2197265625,52.392778752,183238656
2797,3.7737526893615723,0.002338548075180741,0.1962890625,52.392778752,183304192
2798,3.843378782272339,0.002338483916130151,0.251953125,52.392778752,183369728
2799,3.7653868198394775,0.0023384197246250375,0.240234375,52.392778752,183435264
2800,3.6907386779785156,0.0023383555006675303,0.2333984375,52.392778752,183500800
2801,4.071964263916016,0.0023382912442597584,0.228515625,52.392778752,183566336
2802,3.552191734313965,0.0023382269554038534,0.2001953125,52.392778752,183631872
2803,3.7718238830566406,0.0023381626341019484,0.236328125,52.392778752,183697408
2804,3.594205856323242,0.0023380982803561756,0.2001953125,52.392778752,183762944
2805,3.676229476928711,0.0023380338941686707,0.23046875,52.392778752,183828480
2806,3.4899353981018066,0.002337969475541569,0.2099609375,52.392778752,183894016
2807,3.3901944160461426,0.0023379050244770063,0.2138671875,52.392778752,183959552
2808,3.8277058601379395,0.002337840540977121,0.203125,52.392778752,184025088
2809,4.038145065307617,0.002337776025044052,0.22265625,52.392778752,184090624
2810,3.8675432205200195,0.002337711476679939,0.1962890625,52.392778752,184156160
2811,3.816423177719116,0.002337646895886923,0.2119140625,52.392778752,184221696
2812,3.730541229248047,0.002337582282667146,0.185546875,52.392778752,184287232
2813,3.6588220596313477,0.002337517637022751,0.220703125,52.392778752,184352768
2814,3.765151023864746,0.002337452958955882,0.2138671875,52.392778752,184418304
2815,3.8768672943115234,0.0023373882484686846,0.2421875,52.392778752,184483840
2816,3.780264377593994,0.0023373235055633053,0.201171875,52.392778752,184549376
2817,3.6559560298919678,0.002337258730241891,0.21484375,52.392778752,184614912
2818,3.677748441696167,0.0023371939225065906,0.2197265625,52.392778752,184680448
2819,3.932861566543579,0.0023371290823595526,0.2314453125,52.392778752,184745984
2820,4.166406154632568,0.0023370642098029296,0.267578125,52.392778752,184811520
2821,3.8000359535217285,0.002336999304838872,0.2197265625,52.392778752,184877056
2822,3.6898117065429688,0.0023369343674695324,0.22265625,52.392778752,184942592
2823,3.808851718902588,0.002336869397697065,0.2470703125,52.392778752,185008128
2824,3.566326141357422,0.0023368043955236256,0.212890625,52.392778752,185073664
2825,3.567135810852051,0.002336739360951368,0.2109375,52.392778752,185139200
2826,3.754242420196533,0.0023366742939824516,0.2158203125,52.392778752,185204736
2827,3.612029552459717,0.002336609194619034,0.240234375,52.392778752,185270272
2828,3.6523325443267822,0.0023365440628632726,0.185546875,52.392778752,185335808
2829,3.7725491523742676,0.0023364788987173305,0.197265625,52.392778752,185401344
2830,3.4874072074890137,0.002336413702183367,0.2177734375,52.392778752,185466880
2831,3.55643367767334,0.0023363484732635454,0.20703125,52.392778752,185532416
2832,3.6619510650634766,0.002336283211960029,0.197265625,52.392778752,185597952
2833,3.9735820293426514,0.0023362179182749823,0.1923828125,52.392778752,185663488
2834,3.685093402862549,0.0023361525922105716,0.2060546875,52.392778752,185729024
2835,3.6321487426757812,0.002336087233768963,0.2109375,52.392778752,185794560
2836,3.679184913635254,0.0023360218429523245,0.21875,52.392778752,185860096
2837,3.7186787128448486,0.0023359564197628245,0.2255859375,52.392778752,185925632
2838,3.81746768951416,0.0023358909642026346,0.212890625,52.392778752,185991168
2839,3.7519233226776123,0.0023358254762739237,0.228515625,52.392778752,186056704
2840,3.806973695755005,0.0023357599559788653,0.2109375,52.392778752,186122240
2841,3.7704429626464844,0.0023356944033196326,0.1962890625,52.392778752,186187776
2842,3.738250970840454,0.002335628818298399,0.1943359375,52.392778752,186253312
2843,3.832289218902588,0.0023355632009173398,0.201171875,52.392778752,186318848
2844,3.590123176574707,0.002335497551178633,0.2216796875,52.392778752,186384384
2845,3.4322333335876465,0.0023354318690844544,0.19921875,52.392778752,186449920
2846,3.8348026275634766,0.0023353661546369835,0.201171875,52.392778752,186515456
2847,3.9419522285461426,0.0023353004078383996,0.2177734375,52.392778752,186580992
2848,3.358242988586426,0.0023352346286908826,0.1982421875,52.392778752,186646528
2849,3.684467315673828,0.002335168817196616,0.224609375,52.392778752,186712064
2850,3.760969638824463,0.002335102973357781,0.24609375,52.392778752,186777600
2851,3.6082441806793213,0.002335037097176563,0.2197265625,52.392778752,186843136
2852,3.526583671569824,0.0023349711886551452,0.21484375,52.392778752,186908672
2853,3.9283101558685303,0.0023349052477957153,0.2177734375,52.392778752,186974208
2854,3.6992669105529785,0.00233483927460046,0.1962890625,52.392778752,187039744
2855,3.723050117492676,0.002334773269071567,0.220703125,52.392778752,187105280
2856,3.6699957847595215,0.002334707231211226,0.2275390625,52.392778752,187170816
2857,3.4577975273132324,0.002334641161021627,0.2109375,52.392778752,187236352
2858,4.574484825134277,0.0023345750585049624,0.2236328125,52.392778752,187301888
2859,3.7782397270202637,0.002334508923663424,0.2177734375,52.392778752,187367424
2860,3.6766772270202637,0.002334442756499205,0.203125,52.392778752,187432960
2861,3.8132436275482178,0.0023343765570145,0.20703125,52.392778752,187498496
2862,3.6946568489074707,0.0023343103252115053,0.220703125,52.392778752,187564032
2863,3.720637798309326,0.002334244061092418,0.220703125,52.392778752,187629568
2864,3.5944981575012207,0.0023341777646594354,0.259765625,52.392778752,187695104
2865,3.6509504318237305,0.0023341114359147564,0.2373046875,52.392778752,187760640
2866,3.5252797603607178,0.002334045074860581,0.2333984375,52.392778752,187826176
2867,3.617453098297119,0.00233397868149911,0.23046875,52.392778752,187891712
2868,4.193469047546387,0.0023339122558325466,0.224609375,52.392778752,187957248
2869,3.7129557132720947,0.002333845797863093,0.20703125,52.392778752,188022784
2870,3.8213038444519043,0.0023337793075929544,0.251953125,52.392778752,188088320
2871,3.9794540405273438,0.002333712785024335,0.2255859375,52.392778752,188153856
2872,3.8621175289154053,0.0023336462301594423,0.236328125,52.392778752,188219392
2873,3.8812763690948486,0.002333579643000483,0.2421875,52.392778752,188284928
2874,3.7138071060180664,0.002333513023549666,0.2265625,52.392778752,188350464
2875,3.8364522457122803,0.002333446371809201,0.1796875,52.392778752,188416000
2876,3.5780959129333496,0.002333379687781299,0.2109375,52.392778752,188481536
2877,3.641517162322998,0.002333312971468171,0.2275390625,52.392778752,188547072
2878,3.6287841796875,0.0023332462228720305,0.193359375,52.392778752,188612608
2879,3.498636484146118,0.002333179441995091,0.21875,52.392778752,188678144
2880,3.7202062606811523,0.002333112628839568,0.18359375,52.392778752,188743680
2881,3.661914348602295,0.0023330457834076774,0.205078125,52.392778752,188809216
2882,3.423114538192749,0.0023329789057016364,0.1875,52.392778752,188874752
2883,3.906250476837158,0.002332911995723663,0.1875,52.392778752,188940288
2884,3.6850504875183105,0.0023328450534759763,0.20703125,52.392778752,189005824
2885,3.6943209171295166,0.002332778078960797,0.19921875,52.392778752,189071360
2886,3.818005084991455,0.0023327110721803467,0.193359375,52.392778752,189136896
2887,3.8291232585906982,0.002332644033136847,0.2177734375,52.392778752,189202432
2888,3.641651153564453,0.0023325769618325223,0.189453125,52.392778752,189267968
2889,3.8651952743530273,0.002332509858269597,0.224609375,52.392778752,189333504
2890,3.807624340057373,0.002332442722450297,0.248046875,52.392778752,189399040
2891,3.6658778190612793,0.002332375554376849,0.23828125,52.392778752,189464576
2892,3.4153294563293457,0.002332308354051481,0.220703125,52.392778752,189530112
2893,3.6072885990142822,0.002332241121476421,0.1943359375,52.392778752,189595648
2894,3.6846981048583984,0.0023321738566539,0.2099609375,52.392778752,189661184
2895,3.6562302112579346,0.0023321065595861483,0.1923828125,52.392778752,189726720
2896,3.7923126220703125,0.0023320392302753987,0.21484375,52.392778752,189792256
2897,3.5604426860809326,0.0023319718687238836,0.201171875,52.392778752,189857792
2898,3.804405927658081,0.0023319044749338384,0.205078125,52.392778752,189923328
2899,3.695054769515991,0.0023318370489074976,0.259765625,52.392778752,189988864
2900,3.746156692504883,0.0023317695906470977,0.1748046875,52.392778752,190054400
2901,3.8612561225891113,0.0023317021001548767,0.1953125,52.392778752,190119936
2902,3.933699131011963,0.002331634577433072,0.2333984375,52.392778752,190185472
2903,3.5684549808502197,0.002331567022483924,0.1904296875,52.392778752,190251008
2904,3.451512336730957,0.0023314994353096736,0.2138671875,52.392778752,190316544
2905,3.703707218170166,0.0023314318159125616,0.2109375,52.392778752,190382080
2906,3.7235991954803467,0.002331364164294832,0.193359375,52.392778752,190447616
2907,3.7997214794158936,0.0023312964804587284,0.236328125,52.392778752,190513152
2908,3.694159984588623,0.0023312287644064946,0.234375,52.392778752,190578688
2909,3.7713828086853027,0.002331161016140378,0.197265625,52.392778752,190644224
2910,3.474308967590332,0.0023310932356626246,0.2431640625,52.392778752,190709760
2911,3.7627530097961426,0.0023310254229754832,0.205078125,52.392778752,190775296
2912,3.719177484512329,0.002330957578081204,0.2099609375,52.392778752,190840832
2913,3.7056522369384766,0.0023308897009820346,0.2255859375,52.392778752,190906368
2914,3.8404574394226074,0.0023308217916802295,0.2041015625,52.392778752,190971904
2915,3.5741496086120605,0.0023307538501780387,0.2216796875,52.392778752,191037440
2916,3.750852108001709,0.002330685876477717,0.1943359375,52.392778752,191102976
2917,3.437699317932129,0.0023306178705815176,0.21484375,52.392778752,191168512
2918,3.683587074279785,0.002330549832491698,0.2255859375,52.392778752,191234048
2919,3.8850440979003906,0.002330481762210514,0.185546875,52.392778752,191299584
2920,3.7015326023101807,0.0023304136597402233,0.2431640625,52.392778752,191365120
2921,3.615704298019409,0.0023303455250830844,0.1865234375,52.392778752,191430656
2922,3.814544200897217,0.002330277358241358,0.23828125,52.392778752,191496192
2923,3.8108527660369873,0.002330209159217305,0.185546875,52.392778752,191561728
2924,3.595212936401367,0.0023301409280131863,0.2197265625,52.392778752,191627264
2925,3.991334915161133,0.002330072664631266,0.2333984375,52.392778752,191692800
2926,3.768890380859375,0.0023300043690738085,0.216796875,52.392778752,191758336
2927,3.672463893890381,0.0023299360413430777,0.2421875,52.392778752,191823872
2928,3.8999080657958984,0.002329867681441342,0.1953125,52.392778752,191889408
2929,3.6169629096984863,0.002329799289370867,0.212890625,52.392778752,191954944
2930,3.947880268096924,0.002329730865133922,0.208984375,52.392778752,192020480
2931,3.5799200534820557,0.002329662408732776,0.212890625,52.392778752,192086016
2932,3.645617723464966,0.0023295939201696996,0.22265625,52.392778752,192151552
2933,3.703251838684082,0.002329525399446965,0.2265625,52.392778752,192217088
2934,3.713573455810547,0.0023294568465668446,0.201171875,52.392778752,192282624
2935,3.6116185188293457,0.0023293882615316114,0.2578125,52.392778752,192348160
2936,4.171783924102783,0.002329319644343542,0.1982421875,52.392778752,192413696
2937,3.8160719871520996,0.002329250995004911,0.271484375,52.392778752,192479232
2938,3.7517518997192383,0.0023291823135179954,0.22265625,52.392778752,192544768
2939,3.9197640419006348,0.0023291135998850738,0.265625,52.392778752,192610304
2940,3.804927110671997,0.0023290448541084248,0.2275390625,52.392778752,192675840
2941,3.863037109375,0.0023289760761903283,0.2236328125,52.392778752,192741376
2942,3.9150702953338623,0.002328907266133067,0.22265625,52.392778752,192806912
2943,3.7334351539611816,0.0023288384239389215,0.2060546875,52.392778752,192872448
2944,3.5468647480010986,0.002328769549610176,0.2421875,52.392778752,192937984
2945,3.3036179542541504,0.0023287006431491146,0.2138671875,52.392778752,193003520
2946,3.655838966369629,0.0023286317045580237,0.2158203125,52.392778752,193069056
2947,4.035830497741699,0.0023285627338391892,0.19140625,52.392778752,193134592
2948,3.711517572402954,0.002328493730994898,0.19921875,52.392778752,193200128
2949,3.509995222091675,0.0023284246960274396,0.2314453125,52.392778752,193265664
2950,3.786515951156616,0.002328355628939104,0.1962890625,52.392778752,193331200
2951,3.6959872245788574,0.0023282865297321823,0.1875,52.392778752,193396736
2952,3.717268466949463,0.002328217398408965,0.19921875,52.392778752,193462272
2953,3.8827004432678223,0.0023281482349717464,0.1865234375,52.392778752,193527808
2954,3.8089609146118164,0.0023280790394228194,0.2294921875,52.392778752,193593344
2955,3.738691806793213,0.00232800981176448,0.1953125,52.392778752,193658880
2956,3.7920634746551514,0.002327940551999024,0.22265625,52.392778752,193724416
2957,3.7208127975463867,0.0023278712601287484,0.224609375,52.392778752,193789952
2958,3.622222423553467,0.002327801936155952,0.1943359375,52.392778752,193855488
2959,3.7504682540893555,0.002327732580082934,0.203125,52.392778752,193921024
2960,3.577054262161255,0.0023276631919119948,0.2255859375,52.392778752,193986560
2961,3.6248161792755127,0.0023275937716454352,0.1796875,52.392778752,194052096
2962,3.337405204772949,0.002327524319285559,0.20703125,52.392778752,194117632
2963,3.907224655151367,0.002327454834834669,0.19921875,52.392778752,194183168
2964,3.946495532989502,0.0023273853182950695,0.19921875,52.392778752,194248704
2965,3.815525531768799,0.002327315769669067,0.2392578125,52.392778752,194314240
2966,3.7058966159820557,0.0023272461889589677,0.2080078125,52.392778752,194379776
2967,3.831824541091919,0.0023271765761670804,0.28125,52.392778752,194445312
2968,3.585322141647339,0.0023271069312957135,0.2265625,52.392778752,194510848
2969,3.6594085693359375,0.0023270372543471767,0.2333984375,52.392778752,194576384
2970,3.633523941040039,0.002326967545323781,0.220703125,52.392778752,194641920
2971,3.7044122219085693,0.00232689780422784,0.212890625,52.392778752,194707456
2972,3.3295021057128906,0.002326828031061664,0.23046875,52.392778752,194772992
2973,3.5295026302337646,0.0023267582258275706,0.193359375,52.392778752,194838528
2974,3.61600399017334,0.002326688388527872,0.2412109375,52.392778752,194904064
2975,3.6055233478546143,0.0023266185191648863,0.2255859375,52.392778752,194969600
2976,3.945858955383301,0.0023265486177409312,0.21875,52.392778752,195035136
2977,3.803145408630371,0.002326478684258325,0.212890625,52.392778752,195100672
2978,3.976172924041748,0.0023264087187193864,0.2001953125,52.392778752,195166208
2979,4.037032127380371,0.002326338721126436,0.2578125,52.392778752,195231744
2980,3.548940420150757,0.0023262686914817966,0.20703125,52.392778752,195297280
2981,3.905689001083374,0.0023261986297877907,0.228515625,52.392778752,195362816
2982,3.67475962638855,0.0023261285360467415,0.2177734375,52.392778752,195428352
2983,3.8829381465911865,0.0023260584102609747,0.23828125,52.392778752,195493888
2984,3.6626758575439453,0.0023259882524328153,0.2353515625,52.392778752,195559424
2985,3.7477505207061768,0.0023259180625645904,0.21484375,52.392778752,195624960
2986,3.6865644454956055,0.002325847840658629,0.2001953125,52.392778752,195690496
2987,3.7247843742370605,0.00232577758671726,0.228515625,52.392778752,195756032
2988,4.193153381347656,0.0023257073007428124,0.2333984375,52.392778752,195821568
2989,3.8725342750549316,0.002325636982737619,0.24609375,52.392778752,195887104
2990,3.561211347579956,0.002325566632704011,0.20703125,52.392778752,195952640
2991,3.5400478839874268,0.002325496250644323,0.2197265625,52.392778752,196018176
2992,3.5787956714630127,0.0023254258365608877,0.193359375,52.392778752,196083712
2993,3.5646533966064453,0.002325355390456042,0.1826171875,52.392778752,196149248
2994,3.865534543991089,0.002325284912332122,0.208984375,52.392778752,196214784
2995,3.6472017765045166,0.002325214402191465,0.1845703125,52.392778752,196280320
2996,3.5850772857666016,0.0023251438600364106,0.21484375,52.392778752,196345856
2997,3.7112886905670166,0.002325073285869298,0.1982421875,52.392778752,196411392
2998,3.875122308731079,0.0023250026796924677,0.2177734375,52.392778752,196476928
2999,3.4122707843780518,0.0023249320415082617,0.197265625,52.392778752,196542464
3000,3.738614320755005,0.002324861371319024,0.2294921875,52.392778752,196608000
3001,3.6932005882263184,0.002324790669127097,0.1865234375,52.392778752,196673536
3002,3.7137274742126465,0.0023247199349348264,0.1904296875,52.392778752,196739072
3003,3.573988199234009,0.0023246491687445594,0.197265625,52.392778752,196804608
3004,3.817746162414551,0.002324578370558642,0.1787109375,52.392778752,196870144
3005,4.138740062713623,0.0023245075403794217,0.20703125,52.392778752,196935680
3006,3.597259283065796,0.0023244366782092496,0.2275390625,52.392778752,197001216
3007,3.7625114917755127,0.0023243657840504753,0.205078125,52.392778752,197066752
3008,3.738400936126709,0.00232429485790545,0.3046875,52.392778752,197132288
3009,3.591561794281006,0.002324223899776526,0.1806640625,52.392778752,197197824
3010,3.783811092376709,0.0023241529096660577,0.26953125,52.392778752,197263360
3011,3.7753424644470215,0.0023240818875763986,0.2109375,52.392778752,197328896
3012,3.8236210346221924,0.0023240108335099057,0.244140625,52.392778752,197394432
3013,3.813832998275757,0.002323939747468935,0.2265625,52.392778752,197459968
3014,4.008840560913086,0.002323868629455844,0.1962890625,52.392778752,197525504
3015,3.775655746459961,0.0023237974794729924,0.26953125,52.392778752,197591040
3016,3.7630746364593506,0.002323726297522739,0.2041015625,52.392778752,197656576
3017,3.8140933513641357,0.0023236550836074456,0.2294921875,52.392778752,197722112
3018,3.990291118621826,0.002323583837729474,0.212890625,52.392778752,197787648
3019,3.5081868171691895,0.0023235125598911875,0.240234375,52.392778752,197853184
3020,3.82486629486084,0.00232344125009495,0.2392578125,52.392778752,197918720
3021,3.611729860305786,0.0023233699083431265,0.2138671875,52.392778752,197984256
3022,3.5828046798706055,0.002323298534638084,0.240234375,52.392778752,198049792
3023,3.7653133869171143,0.002323227128982189,0.208984375,52.392778752,198115328
3024,3.244518756866455,0.0023231556913778104,0.2373046875,52.392778752,198180864
3025,3.937695026397705,0.002323084221827317,0.224609375,52.392778752,198246400
3026,3.5396838188171387,0.0023230127203330807,0.19921875,52.392778752,198311936
3027,3.7458200454711914,0.0023229411868974717,0.23828125,52.392778752,198377472
3028,3.550078868865967,0.002322869621522864,0.1953125,52.392778752,198443008
3029,3.7276415824890137,0.0023227980242116297,0.19140625,52.392778752,198508544
3030,3.817965507507324,0.002322726394966144,0.23046875,52.392778752,198574080
3031,3.805270195007324,0.002322654733788784,0.208984375,52.392778752,198639616
3032,4.2080159187316895,0.002322583040681925,0.2080078125,52.392778752,198705152
3033,3.749929428100586,0.0023225113156479455,0.25,52.392778752,198770688
3034,3.4821982383728027,0.0023224395586892246,0.220703125,52.392778752,198836224
3035,3.822131395339966,0.0023223677698081422,0.2041015625,52.392778752,198901760
3036,3.849393606185913,0.0023222959490070793,0.2470703125,52.392778752,198967296
3037,3.661785364151001,0.0023222240962884185,0.1787109375,52.392778752,199032832
3038,3.580404758453369,0.002322152211654543,0.2060546875,52.392778752,199098368
3039,3.8961596488952637,0.002322080295107836,0.2177734375,52.392778752,199163904
3040,3.7756857872009277,0.0023220083466506847,0.2119140625,52.392778752,199229440
3041,3.5682976245880127,0.0023219363662854734,0.1904296875,52.392778752,199294976
3042,3.6274020671844482,0.0023218643540145914,0.18359375,52.392778752,199360512
3043,3.560159206390381,0.0023217923098404264,0.1982421875,52.392778752,199426048
3044,3.6107981204986572,0.002321720233765368,0.1845703125,52.392778752,199491584
3045,3.7984607219696045,0.0023216481257918066,0.1806640625,52.392778752,199557120
3046,3.7454328536987305,0.002321575985922134,0.2216796875,52.392778752,199622656
3047,3.7978715896606445,0.0023215038141587434,0.23046875,52.392778752,199688192
3048,3.3219122886657715,0.002321431610504028,0.193359375,52.392778752,199753728
3049,3.9639699459075928,0.002321359374960383,0.224609375,52.392778752,199819264
3050,3.65466046333313,0.002321287107530205,0.1982421875,52.392778752,199884800
3051,3.753356456756592,0.002321214808215889,0.2392578125,52.392778752,199950336
3052,4.0065836906433105,0.002321142477019835,0.26171875,52.392778752,200015872
3053,3.8729710578918457,0.0023210701139444417,0.2255859375,52.392778752,200081408
3054,3.3610010147094727,0.0023209977189921085,0.267578125,52.392778752,200146944
3055,3.822023868560791,0.002320925292165237,0.2578125,52.392778752,200212480
3056,3.5507359504699707,0.0023208528334662296,0.1962890625,52.392778752,200278016
3057,3.9897327423095703,0.0023207803428974896,0.287109375,52.392778752,200343552
3058,3.5975341796875,0.0023207078204614214,0.2021484375,52.392778752,200409088
3059,3.8688158988952637,0.00232063526616043,0.22265625,52.392778752,200474624
3060,3.6550941467285156,0.0023205626799969225,0.2099609375,52.392778752,200540160
3061,3.876793146133423,0.0023204900619733064,0.2041015625,52.392778752,200605696
3062,3.6673312187194824,0.0023204174120919894,0.20703125,52.392778752,200671232
3063,3.7771787643432617,0.0023203447303553823,0.2197265625,52.392778752,200736768
3064,3.5765185356140137,0.0023202720167658955,0.19140625,52.392778752,200802304
3065,3.6313860416412354,0.0023201992713259407,0.1943359375,52.392778752,200867840
3066,3.7009928226470947,0.00232012649403793,0.216796875,52.392778752,200933376
3067,3.7756834030151367,0.002320053684904279,0.1904296875,52.392778752,200998912
3068,3.666041374206543,0.002319980843927401,0.21484375,52.392778752,201064448
3069,3.802140712738037,0.0023199079711097126,0.2275390625,52.392778752,201129984
3070,3.7279767990112305,0.0023198350664536314,0.23828125,52.392778752,201195520
3071,3.6946022510528564,0.002319762129961574,0.2109375,52.392778752,201261056
3072,3.825347423553467,0.0023196891616359613,0.2197265625,52.392778752,201326592
3073,3.6812655925750732,0.0023196161614792133,0.1875,52.392778752,201392128
3074,3.6623477935791016,0.00231954312949375,0.203125,52.392778752,201457664
3075,3.6399030685424805,0.0023194700656819943,0.2060546875,52.392778752,201523200
3076,3.753561019897461,0.0023193969700463705,0.2119140625,52.392778752,201588736
3077,3.6037349700927734,0.002319323842589302,0.212890625,52.392778752,201654272
3078,3.5329136848449707,0.0023192506833132147,0.1953125,52.392778752,201719808
3079,3.7048513889312744,0.0023191774922205356,0.2431640625,52.392778752,201785344
3080,3.85111927986145,0.002319104269313691,0.23046875,52.392778752,201850880
3081,3.987244129180908,0.0023190310145951108,0.2392578125,52.392778752,201916416
3082,3.992527484893799,0.0023189577280672245,0.2099609375,52.392778752,201981952
3083,3.8131957054138184,0.0023188844097324626,0.2294921875,52.392778752,202047488
3084,3.5247151851654053,0.002318811059593257,0.21875,52.392778752,202113024
3085,3.578850507736206,0.0023187376776520404,0.2255859375,52.392778752,202178560
3086,3.8224830627441406,0.0023186642639112473,0.2021484375,52.392778752,202244096
3087,3.885411262512207,0.0023185908183733124,0.2470703125,52.392778752,202309632
3088,3.69291090965271,0.0023185173410406714,0.1865234375,52.392778752,202375168
3089,3.7070486545562744,0.0023184438319157623,0.2275390625,52.392778752,202440704
3090,3.786259889602661,0.002318370291001022,0.21484375,52.392778752,202506240
3091,3.34263277053833,0.002318296718298891,0.2255859375,52.392778752,202571776
3092,3.7313547134399414,0.0023182231138118093,0.1923828125,52.392778752,202637312
3093,3.645451545715332,0.0023181494775422174,0.201171875,52.392778752,202702848
3094,3.633749485015869,0.002318075809492558,0.2001953125,52.392778752,202768384
3095,3.7762198448181152,0.0023180021096652747,0.2197265625,52.392778752,202833920
3096,3.7911577224731445,0.0023179283780628123,0.224609375,52.392778752,202899456
3097,3.942883014678955,0.002317854614687616,0.234375,52.392778752,202964992
3098,3.6108620166778564,0.0023177808195421327,0.2060546875,52.392778752,203030528
3099,3.6172876358032227,0.00231770699262881,0.234375,52.392778752,203096064
3100,3.4077277183532715,0.002317633133950096,0.1884765625,52.392778752,203161600
3101,3.477220058441162,0.0023175592435084407,0.20703125,52.392778752,203227136
3102,3.801253318786621,0.0023174853213062956,0.2265625,52.392778752,203292672
3103,3.8517422676086426,0.002317411367346112,0.2451171875,52.392778752,203358208
3104,3.469661235809326,0.002317337381630343,0.2421875,52.392778752,203423744
3105,3.647106170654297,0.002317263364161442,0.22265625,52.392778752,203489280
3106,3.6419692039489746,0.002317189314941864,0.2060546875,52.392778752,203554816
3107,4.048068046569824,0.0023171152339740665,0.240234375,52.392778752,203620352
3108,3.7249462604522705,0.0023170411212605053,0.20703125,52.392778752,203685888
3109,3.6013407707214355,0.0023169669768036386,0.232421875,52.392778752,203751424
3110,3.7767977714538574,0.0023168928006059267,0.2197265625,52.392778752,203816960
3111,3.6140494346618652,0.0023168185926698286,0.2265625,52.392778752,203882496
3112,3.3663668632507324,0.0023167443529978067,0.2158203125,52.392778752,203948032
3113,3.515033483505249,0.0023166700815923226,0.32421875,52.392778752,204013568
3114,3.6413002014160156,0.00231659577845584,0.248046875,52.392778752,204079104
3115,3.4365766048431396,0.0023165214435908236,0.32421875,52.392778752,204144640
3116,3.6299498081207275,0.002316447076999739,0.23828125,52.392778752,204210176
3117,3.7471160888671875,0.0023163726786850523,0.255859375,52.392778752,204275712
3118,3.678145408630371,0.002316298248649232,0.255859375,52.392778752,204341248
3119,3.557483673095703,0.002316223786894746,0.26953125,52.392778752,204406784
3120,3.571004867553711,0.0023161492934240637,0.2734375,52.392778752,204472320
3121,3.606478691101074,0.0023160747682396577,0.197265625,52.392778752,204537856
3122,3.2796881198883057,0.0023160002113439978,0.267578125,52.392778752,204603392
3123,3.669037342071533,0.002315925622739558,0.21484375,52.392778752,204668928
3124,3.6412508487701416,0.0023158510024288126,0.2392578125,52.392778752,204734464
3125,3.9148595333099365,0.0023157763504142357,0.2392578125,52.392778752,204800000
3126,3.763681650161743,0.0023157016666983036,0.2197265625,52.392778752,204865536
3127,3.6249358654022217,0.002315626951283494,0.2421875,52.392778752,204931072
3128,3.788114547729492,0.0023155522041722848,0.201171875,52.392778752,204996608
3129,3.511852741241455,0.0023154774253671554,0.2294921875,52.392778752,205062144
3130,3.9654314517974854,0.002315402614870585,0.2314453125,52.392778752,205127680
3131,3.7203245162963867,0.002315327772685056,0.212890625,52.392778752,205193216
3132,3.571812868118286,0.0023152528988130507,0.203125,52.392778752,205258752
3133,3.8935766220092773,0.002315177993257052,0.2236328125,52.392778752,205324288
3134,3.8210277557373047,0.002315103056019545,0.2041015625,52.392778752,205389824
3135,3.476640224456787,0.002315028087103015,0.2158203125,52.392778752,205455360
3136,3.663048267364502,0.0023149530865099483,0.1943359375,52.392778752,205520896
3137,3.883002758026123,0.0023148780542428323,0.1904296875,52.392778752,205586432
3138,3.786604404449463,0.0023148029903041567,0.23046875,52.392778752,205651968
3139,3.665870189666748,0.002314727894696411,0.1748046875,52.392778752,205717504
3140,3.87782621383667,0.002314652767422085,0.1865234375,52.392778752,205783040
3141,3.4446425437927246,0.002314577608483672,0.2119140625,52.392778752,205848576
3142,3.612767457962036,0.002314502417883663,0.189453125,52.392778752,205914112
3143,3.7009854316711426,0.0023144271956245543,0.2060546875,52.392778752,205979648
3144,3.3824496269226074,0.0023143519417088386,0.203125,52.392778752,206045184
3145,3.6491572856903076,0.0023142766561390134,0.2021484375,52.392778752,206110720
3146,3.7258639335632324,0.0023142013389175747,0.1943359375,52.392778752,206176256
3147,3.858053684234619,0.0023141259900470216,0.1943359375,52.392778752,206241792
3148,3.834076166152954,0.002314050609529853,0.193359375,52.392778752,206307328
3149,4.092813491821289,0.0023139751973685688,0.1923828125,52.392778752,206372864
3150,3.6844091415405273,0.002313899753565671,0.201171875,52.392778752,206438400
3151,3.673344612121582,0.002313824278123661,0.2197265625,52.392778752,206503936
3152,3.72036075592041,0.0023137487710450434,0.2060546875,52.392778752,206569472
3153,3.7409558296203613,0.0023136732323323214,0.1865234375,52.392778752,206635008
3154,3.634758949279785,0.0023135976619880006,0.203125,52.392778752,206700544
3155,3.776214122772217,0.002313522060014589,0.2392578125,52.392778752,206766080
3156,3.8603200912475586,0.0023134464264145923,0.2314453125,52.392778752,206831616
3157,3.7891807556152344,0.00231337076119052,0.2197265625,52.392778752,206897152
3158,3.723679304122925,0.002313295064344882,0.2119140625,52.392778752,206962688
3159,3.6527037620544434,0.002313219335880188,0.197265625,52.392778752,207028224
3160,3.612943410873413,0.002313143575798951,0.21484375,52.392778752,207093760
3161,3.571259021759033,0.0023130677841036833,0.251953125,52.392778752,207159296
3162,3.590273141860962,0.002312991960796899,0.2216796875,52.392778752,207224832
3163,3.3530397415161133,0.0023129161058811124,0.2119140625,52.392778752,207290368
3164,3.628826141357422,0.00231284021935884,0.2294921875,52.392778752,207355904
3165,3.5399816036224365,0.0023127643012325985,0.189453125,52.392778752,207421440
3166,3.792948007583618,0.0023126883515049066,0.234375,52.392778752,207486976
3167,3.703990936279297,0.002312612370178283,0.2333984375,52.392778752,207552512
3168,3.7447943687438965,0.0023125363572552475,0.193359375,52.392778752,207618048
3169,3.9669690132141113,0.002312460312738322,0.2236328125,52.392778752,207683584
3170,3.7618653774261475,0.002312384236630028,0.2236328125,52.392778752,207749120
3171,3.373806953430176,0.002312308128932889,0.259765625,52.392778752,207814656
3172,3.8697376251220703,0.00231223198964943,0.2216796875,52.392778752,207880192
3173,3.8055496215820312,0.0023121558187821764,0.2412109375,52.392778752,207945728
3174,3.8127317428588867,0.0023120796163336537,0.27734375,52.392778752,208011264
3175,3.6892614364624023,0.00231200338230639,0.2373046875,52.392778752,208076800
3176,3.797407388687134,0.0023119271167029135,0.255859375,52.392778752,208142336
3177,3.9859156608581543,0.002311850819525754,0.21875,52.392778752,208207872
3178,3.7506797313690186,0.0023117744907774425,0.2578125,52.392778752,208273408
3179,3.552682399749756,0.0023116981304605105,0.232421875,52.392778752,208338944
3180,3.6247873306274414,0.0023116217385774906,0.23046875,52.392778752,208404480
3181,3.684511661529541,0.002311545315130916,0.2197265625,52.392778752,208470016
3182,3.9016449451446533,0.0023114688601233225,0.2392578125,52.392778752,208535552
3183,3.746410846710205,0.0023113923735572457,0.220703125,52.392778752,208601088
3184,3.771026611328125,0.0023113158554352226,0.2216796875,52.392778752,208666624
3185,3.6778688430786133,0.0023112393057597904,0.22265625,52.392778752,208732160
3186,3.7276735305786133,0.0023111627245334886,0.1962890625,52.392778752,208797696
3187,3.6507861614227295,0.0023110861117588578,0.2275390625,52.392778752,208863232
3188,3.8073408603668213,0.0023110094674384384,0.1884765625,52.392778752,208928768
3189,3.7012128829956055,0.0023109327915747727,0.2080078125,52.392778752,208994304
3190,3.5756380558013916,0.002310856084170404,0.1904296875,52.392778752,209059840
3191,3.776427745819092,0.002310779345227877,0.220703125,52.392778752,209125376
3192,3.903536319732666,0.0023107025747497365,0.2099609375,52.392778752,209190912
3193,3.7558553218841553,0.0023106257727385283,0.1953125,52.392778752,209256448
3194,3.6244072914123535,0.0023105489391968,0.220703125,52.392778752,209321984
3195,3.747490882873535,0.0023104720741271016,0.1923828125,52.392778752,209387520
3196,3.659802198410034,0.002310395177531981,0.1806640625,52.392778752,209453056
3197,3.7442235946655273,0.0023103182494139886,0.22265625,52.392778752,209518592
3198,3.6130290031433105,0.0023102412897756767,0.17578125,52.392778752,209584128
3199,3.652534008026123,0.0023101642986195973,0.19140625,52.392778752,209649664
3200,3.734748363494873,0.0023100872759483047,0.1904296875,52.392778752,209715200
3201,3.332174777984619,0.0023100102217643533,0.2060546875,52.392778752,209780736
3202,3.511442184448242,0.002309933136070299,0.2001953125,52.392778752,209846272
3203,3.2065415382385254,0.002309856018868698,0.2021484375,52.392778752,209911808
3204,3.9201345443725586,0.002309778870162109,0.212890625,52.392778752,209977344
3205,3.731931209564209,0.0023097016899530903,0.19140625,52.392778752,210042880
3206,3.9091100692749023,0.0023096244782442018,0.2353515625,52.392778752,210108416
3207,3.661316156387329,0.0023095472350380055,0.208984375,52.392778752,210173952
3208,3.7159454822540283,0.0023094699603370614,0.1787109375,52.392778752,210239488
3209,3.6136298179626465,0.0023093926541439343,0.234375,52.392778752,210305024
3210,3.7149734497070312,0.0023093153164611877,0.216796875,52.392778752,210370560
3211,3.757946014404297,0.002309237947291387,0.23828125,52.392778752,210436096
3212,3.5684356689453125,0.0023091605466370978,0.2333984375,52.392778752,210501632
3213,3.315809726715088,0.0023090831145008875,0.19140625,52.392778752,210567168
3214,3.6659317016601562,0.0023090056508853255,0.2333984375,52.392778752,210632704
3215,3.801663398742676,0.0023089281557929797,0.2177734375,52.392778752,210698240
3216,3.656606912612915,0.0023088506292264213,0.2255859375,52.392778752,210763776
3217,3.4680752754211426,0.0023087730711882203,0.23828125,52.392778752,210829312
3218,3.7317984104156494,0.002308695481680951,0.21484375,52.392778752,210894848
3219,3.545034170150757,0.0023086178607071863,0.279296875,52.392778752,210960384
3220,3.928440570831299,0.0023085402082695006,0.2158203125,52.392778752,211025920
3221,3.394636631011963,0.0023084625243704696,0.26953125,52.392778752,211091456
3222,3.4994616508483887,0.00230838480901267,0.2001953125,52.392778752,211156992
3223,3.8000199794769287,0.002308307062198679,0.212890625,52.392778752,211222528
3224,3.2375540733337402,0.0023082292839310754,0.189453125,52.392778752,211288064
3225,3.788335084915161,0.0023081514742124398,0.203125,52.392778752,211353600
3226,3.826444149017334,0.002308073633045352,0.20703125,52.392778752,211419136
3227,3.5422356128692627,0.002307995760432394,0.201171875,52.392778752,211484672
3228,3.8252639770507812,0.0023079178563761493,0.19921875,52.392778752,211550208
3229,3.698293924331665,0.0023078399208792014,0.2099609375,52.392778752,211615744
3230,3.8283491134643555,0.0023077619539441352,0.197265625,52.392778752,211681280
3231,3.9988226890563965,0.0023076839555735374,0.22265625,52.392778752,211746816
3232,3.594222068786621,0.002307605925769994,0.2177734375,52.392778752,211812352
3233,3.6318068504333496,0.0023075278645360944,0.2431640625,52.392778752,211877888
3234,3.289803981781006,0.0023074497718744264,0.2255859375,52.392778752,211943424
3235,3.6349806785583496,0.002307371647787581,0.21875,52.392778752,212008960
3236,3.7865686416625977,0.002307293492278149,0.2333984375,52.392778752,212074496
3237,3.6617307662963867,0.0023072153053487225,0.234375,52.392778752,212140032
3238,3.920926570892334,0.002307137087001896,0.193359375,52.392778752,212205568
3239,3.8338663578033447,0.0023070588372402626,0.27734375,52.392778752,212271104
3240,3.8082118034362793,0.0023069805560664187,0.2080078125,52.392778752,212336640
3241,3.6413536071777344,0.0023069022434829595,0.27734375,52.392778752,212402176
3242,3.658414363861084,0.0023068238994924835,0.2109375,52.392778752,212467712
3243,3.478292226791382,0.0023067455240975898,0.2373046875,52.392778752,212533248
3244,3.6060338020324707,0.0023066671173008757,0.2373046875,52.392778752,212598784
3245,3.5602240562438965,0.002306588679104944,0.2138671875,52.392778752,212664320
3246,3.6038947105407715,0.0023065102095123956,0.2314453125,52.392778752,212729856
3247,3.52602481842041,0.002306431708525833,0.2021484375,52.392778752,212795392
3248,3.2849223613739014,0.00230635317614786,0.212890625,52.392778752,212860928
3249,3.5730631351470947,0.0023062746123810813,0.232421875,52.392778752,212926464
3250,3.5585007667541504,0.0023061960172281034,0.236328125,52.392778752,212992000
3251,3.7906670570373535,0.0023061173906915324,0.2294921875,52.392778752,213057536
3252,3.6163244247436523,0.002306038732773976,0.2412109375,52.392778752,213123072
3253,3.260364055633545,0.0023059600434780438,0.216796875,52.392778752,213188608
3254,3.505173921585083,0.002305881322806346,0.2099609375,52.392778752,213254144
3255,3.6885361671447754,0.002305802570761493,0.2197265625,52.392778752,213319680
3256,3.8680853843688965,0.0023057237873460967,0.2119140625,52.392778752,213385216
3257,3.8766350746154785,0.002305644972562771,0.205078125,52.392778752,213450752
3258,3.6542410850524902,0.0023055661264141294,0.2001953125,52.392778752,213516288
3259,3.5235610008239746,0.002305487248902787,0.1923828125,52.392778752,213581824
3260,3.9008121490478516,0.002305408340031361,0.21484375,52.392778752,213647360
3261,3.573317050933838,0.0023053293998024672,0.1923828125,52.392778752,213712896
3262,3.7135984897613525,0.0023052504282187252,0.2060546875,52.392778752,213778432
3263,3.414909839630127,0.0023051714252827534,0.2001953125,52.392778752,213843968
3264,3.6274359226226807,0.002305092390997173,0.232421875,52.392778752,213909504
3265,3.4953393936157227,0.002305013325364604,0.208984375,52.392778752,213975040
3266,3.678835868835449,0.002304934228387671,0.2021484375,52.392778752,214040576
3267,3.6262693405151367,0.0023048551000689962,0.2158203125,52.392778752,214106112
3268,3.4046053886413574,0.0023047759404112036,0.232421875,52.392778752,214171648
3269,3.77274751663208,0.0023046967494169206,0.2314453125,52.392778752,214237184
3270,3.621173858642578,0.0023046175270887716,0.21875,52.392778752,214302720
3271,3.6457583904266357,0.002304538273429386,0.259765625,52.392778752,214368256
3272,3.598606586456299,0.002304458988441392,0.2353515625,52.392778752,214433792
3273,3.7514023780822754,0.002304379672127419,0.2255859375,52.392778752,214499328
3274,3.8950321674346924,0.002304300324490098,0.20703125,52.392778752,214564864
3275,3.4648566246032715,0.0023042209455320603,0.2109375,52.392778752,214630400
3276,3.5539774894714355,0.0023041415352559403,0.2392578125,52.392778752,214695936
3277,3.65317964553833,0.00230406209366437,0.197265625,52.392778752,214761472
3278,3.5096793174743652,0.002303982620759985,0.2119140625,52.392778752,214827008
3279,3.7864160537719727,0.0023039031165454226,0.2060546875,52.392778752,214892544
3280,3.771200656890869,0.0023038235810233175,0.2216796875,52.392778752,214958080
3281,3.8124656677246094,0.0023037440141963094,0.212890625,52.392778752,215023616
3282,3.8314898014068604,0.002303664416067037,0.2060546875,52.392778752,215089152
3283,3.5941996574401855,0.0023035847866381405,0.2275390625,52.392778752,215154688
3284,3.671933174133301,0.00230350512591226,0.212890625,52.392778752,215220224
3285,3.753351926803589,0.0023034254338920395,0.2353515625,52.392778752,215285760
3286,3.5881450176239014,0.002303345710580121,0.2060546875,52.392778752,215351296
3287,3.679818630218506,0.0023032659559791497,0.349609375,52.392778752,215416832
3288,3.5103046894073486,0.0023031861700917693,0.2060546875,52.392778752,215482368
3289,3.7379517555236816,0.0023031063529206277,0.255859375,52.392778752,215547904
3290,4.041564464569092,0.0023030265044683717,0.2314453125,52.392778752,215613440
3291,3.638289213180542,0.00230294662473765,0.2158203125,52.392778752,215678976
3292,3.648437976837158,0.002302866713731111,0.248046875,52.392778752,215744512
3293,3.696032762527466,0.002302786771451407,0.2421875,52.392778752,215810048
3294,3.7955713272094727,0.0023027067979011885,0.2177734375,52.392778752,215875584
3295,3.5726122856140137,0.0023026267930831073,0.212890625,52.392778752,215941120
3296,3.9258832931518555,0.0023025467569998187,0.197265625,52.392778752,216006656
3297,3.97027850151062,0.0023024666896539767,0.1826171875,52.392778752,216072192
3298,3.840907573699951,0.0023023865910482364,0.2392578125,52.392778752,216137728
3299,3.4834847450256348,0.002302306461185255,0.203125,52.392778752,216203264
3300,3.5117642879486084,0.0023022263000676904,0.197265625,52.392778752,216268800
3301,3.384434938430786,0.0023021461076982008,0.2158203125,52.392778752,216334336
3302,3.5370631217956543,0.002302065884079446,0.208984375,52.392778752,216399872
3303,3.6486470699310303,0.0023019856292140887,0.19140625,52.392778752,216465408
3304,3.7856969833374023,0.0023019053431047884,0.2138671875,52.392778752,216530944
3305,3.5647852420806885,0.0023018250257542095,0.1923828125,52.392778752,216596480
3306,3.822956085205078,0.002301744677165015,0.197265625,52.392778752,216662016
3307,3.6977527141571045,0.002301664297339871,0.2255859375,52.392778752,216727552
3308,3.726489543914795,0.002301583886281443,0.1982421875,52.392778752,216793088
3309,3.5751149654388428,0.0023015034439923983,0.228515625,52.392778752,216858624
3310,3.609057903289795,0.002301422970475404,0.1982421875,52.392778752,216924160
3311,3.592900037765503,0.0023013424657331305,0.2041015625,52.392778752,216989696
3312,3.5438544750213623,0.002301261929768248,0.2275390625,52.392778752,217055232
3313,3.9886114597320557,0.0023011813625834266,0.1962890625,52.392778752,217120768
3314,3.449355125427246,0.00230110076418134,0.2109375,52.392778752,217186304
3315,3.6109561920166016,0.00230102013456466,0.197265625,52.392778752,217251840
3316,4.033217430114746,0.002300939473736062,0.255859375,52.392778752,217317376
3317,3.6363868713378906,0.0023008587816982216,0.2265625,52.392778752,217382912
3318,3.867683172225952,0.002300778058453814,0.25390625,52.392778752,217448448
3319,3.646941900253296,0.002300697304005518,0.232421875,52.392778752,217513984
3320,3.7529563903808594,0.002300616518356011,0.2041015625,52.392778752,217579520
3321,3.6802148818969727,0.0023005357015079726,0.212890625,52.392778752,217645056
3322,3.754187822341919,0.002300454853464084,0.1982421875,52.392778752,217710592
3323,3.7269034385681152,0.0023003739742270264,0.205078125,52.392778752,217776128
3324,3.761502504348755,0.0023002930637994828,0.1767578125,52.392778752,217841664
3325,3.6295320987701416,0.0023002121221841363,0.2265625,52.392778752,217907200
3326,3.6481871604919434,0.0023001311493836716,0.201171875,52.392778752,217972736
3327,3.4632341861724854,0.002300050145400775,0.2099609375,52.392778752,218038272
3328,3.6977782249450684,0.0022999691102381322,0.19921875,52.392778752,218103808
3329,3.4868617057800293,0.0022998880438984326,0.22265625,52.392778752,218169344
3330,3.5039210319519043,0.002299806946384363,0.171875,52.392778752,218234880
3331,3.586602210998535,0.0022997258176986157,0.2314453125,52.392778752,218300416
3332,3.677055597305298,0.002299644657843879,0.203125,52.392778752,218365952
3333,3.808314561843872,0.002299563466822847,0.228515625,52.392778752,218431488
3334,3.6876766681671143,0.0022994822446382114,0.234375,52.392778752,218497024
3335,3.579122304916382,0.002299400991292666,0.20703125,52.392778752,218562560
3336,3.845921754837036,0.0022993197067889067,0.23828125,52.392778752,218628096
3337,3.6712920665740967,0.002299238391129629,0.2314453125,52.392778752,218693632
3338,3.4205894470214844,0.0022991570443175306,0.2158203125,52.392778752,218759168
3339,3.710608959197998,0.002299075666355309,0.2099609375,52.392778752,218824704
3340,3.6027183532714844,0.0022989942572456635,0.2001953125,52.392778752,218890240
3341,3.781505584716797,0.0022989128169912942,0.216796875,52.392778752,218955776
3342,3.605576753616333,0.002298831345594903,0.20703125,52.392778752,219021312
3343,3.6742377281188965,0.0022987498430591916,0.236328125,52.392778752,219086848
3344,3.559054374694824,0.0022986683093868627,0.25390625,52.392778752,219152384
3345,3.5558557510375977,0.002298586744580622,0.271484375,52.392778752,219217920
3346,3.6301181316375732,0.0022985051486431735,0.23828125,52.392778752,219283456
3347,3.847360134124756,0.0022984235215772245,0.1787109375,52.392778752,219348992
3348,3.6377673149108887,0.0022983418633854822,0.265625,52.392778752,219414528
3349,3.5809197425842285,0.002298260174070655,0.2216796875,52.392778752,219480064
3350,3.6147332191467285,0.0022981784536354522,0.2041015625,52.392778752,219545600
3351,3.5609753131866455,0.002298096702082584,0.2197265625,52.392778752,219611136
3352,3.781280279159546,0.002298014919414763,0.208984375,52.392778752,219676672
3353,3.6458187103271484,0.002297933105634701,0.2138671875,52.392778752,219742208
3354,3.78165864944458,0.002297851260745112,0.2021484375,52.392778752,219807744
3355,3.8921477794647217,0.00229776938474871,0.1923828125,52.392778752,219873280
3356,3.6314077377319336,0.002297687477648212,0.201171875,52.392778752,219938816
3357,3.8149936199188232,0.0022976055394463334,0.232421875,52.392778752,220004352
3358,3.6678478717803955,0.0022975235701457922,0.2177734375,52.392778752,220069888
3359,3.4678096771240234,0.002297441569749308,0.189453125,52.392778752,220135424
3360,3.686396837234497,0.0022973595382595993,0.2275390625,52.392778752,220200960
3361,3.676422119140625,0.0022972774756793877,0.197265625,52.392778752,220266496
3362,3.7106494903564453,0.002297195382011395,0.205078125,52.392778752,220332032
3363,3.5295915603637695,0.0022971132572583443,0.2265625,52.392778752,220397568
3364,3.7225589752197266,0.0022970311014229587,0.2158203125,52.392778752,220463104
3365,3.9022350311279297,0.0022969489145079646,0.216796875,52.392778752,220528640
3366,3.5747132301330566,0.0022968666965160864,0.197265625,52.392778752,220594176
3367,3.774628162384033,0.0022967844474500523,0.21875,52.392778752,220659712
3368,3.4761898517608643,0.00229670216731259,0.255859375,52.392778752,220725248
3369,3.81211256980896,0.002296619856106428,0.2236328125,52.392778752,220790784
3370,3.772207736968994,0.002296537513834297,0.2255859375,52.392778752,220856320
3371,3.692229747772217,0.0022964551404989287,0.21484375,52.392778752,220921856
3372,3.584047794342041,0.002296372736103054,0.2255859375,52.392778752,220987392
3373,3.429089069366455,0.0022962903006494067,0.2099609375,52.392778752,221052928
3374,3.6204965114593506,0.0022962078341407215,0.2119140625,52.392778752,221118464
3375,3.672018527984619,0.0022961253365797333,0.197265625,52.392778752,221184000
3376,4.676492691040039,0.0022960428079691775,0.2392578125,52.392778752,221249536
3377,3.5968189239501953,0.0022959602483117927,0.203125,52.392778752,221315072
3378,3.9360244274139404,0.002295877657610317,0.2236328125,52.392778752,221380608
3379,3.3888044357299805,0.0022957950358674893,0.2021484375,52.392778752,221446144
3380,3.9716145992279053,0.002295712383086051,0.216796875,52.392778752,221511680
3381,3.583510637283325,0.0022956296992687414,0.20703125,52.392778752,221577216
3382,3.457481861114502,0.0022955469844183054,0.2392578125,52.392778752,221642752
3383,3.532532215118408,0.0022954642385374854,0.2373046875,52.392778752,221708288
3384,3.864586591720581,0.0022953814616290262,0.2294921875,52.392778752,221773824
3385,3.590829372406006,0.0022952986536956725,0.21484375,52.392778752,221839360
3386,3.857301712036133,0.002295215814740172,0.2255859375,52.392778752,221904896
3387,3.6665961742401123,0.0022951329447652717,0.251953125,52.392778752,221970432
3388,3.6223866939544678,0.002295050043773721,0.216796875,52.392778752,222035968
3389,3.7109832763671875,0.0022949671117682684,0.2265625,52.392778752,222101504
3390,3.856879234313965,0.0022948841487516656,0.2109375,52.392778752,222167040
3391,3.634321689605713,0.0022948011547266637,0.1923828125,52.392778752,222232576
3392,3.6216537952423096,0.002294718129696016,0.1962890625,52.392778752,222298112
3393,3.765141725540161,0.0022946350736624756,0.1748046875,52.392778752,222363648
3394,3.621720790863037,0.002294551986628798,0.2021484375,52.392778752,222429184
3395,3.62477970123291,0.0022944688685977385,0.1787109375,52.392778752,222494720
3396,3.6117091178894043,0.0022943857195720546,0.205078125,52.392778752,222560256
3397,3.6584630012512207,0.0022943025395545033,0.2041015625,52.392778752,222625792
3398,3.6678009033203125,0.002294219328547845,0.2119140625,52.392778752,222691328
3399,3.42504620552063,0.002294136086554838,0.2041015625,52.392778752,222756864
3400,3.6852221488952637,0.002294052813578244,0.1806640625,52.392778752,222822400
3401,3.775310516357422,0.0022939695096208246,0.2265625,52.392778752,222887936
3402,3.2841439247131348,0.0022938861746853445,0.1923828125,52.392778752,222953472
3403,3.5746841430664062,0.0022938028087745657,0.2412109375,52.392778752,223019008
3404,3.590261459350586,0.0022937194118912542,0.2060546875,52.392778752,223084544
3405,4.073508262634277,0.002293635984038176,0.21484375,52.392778752,223150080
3406,3.5579376220703125,0.0022935525252180985,0.390625,52.392778752,223215616
3407,3.4873461723327637,0.0022934690354337894,0.2080078125,52.392778752,223281152
3408,3.7288036346435547,0.002293385514688018,0.2080078125,52.392778752,223346688
3409,3.8276076316833496,0.0022933019629835555,0.201171875,52.392778752,223412224
3410,3.4390945434570312,0.0022932183803231715,0.248046875,52.392778752,223477760
3411,3.8005261421203613,0.0022931347667096394,0.2197265625,52.392778752,223543296
3412,3.5735907554626465,0.0022930511221457323,0.2197265625,52.392778752,223608832
3413,3.6214566230773926,0.0022929674466342248,0.21484375,52.392778752,223674368
3414,3.4857802391052246,0.0022928837401778915,0.2470703125,52.392778752,223739904
3415,4.111879825592041,0.00229280000277951,0.283203125,52.392778752,223805440
3416,3.6804561614990234,0.0022927162344418563,0.1943359375,52.392778752,223870976
3417,3.600536823272705,0.0022926324351677098,0.291015625,52.392778752,223936512
3418,3.868745803833008,0.002292548604959849,0.2158203125,52.392778752,224002048
3419,3.4569339752197266,0.0022924647438210557,0.298828125,52.392778752,224067584
3420,4.089840412139893,0.002292380851754111,0.2265625,52.392778752,224133120
3421,3.4679722785949707,0.0022922969287617963,0.2158203125,52.392778752,224198656
3422,3.49051570892334,0.002292212974846897,0.244140625,52.392778752,224264192
3423,3.5975563526153564,0.002292128990012197,0.212890625,52.392778752,224329728
3424,3.6376113891601562,0.0022920449742604805,0.2333984375,52.392778752,224395264
3425,3.6686482429504395,0.0022919609275945363,0.240234375,52.392778752,224460800
3426,3.586693048477173,0.002291876850017151,0.1982421875,52.392778752,224526336
3427,3.419437885284424,0.0022917927415311134,0.2431640625,52.392778752,224591872
3428,3.577432632446289,0.002291708602139213,0.2197265625,52.392778752,224657408
3429,3.6248550415039062,0.0022916244318442413,0.21875,52.392778752,224722944
3430,3.736384391784668,0.002291540230648989,0.234375,52.392778752,224788480
3431,3.7785778045654297,0.0022914559985562507,0.2138671875,52.392778752,224854016
3432,3.807511568069458,0.0022913717355688176,0.2060546875,52.392778752,224919552
3433,3.8863751888275146,0.002291287441689487,0.212890625,52.392778752,224985088
3434,3.3663713932037354,0.002291203116921053,0.1875,52.392778752,225050624
3435,3.6866672039031982,0.002291118761266314,0.220703125,52.392778752,225116160
3436,3.8004307746887207,0.0022910343747280667,0.177734375,52.392778752,225181696
3437,3.5159809589385986,0.00229094995730911,0.1982421875,52.392778752,225247232
3438,3.82364559173584,0.002290865509012245,0.1953125,52.392778752,225312768
3439,3.768847703933716,0.002290781029840272,0.205078125,52.392778752,225378304
3440,3.730090856552124,0.002290696519795993,0.201171875,52.392778752,225443840
3441,3.6719610691070557,0.002290611978882212,0.1923828125,52.392778752,225509376
3442,3.650207281112671,0.0022905274071017313,0.1953125,52.392778752,225574912
3443,3.746803045272827,0.0022904428044573572,0.1982421875,52.392778752,225640448
3444,3.7402524948120117,0.0022903581709518956,0.19921875,52.392778752,225705984
3445,3.7854058742523193,0.002290273506588153,0.1904296875,52.392778752,225771520
3446,3.8158390522003174,0.002290188811368939,0.2021484375,52.392778752,225837056
3447,3.6805152893066406,0.0022901040852970614,0.2119140625,52.392778752,225902592
3448,3.7334301471710205,0.0022900193283753307,0.2109375,52.392778752,225968128
3449,3.6912288665771484,0.0022899345406065586,0.193359375,52.392778752,226033664
3450,3.5690534114837646,0.002289849721993557,0.2021484375,52.392778752,226099200
3451,3.6222405433654785,0.00228976487253914,0.2109375,52.392778752,226164736
3452,3.554172992706299,0.00228967999224612,0.205078125,52.392778752,226230272
3453,3.61230731010437,0.002289595081117314,0.197265625,52.392778752,226295808
3454,3.65352725982666,0.002289510139155538,0.2412109375,52.392778752,226361344
3455,3.4406566619873047,0.002289425166363609,0.203125,52.392778752,226426880
3456,3.402782678604126,0.002289340162744346,0.1953125,52.392778752,226492416
3457,3.6597490310668945,0.002289255128300568,0.20703125,52.392778752,226557952
3458,3.6234946250915527,0.0022891700630350955,0.19921875,52.392778752,226623488
3459,3.578540802001953,0.0022890849669507493,0.1982421875,52.392778752,226689024
3460,3.632645606994629,0.002288999840050353,0.216796875,52.392778752,226754560
3461,3.614729881286621,0.0022889146823367296,0.193359375,52.392778752,226820096
3462,3.5977234840393066,0.002288829493812704,0.2197265625,52.392778752,226885632
3463,3.5654091835021973,0.0022887442744811007,0.2099609375,52.392778752,226951168
3464,3.60810923576355,0.0022886590243447473,0.2353515625,52.392778752,227016704
3465,3.5940122604370117,0.002288573743406471,0.21875,52.392778752,227082240
3466,3.6631581783294678,0.0022884884316691,0.228515625,52.392778752,227147776
3467,3.4368958473205566,0.002288403089135465,0.1982421875,52.392778752,227213312
3468,3.8712291717529297,0.002288317715808396,0.208984375,52.392778752,227278848
3469,3.6540651321411133,0.0022882323116907247,0.205078125,52.392778752,227344384
3470,3.670241355895996,0.0022881468767852837,0.220703125,52.392778752,227409920
3471,3.7017765045166016,0.002288061411094907,0.1923828125,52.392778752,227475456
3472,3.5783615112304688,0.0022879759146224293,0.185546875,52.392778752,227540992
3473,3.4929120540618896,0.0022878903873706858,0.2099609375,52.392778752,227606528
3474,3.568155288696289,0.002287804829342514,0.203125,52.392778752,227672064
3475,3.64605975151062,0.0022877192405407515,0.20703125,52.392778752,227737600
3476,3.6516332626342773,0.0022876336209682368,0.201171875,52.392778752,227803136
3477,3.7975852489471436,0.00228754797062781,0.181640625,52.392778752,227868672
3478,3.718187093734741,0.002287462289522312,0.2080078125,52.392778752,227934208
3479,3.683079481124878,0.002287376577654585,0.185546875,52.392778752,227999744
3480,3.5999419689178467,0.0022872908350274716,0.2158203125,52.392778752,228065280
3481,3.7104153633117676,0.0022872050616438155,0.19140625,52.392778752,228130816
3482,4.034998893737793,0.0022871192575064613,0.23046875,52.392778752,228196352
3483,3.2118663787841797,0.0022870334226182563,0.2353515625,52.392778752,228261888
3484,3.47637939453125,0.0022869475569820465,0.2080078125,52.392778752,228327424
3485,3.595965623855591,0.00228686166060068,0.232421875,52.392778752,228392960
3486,3.5561656951904297,0.0022867757334770057,0.197265625,52.392778752,228458496
3487,3.5787081718444824,0.002286689775613874,0.212890625,52.392778752,228524032
3488,3.646176815032959,0.0022866037870141356,0.212890625,52.392778752,228589568
3489,3.6382250785827637,0.002286517767680643,0.18359375,52.392778752,228655104
3490,3.4452054500579834,0.0022864317176162496,0.2197265625,52.392778752,228720640
3491,3.515361785888672,0.0022863456368238085,0.201171875,52.392778752,228786176
3492,3.8651585578918457,0.002286259525306176,0.2314453125,52.392778752,228851712
3493,3.438605546951294,0.0022861733830662066,0.205078125,52.392778752,228917248
3494,3.6546473503112793,0.0022860872101067593,0.1953125,52.392778752,228982784
3495,3.4670252799987793,0.0022860010064306912,0.279296875,52.392778752,229048320
3496,3.4144468307495117,0.002285914772040862,0.185546875,52.392778752,229113856
3497,3.57401704788208,0.002285828506940132,0.2119140625,52.392778752,229179392
3498,3.694998264312744,0.002285742211131362,0.212890625,52.392778752,229244928
3499,3.6092028617858887,0.002285655884617414,0.2294921875,52.392778752,229310464
3500,3.652390480041504,0.002285569527401153,0.2236328125,52.392778752,229376000
3501,3.6442270278930664,0.0022854831394854415,0.2001953125,52.392778752,229441536
3502,3.91878080368042,0.0022853967208731458,0.224609375,52.392778752,229507072
3503,3.5883679389953613,0.0022853102715671304,0.240234375,52.392778752,229572608
3504,3.7712912559509277,0.0022852237915702654,0.2109375,52.392778752,229638144
3505,3.8217339515686035,0.0022851372808854182,0.26953125,52.392778752,229703680
3506,3.618342876434326,0.0022850507395154574,0.203125,52.392778752,229769216
3507,3.6686058044433594,0.002284964167463254,0.310546875,52.392778752,229834752
3508,3.5077099800109863,0.0022848775647316792,0.208984375,52.392778752,229900288
3509,3.2092814445495605,0.0022847909313236064,0.1982421875,52.392778752,229965824
3510,3.695481300354004,0.0022847042672419077,0.197265625,52.392778752,230031360
3511,3.674970865249634,0.0022846175724894587,0.1826171875,52.392778752,230096896
3512,3.637390613555908,0.0022845308470691335,0.203125,52.392778752,230162432
3513,3.6510238647460938,0.0022844440909838104,0.1943359375,52.392778752,230227968
3514,3.644871711730957,0.002284357304236366,0.2421875,52.392778752,230293504
3515,3.386881113052368,0.0022842704868296787,0.1953125,52.392778752,230359040
3516,3.6379079818725586,0.002284183638766628,0.208984375,52.392778752,230424576
3517,3.8004508018493652,0.002284096760050096,0.203125,52.392778752,230490112
3518,3.7586941719055176,0.002284009850682962,0.1953125,52.392778752,230555648
3519,3.875792980194092,0.0022839229106681102,0.2392578125,52.392778752,230621184
3520,3.6849944591522217,0.0022838359400084236,0.1943359375,52.392778752,230686720
3521,3.5546159744262695,0.002283748938706787,0.2197265625,52.392778752,230752256
3522,3.581054925918579,0.002283661906766086,0.251953125,52.392778752,230817792
3523,3.604569435119629,0.002283574844189208,0.203125,52.392778752,230883328
3524,3.6259350776672363,0.0022834877509790396,0.21484375,52.392778752,230948864
3525,3.7470879554748535,0.0022834006271384697,0.2119140625,52.392778752,231014400
3526,3.6683621406555176,0.0022833134726703893,0.1953125,52.392778752,231079936
3527,3.612532138824463,0.002283226287577688,0.2294921875,52.392778752,231145472
3528,3.704310178756714,0.0022831390718632575,0.1826171875,52.392778752,231211008
3529,3.6203198432922363,0.002283051825529991,0.2001953125,52.392778752,231276544
3530,3.5950541496276855,0.0022829645485807817,0.1962890625,52.392778752,231342080
3531,3.588253974914551,0.002282877241018526,0.1943359375,52.392778752,231407616
3532,3.5964579582214355,0.0022827899028461172,0.193359375,52.392778752,231473152
3533,3.6741559505462646,0.0022827025340664553,0.1728515625,52.392778752,231538688
3534,3.6620826721191406,0.002282615134682435,0.3046875,52.392778752,231604224
3535,3.520496129989624,0.0022825277046969574,0.2236328125,52.392778752,231669760
3536,3.6877238750457764,0.002282440244112921,0.2158203125,52.392778752,231735296
3537,3.5712461471557617,0.002282352752933228,0.2470703125,52.392778752,231800832
3538,3.422899007797241,0.0022822652311607792,0.19140625,52.392778752,231866368
3539,3.4895479679107666,0.0022821776787984777,0.294921875,52.392778752,231931904
3540,3.4657270908355713,0.002282090095849229,0.2373046875,52.392778752,231997440
3541,3.757023811340332,0.002282002482315936,0.234375,52.392778752,232062976
3542,3.6634230613708496,0.0022819148382015046,0.275390625,52.392778752,232128512
3543,3.7268218994140625,0.002281827163508844,0.2158203125,52.392778752,232194048
3544,3.615349292755127,0.0022817394582408607,0.193359375,52.392778752,232259584
3545,3.6522016525268555,0.002281651722400463,0.2431640625,52.392778752,232325120
3546,3.5098798274993896,0.0022815639559905627,0.1982421875,52.392778752,232390656
3547,3.7789759635925293,0.00228147615901407,0.19921875,52.392778752,232456192
3548,3.2831716537475586,0.0022813883314738966,0.21484375,52.392778752,232521728
3549,3.3461151123046875,0.002281300473372956,0.189453125,52.392778752,232587264
3550,3.638324737548828,0.0022812125847141624,0.197265625,52.392778752,232652800
3551,3.6595001220703125,0.00228112466550043,0.208984375,52.392778752,232718336
3552,3.4913859367370605,0.002281036715734677,0.2119140625,52.392778752,232783872
3553,3.645411968231201,0.0022809487354198184,0.2041015625,52.392778752,232849408
3554,3.441437244415283,0.002280860724558773,0.2177734375,52.392778752,232914944
3555,3.7392125129699707,0.002280772683154461,0.21875,52.392778752,232980480
3556,3.437413215637207,0.0022806846112098005,0.2001953125,52.392778752,233046016
3557,3.7107815742492676,0.0022805965087277147,0.2080078125,52.392778752,233111552
3558,3.572254180908203,0.0022805083757111246,0.2177734375,52.392778752,233177088
3559,3.8522744178771973,0.0022804202121629535,0.232421875,52.392778752,233242624
3560,3.5959665775299072,0.0022803320180861263,0.224609375,52.392778752,233308160
3561,3.5963120460510254,0.002280243793483568,0.1875,52.392778752,233373696
3562,3.498030185699463,0.0022801555383582047,0.244140625,52.392778752,233439232
3563,3.560020685195923,0.002280067252712963,0.2255859375,52.392778752,233504768
3564,3.654275894165039,0.002279978936550772,0.263671875,52.392778752,233570304
3565,3.904214382171631,0.0022798905898745612,0.2294921875,52.392778752,233635840
3566,3.5754663944244385,0.0022798022126872606,0.2578125,52.392778752,233701376
3567,3.5085644721984863,0.0022797138049918007,0.265625,52.392778752,233766912
3568,3.604767322540283,0.0022796253667911152,0.2314453125,52.392778752,233832448
3569,3.504800319671631,0.0022795368980881364,0.2197265625,52.392778752,233897984
3570,3.468471050262451,0.0022794483988857993,0.22265625,52.392778752,233963520
3571,3.6203408241271973,0.0022793598691870386,0.21484375,52.392778752,234029056
3572,3.3870949745178223,0.0022792713089947914,0.2080078125,52.392778752,234094592
3573,3.7790937423706055,0.0022791827183119943,0.1943359375,52.392778752,234160128
3574,3.7043936252593994,0.002279094097141586,0.2216796875,52.392778752,234225664
3575,3.783550500869751,0.0022790054454865064,0.2138671875,52.392778752,234291200
3576,3.6355490684509277,0.0022789167633496957,0.197265625,52.392778752,234356736
3577,3.749202251434326,0.002278828050734095,0.1962890625,52.392778752,234422272
3578,3.6148979663848877,0.0022787393076426467,0.2080078125,52.392778752,234487808
3579,3.7024264335632324,0.0022786505340782943,0.201171875,52.392778752,234553344
3580,3.182697296142578,0.0022785617300439824,0.205078125,52.392778752,234618880
3581,3.5877151489257812,0.002278472895542657,0.19921875,52.392778752,234684416
3582,3.708855628967285,0.002278384030577264,0.1962890625,52.392778752,234749952
3583,3.398423671722412,0.00227829513515075,0.1875,52.392778752,234815488
3584,3.621948480606079,0.002278206209266065,0.193359375,52.392778752,234881024
3585,3.4731292724609375,0.002278117252926158,0.1923828125,52.392778752,234946560
3586,3.5632762908935547,0.002278028266133979,0.2255859375,52.392778752,235012096
3587,3.5176873207092285,0.0022779392488924805,0.1796875,52.392778752,235077632
3588,3.3487930297851562,0.0022778502012046143,0.1904296875,52.392778752,235143168
3589,3.605619430541992,0.0022777611230733346,0.2177734375,52.392778752,235208704
3590,3.536820888519287,0.0022776720145015945,0.2255859375,52.392778752,235274240
3591,3.284823417663574,0.002277582875492351,0.1884765625,52.392778752,235339776
3592,3.694188117980957,0.002277493706048561,0.189453125,52.392778752,235405312
3593,3.6901354789733887,0.0022774045061731804,0.177734375,52.392778752,235470848
3594,3.7868874073028564,0.0022773152758691693,0.2216796875,52.392778752,235536384
3595,3.509636402130127,0.0022772260151394867,0.1943359375,52.392778752,235601920
3596,3.44059419631958,0.0022771367239870933,0.232421875,52.392778752,235667456
3597,3.536027431488037,0.0022770474024149502,0.2001953125,52.392778752,235732992
3598,3.738170862197876,0.002276958050426021,0.2470703125,52.392778752,235798528
3599,3.4507508277893066,0.0022768686680232687,0.216796875,52.392778752,235864064
3600,3.8246259689331055,0.0022767792552096586,0.2080078125,52.392778752,235929600
3601,3.399667978286743,0.0022766898119881552,0.22265625,52.392778752,235995136
3602,3.6039505004882812,0.0022766003383617264,0.21875,52.392778752,236060672
3603,3.7616286277770996,0.0022765108343333388,0.2021484375,52.392778752,236126208
3604,3.3692946434020996,0.002276421299905962,0.23046875,52.392778752,236191744
3605,3.7583730220794678,0.002276331735082565,0.1884765625,52.392778752,236257280
3606,3.690744161605835,0.002276242139866119,0.2275390625,52.392778752,236322816
3607,3.606123447418213,0.0022761525142595954,0.2001953125,52.392778752,236388352
3608,3.7216744422912598,0.0022760628582659675,0.1826171875,52.392778752,236453888
3609,3.287742853164673,0.0022759731718882082,0.2177734375,52.392778752,236519424
3610,3.445077896118164,0.0022758834551292926,0.1884765625,52.392778752,236584960
3611,3.8211798667907715,0.002275793707992196,0.2255859375,52.392778752,236650496
3612,3.8342223167419434,0.0022757039304798967,0.2109375,52.392778752,236716032
3613,3.766045093536377,0.00227561412259537,0.2275390625,52.392778752,236781568
3614,3.823122978210449,0.002275524284341597,0.216796875,52.392778752,236847104
3615,3.6279067993164062,0.0022754344157215564,0.1953125,52.392778752,236912640
3616,3.751560688018799,0.0022753445167382285,0.2255859375,52.392778752,236978176
3617,3.508437156677246,0.0022752545873945956,0.234375,52.392778752,237043712
3618,3.6611762046813965,0.002275164627693641,0.1875,52.392778752,237109248
3619,3.721186637878418,0.002275074637638348,0.193359375,52.392778752,237174784
3620,3.6555724143981934,0.0022749846172317014,0.201171875,52.392778752,237240320
3621,3.6367883682250977,0.0022748945664766863,0.21484375,52.392778752,237305856
3622,3.569880247116089,0.0022748044853762913,0.203125,52.392778752,237371392
3623,3.5897843837738037,0.002274714373933503,0.2138671875,52.392778752,237436928
3624,3.6565089225769043,0.00227462423215131,0.220703125,52.392778752,237502464
3625,3.6387429237365723,0.002274534060032703,0.1767578125,52.392778752,237568000
3626,3.5708236694335938,0.002274443857580672,0.234375,52.392778752,237633536
3627,4.051748275756836,0.0022743536247982095,0.2421875,52.392778752,237699072
3628,3.42668080329895,0.002274263361688308,0.25390625,52.392778752,237764608
3629,3.550321102142334,0.0022741730682539615,0.1923828125,52.392778752,237830144
3630,3.4343132972717285,0.002274082744498165,0.2294921875,52.392778752,237895680
3631,3.6417205333709717,0.002273992390423914,0.2109375,52.392778752,237961216
3632,3.463621139526367,0.0022739020060342056,0.255859375,52.392778752,238026752
3633,3.5450611114501953,0.0022738115913320377,0.2080078125,52.392778752,238092288
3634,3.704010009765625,0.0022737211463204096,0.234375,52.392778752,238157824
3635,3.756749153137207,0.00227363067100232,0.23046875,52.392778752,238223360
3636,3.794163227081299,0.002273540165380771,0.205078125,52.392778752,238288896
3637,3.4810373783111572,0.002273449629458764,0.203125,52.392778752,238354432
3638,3.6966187953948975,0.0022733590632393022,0.1796875,52.392778752,238419968
3639,3.577029228210449,0.0022732684667253894,0.2255859375,52.392778752,238485504
3640,3.60670804977417,0.00227317783992003,0.1806640625,52.392778752,238551040
3641,3.454850196838379,0.00227308718282623,0.1962890625,52.392778752,238616576
3642,3.5697877407073975,0.002272996495446997,0.19921875,52.392778752,238682112
3643,3.786069869995117,0.002272905777785339,0.1796875,52.392778752,238747648
3644,3.700593948364258,0.0022728150298442647,0.1953125,52.392778752,238813184
3645,3.7880992889404297,0.0022727242516267835,0.201171875,52.392778752,238878720
3646,3.851909637451172,0.002272633443135907,0.197265625,52.392778752,238944256
3647,3.57865047454834,0.002272542604374646,0.1865234375,52.392778752,239009792
3648,3.8050010204315186,0.0022724517353460154,0.208984375,52.392778752,239075328
3649,3.695258855819702,0.0022723608360530278,0.205078125,52.392778752,239140864
3650,3.8544979095458984,0.0022722699064986985,0.1953125,52.392778752,239206400
3651,3.7477011680603027,0.002272178946686043,0.23828125,52.392778752,239271936
3652,3.517120361328125,0.0022720879566180785,0.2109375,52.392778752,239337472
3653,3.799834966659546,0.0022719969362978236,0.2353515625,52.392778752,239403008
3654,3.4008917808532715,0.0022719058857282974,0.396484375,52.392778752,239468544
3655,3.627736806869507,0.0022718148049125186,0.2177734375,52.392778752,239534080
3656,3.6125640869140625,0.002271723693853509,0.201171875,52.392778752,239599616
3657,3.5551910400390625,0.002271632552554291,0.2353515625,52.392778752,239665152
3658,3.644681692123413,0.0022715413810178876,0.2060546875,52.392778752,239730688
3659,3.5625224113464355,0.002271450179247321,0.212890625,52.392778752,239796224
3660,3.7715394496917725,0.0022713589472456177,0.2041015625,52.392778752,239861760
3661,3.7822113037109375,0.002271267685015804,0.2255859375,52.392778752,239927296
3662,3.5281763076782227,0.0022711763925609063,0.1943359375,52.392778752,239992832
3663,3.878504753112793,0.0022710850698839527,0.220703125,52.392778752,240058368
3664,3.7030415534973145,0.0022709937169879723,0.1884765625,52.392778752,240123904
3665,3.614845037460327,0.0022709023338759945,0.2265625,52.392778752,240189440
3666,3.827080726623535,0.0022708109205510515,0.2060546875,52.392778752,240254976
3667,3.960838794708252,0.0022707194770161744,0.181640625,52.392778752,240320512
3668,3.614680290222168,0.0022706280032743957,0.2421875,52.392778752,240386048
3669,3.9483139514923096,0.002270536499328751,0.2041015625,52.392778752,240451584
3670,3.683466911315918,0.0022704449651822743,0.203125,52.392778752,240517120
3671,3.5287322998046875,0.0022703534008380022,0.2119140625,52.392778752,240582656
3672,3.751370429992676,0.002270261806298971,0.1826171875,52.392778752,240648192
3673,3.77585506439209,0.002270170181568219,0.216796875,52.392778752,240713728
3674,3.675621747970581,0.0022700785266487854,0.205078125,52.392778752,240779264
3675,3.4523768424987793,0.00226998684154371,0.205078125,52.392778752,240844800
3676,3.6811208724975586,0.002269895126256034,0.2216796875,52.392778752,240910336
3677,3.659731388092041,0.002269803380788799,0.2099609375,52.392778752,240975872
3678,3.6775691509246826,0.0022697116051450484,0.2060546875,52.392778752,241041408
3679,3.7924251556396484,0.0022696197993278266,0.21875,52.392778752,241106944
3680,3.474614143371582,0.002269527963340178,0.197265625,52.392778752,241172480
3681,3.7115182876586914,0.0022694360971851494,0.2021484375,52.392778752,241238016
3682,3.6608896255493164,0.0022693442008657866,0.2041015625,52.392778752,241303552
3683,3.6984100341796875,0.0022692522743851386,0.1884765625,52.392778752,241369088
3684,3.5395009517669678,0.0022691603177462543,0.2138671875,52.392778752,241434624
3685,3.7042505741119385,0.002269068330952184,0.1953125,52.392778752,241500160
3686,3.549339771270752,0.002268976314005978,0.208984375,52.392778752,241565696
3687,3.701474666595459,0.002268884266910688,0.2021484375,52.392778752,241631232
3688,3.760188102722168,0.002268792189669369,0.23828125,52.392778752,241696768
3689,3.806528091430664,0.002268700082285073,0.2021484375,52.392778752,241762304
3690,3.785825729370117,0.0022686079447608557,0.232421875,52.392778752,241827840
3691,3.5187222957611084,0.0022685157770997734,0.1787109375,52.392778752,241893376
3692,3.5726332664489746,0.002268423579304883,0.1796875,52.392778752,241958912
3693,3.5523741245269775,0.0022683313513792423,0.1962890625,52.392778752,242024448
3694,3.6852738857269287,0.0022682390933259104,0.2109375,52.392778752,242089984
3695,3.514892816543579,0.002268146805147948,0.205078125,52.392778752,242155520
3696,3.4791769981384277,0.0022680544868484156,0.23828125,52.392778752,242221056
3697,3.4987263679504395,0.002267962138430375,0.1923828125,52.392778752,242286592
3698,3.886031150817871,0.0022678697598968885,0.2353515625,52.392778752,242352128
3699,3.5772438049316406,0.002267777351251022,0.1796875,52.392778752,242417664
3700,3.6015827655792236,0.00226768491249584,0.1904296875,52.392778752,242483200
3701,3.4479258060455322,0.0022675924436344076,0.19921875,52.392778752,242548736
3702,3.563002586364746,0.0022674999446697917,0.220703125,52.392778752,242614272
3703,3.67057466506958,0.0022674074156050616,0.212890625,52.392778752,242679808
3704,3.406524419784546,0.002267314856443286,0.212890625,52.392778752,242745344
3705,3.399695873260498,0.002267222267187534,0.2119140625,52.392778752,242810880
3706,3.0936498641967773,0.002267129647840877,0.2490234375,52.392778752,242876416
3707,3.6323585510253906,0.002267036998406388,0.189453125,52.392778752,242941952
3708,3.8738317489624023,0.0022669443188871393,0.1962890625,52.392778752,243007488
3709,3.603159189224243,0.0022668516092862042,0.2060546875,52.392778752,243073024
3710,3.567143440246582,0.0022667588696066586,0.1923828125,52.392778752,243138560
3711,3.614182710647583,0.002266666099851578,0.203125,52.392778752,243204096
3712,3.745227336883545,0.00226657330002404,0.271484375,52.392778752,243269632
3713,3.575885772705078,0.0022664804701271225,0.2470703125,52.392778752,243335168
3714,3.570197582244873,0.0022663876101639037,0.2099609375,52.392778752,243400704
3715,3.6221537590026855,0.0022662947201374647,0.1943359375,52.392778752,243466240
3716,3.6602540016174316,0.002266201800050885,0.2001953125,52.392778752,243531776
3717,3.6852641105651855,0.0022661088499072485,0.1943359375,52.392778752,243597312
3718,3.5291128158569336,0.0022660158697096373,0.203125,52.392778752,243662848
3719,3.841330051422119,0.0022659228594611347,0.2138671875,52.392778752,243728384
3720,3.7268762588500977,0.0022658298191648263,0.193359375,52.392778752,243793920
3721,3.71932315826416,0.002265736748823799,0.181640625,52.392778752,243859456
3722,3.4280548095703125,0.0022656436484411375,0.2041015625,52.392778752,243924992
3723,3.503603458404541,0.0022655505180199324,0.1826171875,52.392778752,243990528
3724,3.4989871978759766,0.00226545735756327,0.224609375,52.392778752,244056064
3725,3.584202766418457,0.0022653641670742426,0.1953125,52.392778752,244121600
3726,3.7131710052490234,0.00226527094655594,0.21484375,52.392778752,244187136
3727,3.621216297149658,0.002265177696011454,0.2353515625,52.392778752,244252672
3728,3.9516117572784424,0.0022650844154438786,0.197265625,52.392778752,244318208
3729,3.2701358795166016,0.0022649911048563064,0.2197265625,52.392778752,244383744
3730,3.6619763374328613,0.0022648977642518334,0.201171875,52.392778752,244449280
3731,3.8601937294006348,0.002264804393633555,0.216796875,52.392778752,244514816
3732,3.479020357131958,0.002264710993004568,0.23046875,52.392778752,244580352
3733,3.536116600036621,0.0022646175623679712,0.1904296875,52.392778752,244645888
3734,3.689829111099243,0.0022645241017268626,0.193359375,52.392778752,244711424
3735,3.6414449214935303,0.0022644306110843424,0.2138671875,52.392778752,244776960
3736,3.6011962890625,0.0022643370904435116,0.2099609375,52.392778752,244842496
3737,3.658796787261963,0.002264243539807472,0.1953125,52.392778752,244908032
3738,3.59865140914917,0.0022641499591793263,0.2138671875,52.392778752,244973568
3739,3.4546165466308594,0.0022640563485621787,0.2236328125,52.392778752,245039104
3740,4.034804821014404,0.0022639627079591345,0.212890625,52.392778752,245104640
3741,3.721494197845459,0.002263869037373299,0.2099609375,52.392778752,245170176
3742,3.8426432609558105,0.0022637753368077787,0.2294921875,52.392778752,245235712
3743,3.757688283920288,0.0022636816062656826,0.2119140625,52.392778752,245301248
3744,3.7419347763061523,0.002263587845750119,0.2119140625,52.392778752,245366784
3745,3.76481294631958,0.002263494055264197,0.2314453125,52.392778752,245432320
3746,3.4562981128692627,0.0022634002348110287,0.2158203125,52.392778752,245497856
3747,3.8047938346862793,0.0022633063843937253,0.2275390625,52.392778752,245563392
3748,3.7707715034484863,0.0022632125040153994,0.18359375,52.392778752,245628928
3749,3.6097030639648438,0.0022631185936791663,0.2431640625,52.392778752,245694464
3750,3.610783576965332,0.0022630246533881394,0.189453125,52.392778752,245760000
3751,3.620288372039795,0.002262930683145434,0.1953125,52.392778752,245825536
3752,3.6158297061920166,0.0022628366829541688,0.1953125,52.392778752,245891072
3753,3.2829623222351074,0.00226274265281746,0.1796875,52.392778752,245956608
3754,3.55126953125,0.0022626485927384273,0.2060546875,52.392778752,246022144
3755,3.487125873565674,0.0022625545027201905,0.2119140625,52.392778752,246087680
3756,3.32651424407959,0.00226246038276587,0.1923828125,52.392778752,246153216
3757,3.6563305854797363,0.0022623662328785875,0.2119140625,52.392778752,246218752
3758,3.5345516204833984,0.002262272053061466,0.1884765625,52.392778752,246284288
3759,3.603877544403076,0.0022621778433176295,0.248046875,52.392778752,246349824
3760,3.4527812004089355,0.002262083603650202,0.2158203125,52.392778752,246415360
3761,3.6929941177368164,0.00226198933406231,0.2099609375,52.392778752,246480896
3762,3.710330009460449,0.0022618950345570806,0.23046875,52.392778752,246546432
3763,3.4913411140441895,0.002261800705137641,0.2177734375,52.392778752,246611968
3764,3.2544631958007812,0.0022617063458071195,0.236328125,52.392778752,246677504
3765,3.337456703186035,0.002261611956568646,0.2099609375,52.392778752,246743040
3766,3.707408905029297,0.002261517537425352,0.232421875,52.392778752,246808576
3767,3.460448980331421,0.002261423088380368,0.177734375,52.392778752,246874112
3768,3.543922185897827,0.002261328609436828,0.2138671875,52.392778752,246939648
3769,3.5485854148864746,0.002261234100597865,0.20703125,52.392778752,247005184
3770,3.667698860168457,0.0022611395618666137,0.1904296875,52.392778752,247070720
3771,3.654731035232544,0.00226104499324621,0.2041015625,52.392778752,247136256
3772,3.6364455223083496,0.0022609503947397893,0.2197265625,52.392778752,247201792
3773,3.567225694656372,0.0022608557663504917,0.2158203125,52.392778752,247267328
3774,3.6031980514526367,0.0022607611080814535,0.2451171875,52.392778752,247332864
3775,3.6169357299804688,0.0022606664199358163,0.2373046875,52.392778752,247398400
3776,3.7483131885528564,0.0022605717019167195,0.1728515625,52.392778752,247463936
3777,3.6701226234436035,0.002260476954027304,0.220703125,52.392778752,247529472
3778,3.7429134845733643,0.0022603821762707146,0.23046875,52.392778752,247595008
3779,3.494208335876465,0.0022602873686500937,0.232421875,52.392778752,247660544
3780,3.4751534461975098,0.002260192531168586,0.23046875,52.392778752,247726080
3781,3.6429929733276367,0.002260097663829336,0.2109375,52.392778752,247791616
3782,3.606703758239746,0.002260002766635492,0.232421875,52.392778752,247857152
3783,3.9322781562805176,0.0022599078395902005,0.189453125,52.392778752,247922688
3784,3.6734461784362793,0.002259812882696611,0.251953125,52.392778752,247988224
3785,3.606851577758789,0.002259717895957872,0.18359375,52.392778752,248053760
3786,3.5113635063171387,0.002259622879377135,0.2255859375,52.392778752,248119296
3787,3.565478801727295,0.00225952783295755,0.2109375,52.392778752,248184832
3788,3.4052248001098633,0.0022594327567022716,0.21875,52.392778752,248250368
3789,3.518287181854248,0.002259337650614452,0.21484375,52.392778752,248315904
3790,3.3389430046081543,0.0022592425146972456,0.1953125,52.392778752,248381440
3791,3.732475757598877,0.002259147348953808,0.2158203125,52.392778752,248446976
3792,3.4825239181518555,0.0022590521533872965,0.20703125,52.392778752,248512512
3793,3.606339693069458,0.002258956928000868,0.2109375,52.392778752,248578048
3794,3.2790775299072266,0.0022588616727976804,0.220703125,52.392778752,248643584
3795,3.7790253162384033,0.002258766387780894,0.2080078125,52.392778752,248709120
3796,3.416455030441284,0.0022586710729536686,0.185546875,52.392778752,248774656
3797,3.5840835571289062,0.002258575728319166,0.189453125,52.392778752,248840192
3798,3.6131820678710938,0.0022584803538805483,0.2138671875,52.392778752,248905728
3799,3.5115890502929688,0.0022583849496409796,0.23828125,52.392778752,248971264
3800,3.13323974609375,0.0022582895156036237,0.1943359375,52.392778752,249036800
3801,3.201714038848877,0.0022581940517716463,0.267578125,52.392778752,249102336
3802,3.448589324951172,0.002258098558148213,0.228515625,52.392778752,249167872
3803,3.728163719177246,0.002258003034736491,0.2294921875,52.392778752,249233408
3804,3.8182778358459473,0.0022579074815396506,0.2197265625,52.392778752,249298944
3805,3.602597951889038,0.0022578118985608596,0.2294921875,52.392778752,249364480
3806,3.4131417274475098,0.002257716285803288,0.2060546875,52.392778752,249430016
3807,3.607708215713501,0.0022576206432701083,0.189453125,52.392778752,249495552
3808,3.461622714996338,0.0022575249709644914,0.2412109375,52.392778752,249561088
3809,3.507388114929199,0.0022574292688896116,0.1767578125,52.392778752,249626624
3810,3.556427001953125,0.002257333537048643,0.1826171875,52.392778752,249692160
3811,3.6528382301330566,0.0022572377754447605,0.1787109375,52.392778752,249757696
3812,3.4859251976013184,0.0022571419840811406,0.1943359375,52.392778752,249823232
3813,3.5260887145996094,0.0022570461629609607,0.1904296875,52.392778752,249888768
3814,3.749636173248291,0.002256950312087399,0.228515625,52.392778752,249954304
3815,3.5300846099853516,0.002256854431463634,0.1953125,52.392778752,250019840
3816,3.8567261695861816,0.002256758521092846,0.201171875,52.392778752,250085376
3817,3.491772174835205,0.0022566625809782173,0.2138671875,52.392778752,250150912
3818,3.49855375289917,0.0022565666111229294,0.2158203125,52.392778752,250216448
3819,3.529381513595581,0.002256470611530165,0.2109375,52.392778752,250281984
3820,3.671046733856201,0.0022563745822031084,0.2060546875,52.392778752,250347520
3821,3.732786178588867,0.002256278523144945,0.1962890625,52.392778752,250413056
3822,3.5276012420654297,0.0022561824343588608,0.2109375,52.392778752,250478592
3823,3.4983396530151367,0.002256086315848043,0.203125,52.392778752,250544128
3824,3.5807440280914307,0.0022559901676156803,0.1962890625,52.392778752,250609664
3825,3.544051170349121,0.00225589398966496,0.1884765625,52.392778752,250675200
3826,3.7465500831604004,0.0022557977819990735,0.169921875,52.392778752,250740736
3827,3.576869010925293,0.0022557015446212116,0.1884765625,52.392778752,250806272
3828,3.6717967987060547,0.002255605277534566,0.1826171875,52.392778752,250871808
3829,3.5234460830688477,0.00225550898074233,0.1962890625,52.392778752,250937344
3830,3.655716896057129,0.0022554126542476973,0.216796875,52.392778752,251002880
3831,3.4464163780212402,0.0022553162980538635,0.220703125,52.392778752,251068416
3832,3.5384085178375244,0.002255219912164024,0.1640625,52.392778752,251133952
3833,3.6946427822113037,0.002255123496581376,0.212890625,52.392778752,251199488
3834,3.538484811782837,0.002255027051309117,0.197265625,52.392778752,251265024
3835,3.3045644760131836,0.0022549305763504466,0.201171875,52.392778752,251330560
3836,3.579280376434326,0.0022548340717085643,0.216796875,52.392778752,251396096
3837,3.637448310852051,0.0022547375373866713,0.2216796875,52.392778752,251461632
3838,3.4761409759521484,0.0022546409733879683,0.21484375,52.392778752,251527168
3839,3.4293551445007324,0.0022545443797156598,0.1923828125,52.392778752,251592704
3840,3.4205989837646484,0.002254447756372949,0.20703125,52.392778752,251658240
3841,3.4994029998779297,0.00225435110336304,0.1904296875,52.392778752,251723776
3842,3.6862783432006836,0.002254254420689139,0.1845703125,52.392778752,251789312
3843,3.379521131515503,0.0022541577083544533,0.2001953125,52.392778752,251854848
3844,3.6340367794036865,0.0022540609663621904,0.1630859375,52.392778752,251920384
3845,3.800626277923584,0.0022539641947155594,0.201171875,52.392778752,251985920
3846,3.6540937423706055,0.0022538673934177694,0.185546875,52.392778752,252051456
3847,3.5628151893615723,0.0022537705624720307,0.193359375,52.392778752,252116992
3848,3.591913938522339,0.0022536737018815567,0.2158203125,52.392778752,252182528
3849,3.6085023880004883,0.0022535768116495585,0.2119140625,52.392778752,252248064
3850,3.650461196899414,0.0022534798917792503,0.228515625,52.392778752,252313600
3851,3.390122413635254,0.002253382942273847,0.2275390625,52.392778752,252379136
3852,3.522810935974121,0.0022532859631365643,0.2001953125,52.392778752,252444672
3853,3.7159087657928467,0.0022531889543706183,0.2353515625,52.392778752,252510208
3854,3.3627524375915527,0.0022530919159792265,0.23046875,52.392778752,252575744
3855,3.6484997272491455,0.0022529948479656082,0.208984375,52.392778752,252641280
3856,3.6112561225891113,0.0022528977503329826,0.2021484375,52.392778752,252706816
3857,3.6739163398742676,0.00225280062308457,0.2158203125,52.392778752,252772352
3858,3.6486623287200928,0.0022527034662235923,0.216796875,52.392778752,252837888
3859,3.136671304702759,0.0022526062797532716,0.228515625,52.392778752,252903424
3860,3.5088977813720703,0.0022525090636768322,0.1875,52.392778752,252968960
3861,3.8217759132385254,0.002252411817997498,0.20703125,52.392778752,253034496
3862,3.9146761894226074,0.002252314542718495,0.2392578125,52.392778752,253100032
3863,3.684861183166504,0.002252217237843048,0.185546875,52.392778752,253165568
3864,3.5330495834350586,0.002252119903374387,0.291015625,52.392778752,253231104
3865,3.5741262435913086,0.002252022539315738,0.197265625,52.392778752,253296640
3866,3.726367950439453,0.0022519251456703314,0.232421875,52.392778752,253362176
3867,3.774355411529541,0.0022518277224413985,0.2001953125,52.392778752,253427712
3868,3.5731406211853027,0.002251730269632169,0.193359375,52.392778752,253493248
3869,3.3128304481506348,0.0022516327872458756,0.197265625,52.392778752,253558784
3870,3.3938851356506348,0.002251535275285753,0.2216796875,52.392778752,253624320
3871,3.46608567237854,0.002251437733755034,0.201171875,52.392778752,253689856
3872,3.586818218231201,0.002251340162656954,0.208984375,52.392778752,253755392
3873,3.5781409740448,0.0022512425619947503,0.2021484375,52.392778752,253820928
3874,3.8593177795410156,0.0022511449317716586,0.2255859375,52.392778752,253886464
3875,3.4321060180664062,0.0022510472719909184,0.197265625,52.392778752,253952000
3876,3.5485076904296875,0.0022509495826557686,0.232421875,52.392778752,254017536
3877,3.416998863220215,0.002250851863769449,0.251953125,52.392778752,254083072
3878,3.7070446014404297,0.002250754115335201,0.2197265625,52.392778752,254148608
3879,3.758925199508667,0.0022506563373562672,0.19921875,52.392778752,254214144
3880,3.452260971069336,0.0022505585298358893,0.26953125,52.392778752,254279680
3881,3.7508468627929688,0.002250460692777313,0.259765625,52.392778752,254345216
3882,3.6248154640197754,0.0022503628261837825,0.208984375,52.392778752,254410752
3883,3.449930191040039,0.002250264930058544,0.2451171875,52.392778752,254476288
3884,3.561753273010254,0.002250167004404844,0.2255859375,52.392778752,254541824
3885,3.5454163551330566,0.002250069049225932,0.220703125,52.392778752,254607360
3886,3.410050392150879,0.0022499710645250562,0.21484375,52.392778752,254672896
3887,3.6754062175750732,0.0022498730503054663,0.23828125,52.392778752,254738432
3888,3.477576732635498,0.002249775006570413,0.1865234375,52.392778752,254803968
3889,3.6272096633911133,0.002249676933323149,0.2392578125,52.392778752,254869504
3890,3.5205655097961426,0.0022495788305669268,0.2001953125,52.392778752,254935040
3891,3.732957124710083,0.0022494806983050005,0.2099609375,52.392778752,255000576
3892,3.790308952331543,0.0022493825365406243,0.19921875,52.392778752,255066112
3893,3.50630259513855,0.0022492843452770555,0.23046875,52.392778752,255131648
3894,3.7293834686279297,0.0022491861245175493,0.18359375,52.392778752,255197184
3895,3.659761428833008,0.002249087874265364,0.2099609375,52.392778752,255262720
3896,3.6953916549682617,0.0022489895945237595,0.1787109375,52.392778752,255328256
3897,3.6636979579925537,0.002248891285295994,0.2021484375,52.392778752,255393792
3898,3.5516581535339355,0.002248792946585329,0.2001953125,52.392778752,255459328
3899,3.6491360664367676,0.002248694578395026,0.2060546875,52.392778752,255524864
3900,3.4314537048339844,0.0022485961807283484,0.216796875,52.392778752,255590400
3901,3.308884859085083,0.0022484977535885587,0.1982421875,52.392778752,255655936
3902,3.560567855834961,0.002248399296978922,0.185546875,52.392778752,255721472
3903,3.4893946647644043,0.0022483008109027043,0.197265625,52.392778752,255787008
3904,3.612483263015747,0.0022482022953631718,0.216796875,52.392778752,255852544
3905,3.554119110107422,0.002248103750363592,0.1904296875,52.392778752,255918080
3906,3.5262584686279297,0.002248005175907234,0.21484375,52.392778752,255983616
3907,3.6364474296569824,0.002247906571997367,0.21875,52.392778752,256049152
3908,3.780447483062744,0.0022478079386372613,0.216796875,52.392778752,256114688
3909,3.758505344390869,0.002247709275830189,0.2431640625,52.392778752,256180224
3910,3.5147509574890137,0.002247610583579422,0.26953125,52.392778752,256245760
3911,3.633939743041992,0.0022475118618882337,0.2470703125,52.392778752,256311296
3912,3.6728153228759766,0.0022474131107598993,0.330078125,52.392778752,256376832
3913,3.774078607559204,0.0022473143301976932,0.248046875,52.392778752,256442368
3914,3.645625114440918,0.002247215520204892,0.275390625,52.392778752,256507904
3915,3.5227322578430176,0.0022471166807847736,0.2578125,52.392778752,256573440
3916,3.3773725032806396,0.0022470178119406155,0.248046875,52.392778752,256638976
3917,3.6106338500976562,0.0022469189136756986,0.265625,52.392778752,256704512
3918,3.5405287742614746,0.002246819985993301,0.1982421875,52.392778752,256770048
3919,3.6647891998291016,0.0022467210288967055,0.248046875,52.392778752,256835584
3920,3.5380566120147705,0.0022466220423891935,0.189453125,52.392778752,256901120
3921,3.384587287902832,0.002246523026474049,0.2041015625,52.392778752,256966656
3922,3.5135669708251953,0.002246423981154555,0.224609375,52.392778752,257032192
3923,3.416553497314453,0.002246324906433998,0.1953125,52.392778752,257097728
3924,3.69075345993042,0.002246225802315663,0.228515625,52.392778752,257163264
3925,3.476144790649414,0.0022461266688028375,0.205078125,52.392778752,257228800
3926,3.8109145164489746,0.00224602750589881,0.2177734375,52.392778752,257294336
3927,3.5482707023620605,0.0022459283136068687,0.2099609375,52.392778752,257359872
3928,3.5992698669433594,0.0022458290919303053,0.2060546875,52.392778752,257425408
3929,3.4886586666107178,0.0022457298408724087,0.21875,52.392778752,257490944
3930,3.498969316482544,0.0022456305604364717,0.224609375,52.392778752,257556480
3931,3.4683666229248047,0.002245531250625788,0.212890625,52.392778752,257622016
3932,3.6232664585113525,0.002245431911443651,0.23046875,52.392778752,257687552
3933,3.5778870582580566,0.0022453325428933545,0.205078125,52.392778752,257753088
3934,3.5076167583465576,0.002245233144978196,0.2001953125,52.392778752,257818624
3935,3.4692203998565674,0.0022451337177014715,0.2177734375,52.392778752,257884160
3936,3.731757402420044,0.0022450342610664796,0.2001953125,52.392778752,257949696
3937,3.5975844860076904,0.0022449347750765182,0.189453125,52.392778752,258015232
3938,3.5930821895599365,0.0022448352597348874,0.2080078125,52.392778752,258080768
3939,3.7577762603759766,0.0022447357150448878,0.1806640625,52.392778752,258146304
3940,3.7802908420562744,0.0022446361410098214,0.212890625,52.392778752,258211840
3941,3.584010124206543,0.0022445365376329903,0.220703125,52.392778752,258277376
3942,3.589712381362915,0.002244436904917699,0.2060546875,52.392778752,258342912
3943,3.311068058013916,0.002244337242867252,0.2060546875,52.392778752,258408448
3944,3.572359085083008,0.002244237551484954,0.2353515625,52.392778752,258473984
3945,3.855891704559326,0.002244137830774113,0.19140625,52.392778752,258539520
3946,3.79099702835083,0.0022440380807380355,0.2177734375,52.392778752,258605056
3947,3.658384084701538,0.00224393830138003,0.1962890625,52.392778752,258670592
3948,3.845885753631592,0.0022438384927034065,0.23046875,52.392778752,258736128
3949,3.5314388275146484,0.002243738654711475,0.1923828125,52.392778752,258801664
3950,3.4733176231384277,0.0022436387874075476,0.271484375,52.392778752,258867200
3951,3.5968503952026367,0.0022435388907949363,0.2041015625,52.392778752,258932736
3952,3.281973361968994,0.0022434389648769548,0.1884765625,52.392778752,258998272
3953,3.8837804794311523,0.0022433390096569168,0.21484375,52.392778752,259063808
3954,3.6111888885498047,0.0022432390251381374,0.2138671875,52.392778752,259129344
3955,3.71701979637146,0.0022431390113239343,0.212890625,52.392778752,259194880
3956,3.5087904930114746,0.0022430389682176243,0.2197265625,52.392778752,259260416
3957,3.801945447921753,0.0022429388958225245,0.205078125,52.392778752,259325952
3958,3.5680673122406006,0.002242838794141956,0.19140625,52.392778752,259391488
3959,3.554656505584717,0.0022427386631792374,0.22265625,52.392778752,259457024
3960,3.3115005493164062,0.0022426385029376897,0.2021484375,52.392778752,259522560
3961,3.739039897918701,0.0022425383134206367,0.25,52.392778752,259588096
3962,3.3557543754577637,0.0022424380946314006,0.234375,52.392778752,259653632
3963,3.383577823638916,0.0022423378465733046,0.189453125,52.392778752,259719168
3964,3.535857677459717,0.0022422375692496754,0.2451171875,52.392778752,259784704
3965,3.5954997539520264,0.0022421372626638377,0.216796875,52.392778752,259850240
3966,3.5757665634155273,0.0022420369268191195,0.1943359375,52.392778752,259915776
3967,3.600522041320801,0.002241936561718847,0.2119140625,52.392778752,259981312
3968,3.7142984867095947,0.0022418361673663518,0.19921875,52.392778752,260046848
3969,3.701362133026123,0.0022417357437649614,0.232421875,52.392778752,260112384
3970,3.654561758041382,0.0022416352909180085,0.1845703125,52.392778752,260177920
3971,3.694361686706543,0.0022415348088288232,0.23046875,52.392778752,260243456
3972,3.638690710067749,0.00224143429750074,0.2001953125,52.392778752,260308992
3973,3.564764976501465,0.0022413337569370914,0.2412109375,52.392778752,260374528
3974,3.6270766258239746,0.0022412331871412123,0.2412109375,52.392778752,260440064
3975,3.3052408695220947,0.0022411325881164386,0.23828125,52.392778752,260505600
3976,3.571261405944824,0.0022410319598661077,0.33203125,52.392778752,260571136
3977,3.633713483810425,0.0022409313023935566,0.1953125,52.392778752,260636672
3978,3.7594523429870605,0.0022408306157021235,0.255859375,52.392778752,260702208
3979,3.6331982612609863,0.002240729899795149,0.2353515625,52.392778752,260767744
3980,3.8292853832244873,0.0022406291546759726,0.2470703125,52.392778752,260833280
3981,3.6556785106658936,0.0022405283803479366,0.263671875,52.392778752,260898816
3982,3.5054662227630615,0.0022404275768143833,0.208984375,52.392778752,260964352
3983,3.3432600498199463,0.002240326744078656,0.2333984375,52.392778752,261029888
3984,3.699686288833618,0.0022402258821440993,0.201171875,52.392778752,261095424
3985,3.553469181060791,0.002240124991014059,0.1962890625,52.392778752,261160960
3986,3.8835582733154297,0.0022400240706918805,0.2001953125,52.392778752,261226496
3987,3.571986675262451,0.0022399231211809112,0.21484375,52.392778752,261292032
3988,3.586894989013672,0.002239822142484501,0.19921875,52.392778752,261357568
3989,3.804483413696289,0.0022397211346059974,0.255859375,52.392778752,261423104
3990,3.5112152099609375,0.002239620097548752,0.208984375,52.392778752,261488640
3991,3.62349796295166,0.0022395190313161148,0.2109375,52.392778752,261554176
3992,3.292245864868164,0.0022394179359114387,0.2109375,52.392778752,261619712
3993,3.5447046756744385,0.0022393168113380765,0.1962890625,52.392778752,261685248
3994,3.4281980991363525,0.002239215657599382,0.2041015625,52.392778752,261750784
3995,3.795557975769043,0.002239114474698712,0.197265625,52.392778752,261816320
3996,3.7462871074676514,0.002239013262639421,0.1982421875,52.392778752,261881856
3997,3.4449033737182617,0.002238912021424866,0.1806640625,52.392778752,261947392
3998,3.4723424911499023,0.002238810751058405,0.2041015625,52.392778752,262012928
3999,3.5685315132141113,0.0022387094515433975,0.1767578125,52.392778752,262078464
4000,3.317026138305664,0.002238608122883203,0.177734375,52.392778752,262144000
4001,3.2969071865081787,0.0022385067650811832,0.193359375,52.392778752,262209536
4002,3.630241870880127,0.002238405378140699,0.197265625,52.392778752,262275072
4003,3.526139736175537,0.002238303962065114,0.1962890625,52.392778752,262340608
4004,3.5827455520629883,0.0022382025168577913,0.203125,52.392778752,262406144
4005,3.426088809967041,0.0022381010425220954,0.1708984375,52.392778752,262471680
4006,3.5444629192352295,0.0022379995390613932,0.193359375,52.392778752,262537216
4007,3.4364209175109863,0.00223789800647905,0.1982421875,52.392778752,262602752
4008,3.4253129959106445,0.002237796444778435,0.20703125,52.392778752,262668288
4009,3.764939785003662,0.0022376948539629153,0.212890625,52.392778752,262733824
4010,3.6690926551818848,0.002237593234035862,0.203125,52.392778752,262799360
4011,3.5639610290527344,0.0022374915850006433,0.2353515625,52.392778752,262864896
4012,3.354011058807373,0.0022373899068606332,0.1982421875,52.392778752,262930432
4013,3.5253026485443115,0.0022372881996192036,0.25,52.392778752,262995968
4014,3.7721831798553467,0.002237186463279727,0.2080078125,52.392778752,263061504
4015,4.141911029815674,0.002237084697845578,0.2236328125,52.392778752,263127040
4016,3.5200843811035156,0.002236982903320133,0.228515625,52.392778752,263192576
4017,3.8433690071105957,0.0022368810797067673,0.275390625,52.392778752,263258112
4018,3.3660430908203125,0.0022367792270088587,0.2138671875,52.392778752,263323648
4019,3.6415786743164062,0.002236677345229785,0.2275390625,52.392778752,263389184
4020,3.7524914741516113,0.0022365754343729254,0.23828125,52.392778752,263454720
4021,3.554774045944214,0.0022364734944416613,0.2138671875,52.392778752,263520256
4022,3.463581085205078,0.002236371525439373,0.216796875,52.392778752,263585792
4023,3.539618968963623,0.002236269527369442,0.1767578125,52.392778752,263651328
4024,3.563936710357666,0.002236167500235253,0.177734375,52.392778752,263716864
4025,3.468419075012207,0.002236065444040188,0.19140625,52.392778752,263782400
4026,3.4838125705718994,0.002235963358787634,0.1884765625,52.392778752,263847936
4027,3.916013240814209,0.0022358612444809754,0.193359375,52.392778752,263913472
4028,3.816232681274414,0.0022357591011236,0.1953125,52.392778752,263979008
4029,3.582160472869873,0.0022356569287188956,0.1845703125,52.392778752,264044544
4030,3.66749906539917,0.002235554727270251,0.2041015625,52.392778752,264110080
4031,3.388617992401123,0.002235452496781056,0.212890625,52.392778752,264175616
4032,3.7181437015533447,0.0022353502372547017,0.177734375,52.392778752,264241152
4033,3.504464626312256,0.0022352479486945796,0.197265625,52.392778752,264306688
4034,3.562983512878418,0.0022351456311040818,0.228515625,52.392778752,264372224
4035,3.6157407760620117,0.002235043284486603,0.236328125,52.392778752,264437760
4036,3.674213409423828,0.002234940908845538,0.240234375,52.392778752,264503296
4037,3.659315586090088,0.002234838504184281,0.228515625,52.392778752,264568832
4038,3.6667425632476807,0.0022347360705062304,0.1904296875,52.392778752,264634368
4039,2.9708194732666016,0.0022346336078147818,0.201171875,52.392778752,264699904
4040,3.422607898712158,0.002234531116113335,0.26171875,52.392778752,264765440
4041,3.479938507080078,0.0022344285954052894,0.189453125,52.392778752,264830976
