step,loss,lr,grad_norm,peak_mem_gb,tok_seen
1,12.076866149902344,1.6e-05,5.0625,50.008549888,65536
2,12.10586166381836,3.2e-05,5.375,52.392778752,131072
3,12.048223495483398,4.7999999999999994e-05,4.9375,52.392778752,196608
4,11.773345947265625,6.4e-05,5.0625,52.392778752,262144
5,11.4071626663208,7.999999999999999e-05,5.125,52.392778752,327680
6,11.162912368774414,9.599999999999999e-05,3.59375,52.392778752,393216
7,10.70185661315918,0.000112,2.40625,52.392778752,458752
8,10.642532348632812,0.000128,2.421875,52.392778752,524288
9,10.355609893798828,0.00014399999999999998,2.21875,52.392778752,589824
10,10.227657318115234,0.00015999999999999999,2.125,52.392778752,655360
11,10.08897590637207,0.000176,2.21875,52.392778752,720896
12,9.974303245544434,0.00019199999999999998,2.109375,52.392778752,786432
13,9.742025375366211,0.000208,2.0,52.392778752,851968
14,9.637590408325195,0.000224,1.8984375,52.392778752,917504
15,9.416902542114258,0.00023999999999999998,1.71875,52.392778752,983040
16,9.268115043640137,0.000256,1.609375,52.392778752,1048576
17,8.995461463928223,0.00027199999999999994,1.484375,52.392778752,1114112
18,8.776529312133789,0.00028799999999999995,1.3203125,52.392778752,1179648
19,8.60400390625,0.000304,1.1953125,52.392778752,1245184
20,8.47702407836914,0.00031999999999999997,1.09375,52.392778752,1310720
21,8.333674430847168,0.000336,1.015625,52.392778752,1376256
22,8.176015853881836,0.000352,0.91015625,52.392778752,1441792
23,7.8808088302612305,0.00036799999999999995,0.8671875,52.392778752,1507328
24,7.849508285522461,0.00038399999999999996,0.85546875,52.392778752,1572864
25,7.808363437652588,0.00039999999999999996,0.82421875,52.392778752,1638400
26,7.873047351837158,0.000416,0.62109375,52.392778752,1703936
27,7.718466281890869,0.00043199999999999993,0.79296875,52.392778752,1769472
28,7.855538845062256,0.000448,0.75,52.392778752,1835008
29,7.781284332275391,0.00046399999999999995,0.6953125,52.392778752,1900544
30,7.735968589782715,0.00047999999999999996,0.81640625,52.392778752,1966080
31,7.833411693572998,0.0004959999999999999,0.8515625,52.392778752,2031616
32,7.664719581604004,0.000512,0.7109375,52.392778752,2097152
33,7.742381572723389,0.0005279999999999999,1.0390625,52.392778752,2162688
34,7.859892845153809,0.0005439999999999999,0.82421875,52.392778752,2228224
35,7.810000896453857,0.00056,0.54296875,52.392778752,2293760
36,8.031719207763672,0.0005759999999999999,0.7890625,52.392778752,2359296
37,7.787353992462158,0.000592,0.56640625,52.392778752,2424832
38,7.782999038696289,0.000608,1.03125,52.392778752,2490368
39,7.6248579025268555,0.000624,0.7578125,52.392778752,2555904
40,7.819452285766602,0.0006399999999999999,0.875,52.392778752,2621440
41,8.092334747314453,0.0006559999999999999,0.6953125,52.392778752,2686976
42,7.776268005371094,0.000672,0.75,52.392778752,2752512
43,7.76804256439209,0.000688,0.68359375,52.392778752,2818048
44,7.774431228637695,0.000704,0.91796875,52.392778752,2883584
45,7.674468994140625,0.0007199999999999999,0.74609375,52.392778752,2949120
46,7.7228922843933105,0.0007359999999999999,0.6953125,52.392778752,3014656
47,7.596953392028809,0.000752,0.6171875,52.392778752,3080192
48,7.618515491485596,0.0007679999999999999,1.734375,52.392778752,3145728
49,7.706063270568848,0.0007839999999999999,1.0078125,52.392778752,3211264
50,7.82780647277832,0.0007999999999999999,0.890625,52.392778752,3276800
51,7.557389259338379,0.000816,0.83203125,52.392778752,3342336
52,7.789693355560303,0.000832,1.140625,52.392778752,3407872
53,7.484668731689453,0.0008479999999999999,0.82421875,52.392778752,3473408
54,7.556588172912598,0.0008639999999999999,1.1015625,52.392778752,3538944
55,7.675731658935547,0.0008799999999999998,1.1796875,52.392778752,3604480
56,7.400895118713379,0.000896,1.0078125,52.392778752,3670016
57,7.572591781616211,0.0009119999999999999,0.94140625,52.392778752,3735552
58,7.414117813110352,0.0009279999999999999,0.9609375,52.392778752,3801088
59,7.382325649261475,0.0009439999999999999,0.625,52.392778752,3866624
60,7.640171051025391,0.0009599999999999999,0.8359375,52.392778752,3932160
61,7.487852573394775,0.000976,0.7109375,52.392778752,3997696
62,7.307923316955566,0.0009919999999999998,0.78515625,52.392778752,4063232
63,7.785104274749756,0.0010079999999999998,0.875,52.392778752,4128768
64,7.371927261352539,0.001024,0.87109375,52.392778752,4194304
65,7.438399791717529,0.00104,0.75390625,52.392778752,4259840
66,7.5026445388793945,0.0010559999999999999,0.53515625,52.392778752,4325376
67,7.31892204284668,0.0010719999999999998,0.72265625,52.392778752,4390912
68,7.40887451171875,0.0010879999999999998,1.1953125,52.392778752,4456448
69,7.298333168029785,0.001104,0.7109375,52.392778752,4521984
70,7.1430463790893555,0.00112,0.98046875,52.392778752,4587520
71,7.21838903427124,0.0011359999999999999,0.48046875,52.392778752,4653056
72,7.248505115509033,0.0011519999999999998,0.98046875,52.392778752,4718592
73,7.018381118774414,0.001168,0.50390625,52.392778752,4784128
74,6.957815647125244,0.001184,0.7578125,52.392778752,4849664
75,7.250655174255371,0.0012,0.8125,52.392778752,4915200
76,7.230735778808594,0.001216,0.447265625,52.392778752,4980736
77,7.416533470153809,0.0012319999999999998,0.57421875,52.392778752,5046272
78,7.223793029785156,0.001248,0.91015625,52.392778752,5111808
79,7.118533611297607,0.0012639999999999997,0.6640625,52.392778752,5177344
80,7.074541091918945,0.0012799999999999999,0.86328125,52.392778752,5242880
81,7.125118255615234,0.001296,0.55859375,52.392778752,5308416
82,7.026659965515137,0.0013119999999999998,1.390625,52.392778752,5373952
83,7.033311367034912,0.001328,0.6015625,52.392778752,5439488
84,7.079090118408203,0.001344,0.7421875,52.392778752,5505024
85,7.04581356048584,0.0013599999999999999,0.71484375,52.392778752,5570560
86,7.026484489440918,0.001376,1.15625,52.392778752,5636096
87,6.886750221252441,0.0013919999999999998,0.58203125,52.392778752,5701632
88,6.921408653259277,0.001408,0.8515625,52.392778752,5767168
89,6.883160591125488,0.001424,0.78125,52.392778752,5832704
90,6.968486309051514,0.0014399999999999999,0.9140625,52.392778752,5898240
91,6.9557905197143555,0.0014559999999999998,0.921875,52.392778752,5963776
92,7.0321149826049805,0.0014719999999999998,0.98828125,52.392778752,6029312
93,7.175870895385742,0.001488,0.828125,52.392778752,6094848
94,6.9085774421691895,0.001504,0.796875,52.392778752,6160384
95,6.901404857635498,0.0015199999999999999,0.8671875,52.392778752,6225920
96,6.874918460845947,0.0015359999999999998,0.90234375,52.392778752,6291456
97,6.870945930480957,0.0015519999999999998,0.92578125,52.392778752,6356992
98,6.727400779724121,0.0015679999999999997,0.78125,52.392778752,6422528
99,6.88726806640625,0.001584,0.8125,52.392778752,6488064
100,7.007444381713867,0.0015999999999999999,0.69140625,52.392778752,6553600
101,6.921991348266602,0.0016159999999999998,0.93359375,52.392778752,6619136
102,6.645922660827637,0.001632,0.78515625,52.392778752,6684672
103,6.841772556304932,0.0016479999999999997,0.75390625,52.392778752,6750208
104,6.913285255432129,0.001664,0.76953125,52.392778752,6815744
105,6.819178581237793,0.0016799999999999999,0.5859375,52.392778752,6881280
106,6.650247097015381,0.0016959999999999998,0.81640625,52.392778752,6946816
107,6.750424861907959,0.001712,0.69921875,52.392778752,7012352
108,6.641843795776367,0.0017279999999999997,0.859375,52.392778752,7077888
109,6.792639255523682,0.0017439999999999999,0.6796875,52.392778752,7143424
110,6.780539512634277,0.0017599999999999996,0.5859375,52.392778752,7208960
111,6.763815402984619,0.0017759999999999998,0.625,52.392778752,7274496
112,6.781630039215088,0.001792,0.91796875,52.392778752,7340032
113,6.909722328186035,0.0018079999999999997,0.70703125,52.392778752,7405568
114,6.676097869873047,0.0018239999999999999,0.80078125,52.392778752,7471104
115,6.728764533996582,0.00184,0.73046875,52.392778752,7536640
116,6.817009925842285,0.0018559999999999998,0.97265625,52.392778752,7602176
117,6.798454284667969,0.001872,0.60546875,52.392778752,7667712
118,6.5870866775512695,0.0018879999999999997,0.671875,52.392778752,7733248
119,6.626233100891113,0.0019039999999999999,0.6875,52.392778752,7798784
120,7.549518585205078,0.0019199999999999998,0.66015625,52.392778752,7864320
121,6.5638885498046875,0.0019359999999999998,0.72265625,52.392778752,7929856
122,6.660932540893555,0.001952,0.73046875,52.392778752,7995392
123,6.618720531463623,0.0019679999999999997,0.71484375,52.392778752,8060928
124,6.689328193664551,0.0019839999999999997,0.6015625,52.392778752,8126464
125,6.749195098876953,0.002,0.60546875,52.392778752,8192000
126,6.649892330169678,0.0020159999999999996,0.66796875,52.392778752,8257536
127,6.565728664398193,0.002032,0.5703125,52.392778752,8323072
128,6.68732213973999,0.002048,0.66796875,52.392778752,8388608
129,6.656220436096191,0.002064,0.69140625,52.392778752,8454144
130,6.749279022216797,0.00208,0.9453125,52.392778752,8519680
131,6.674871921539307,0.0020959999999999998,1.0078125,52.392778752,8585216
132,6.44110107421875,0.0021119999999999997,0.62109375,52.392778752,8650752
133,6.577127456665039,0.002128,0.875,52.392778752,8716288
134,6.605812072753906,0.0021439999999999996,0.6796875,52.392778752,8781824
135,6.693989276885986,0.00216,0.89453125,52.392778752,8847360
136,6.572301387786865,0.0021759999999999995,0.63671875,52.392778752,8912896
137,6.455723285675049,0.002192,0.57421875,52.392778752,8978432
138,6.583840370178223,0.002208,0.5703125,52.392778752,9043968
139,6.458768367767334,0.002224,0.59765625,52.392778752,9109504
140,6.475096702575684,0.00224,0.490234375,52.392778752,9175040
141,6.309308052062988,0.0022559999999999998,0.52734375,52.392778752,9240576
142,6.479040622711182,0.0022719999999999997,0.59765625,52.392778752,9306112
143,6.412670612335205,0.0022879999999999997,0.45703125,52.392778752,9371648
144,6.439437389373779,0.0023039999999999996,0.5234375,52.392778752,9437184
145,6.611886501312256,0.00232,0.828125,52.392778752,9502720
146,6.499727249145508,0.002336,0.455078125,52.392778752,9568256
147,6.520596027374268,0.002352,0.78515625,52.392778752,9633792
148,6.502716064453125,0.002368,0.65625,52.392778752,9699328
149,6.360735893249512,0.002384,0.515625,52.392778752,9764864
150,6.432090759277344,0.0024,0.8359375,52.392778752,9830400
151,6.534858703613281,0.0023999985004549145,0.7734375,52.392778752,9895936
152,6.550238609313965,0.002399994001823982,0.86328125,52.392778752,9961472
153,6.477945327758789,0.002399986504120176,0.65625,52.392778752,10027008
154,6.592721939086914,0.002399976007365117,0.66796875,52.392778752,10092544
155,6.498044967651367,0.002399962511589076,0.59765625,52.392778752,10158080
156,6.460176467895508,0.0023999460168309707,0.7734375,52.392778752,10223616
157,6.536701202392578,0.002399926523138368,0.55078125,52.392778752,10289152
158,6.447507381439209,0.0023999040305674817,0.63671875,52.392778752,10354688
159,6.287927627563477,0.002399878539183176,0.4296875,52.392778752,10420224
160,6.684776782989502,0.0023998500490589603,0.50390625,52.392778752,10485760
161,6.413588523864746,0.0023998185602769934,0.6015625,52.392778752,10551296
162,6.458168029785156,0.00239978407292808,0.515625,52.392778752,10616832
163,6.414324760437012,0.002399746587111674,0.53125,52.392778752,10682368
164,6.431930065155029,0.0023997061029358735,0.57421875,52.392778752,10747904
165,6.462442398071289,0.0023996626205174247,0.78125,52.392778752,10813440
166,6.4713521003723145,0.0023996161399817196,0.9140625,52.392778752,10878976
167,6.4206953048706055,0.002399566661462797,0.6875,52.392778752,10944512
168,6.431082248687744,0.002399514185103338,0.68359375,52.392778752,11010048
169,6.316855430603027,0.002399458711054673,0.5703125,52.392778752,11075584
170,6.447053909301758,0.0023994002394767734,0.58984375,52.392778752,11141120
171,6.55946159362793,0.0023993387705382565,0.60546875,52.392778752,11206656
172,6.299484729766846,0.002399274304416383,0.53515625,52.392778752,11272192
173,6.331561088562012,0.0023992068412970564,0.484375,52.392778752,11337728
174,6.259625434875488,0.002399136381374822,0.50390625,52.392778752,11403264
175,6.252481460571289,0.0023990629248528688,0.443359375,52.392778752,11468800
176,6.369060516357422,0.002398986471943026,0.71484375,52.392778752,11534336
177,6.191248893737793,0.002398907022865764,0.62109375,52.392778752,11599872
178,6.262024879455566,0.002398824577850194,0.6328125,52.392778752,11665408
179,6.130593776702881,0.002398739137134065,0.47265625,52.392778752,11730944
180,6.229382514953613,0.002398650700963766,0.6171875,52.392778752,11796480
181,6.3516716957092285,0.0023985592695943254,0.71875,52.392778752,11862016
182,6.350208282470703,0.0023984648432894056,0.365234375,52.392778752,11927552
183,5.923154830932617,0.0023983674223213088,0.59375,52.392778752,11993088
184,6.082484245300293,0.002398267006970971,0.671875,52.392778752,12058624
185,6.191960334777832,0.0023981635975279646,0.62890625,52.392778752,12124160
186,6.352910995483398,0.002398057194290495,0.578125,52.392778752,12189696
187,5.986659049987793,0.0023979477975654027,0.71875,52.392778752,12255232
188,6.214608192443848,0.0023978354076681575,0.796875,52.392778752,12320768
189,5.991965293884277,0.0023977200249228653,0.498046875,52.392778752,12386304
190,6.07411003112793,0.0023976016496622577,0.88671875,52.392778752,12451840
191,6.373554229736328,0.0023974802822276996,0.4921875,52.392778752,12517376
192,6.232172012329102,0.0023973559229691827,0.8125,52.392778752,12582912
193,6.186781883239746,0.0023972285722453266,0.470703125,52.392778752,12648448
194,6.112043380737305,0.002397098230423378,0.57421875,52.392778752,12713984
195,6.231398582458496,0.002396964897879209,0.51171875,52.392778752,12779520
196,6.240036964416504,0.0023968285749973164,0.52734375,52.392778752,12845056
197,6.221074104309082,0.0023966892621708194,0.43359375,52.392778752,12910592
198,6.844491958618164,0.00239654695980146,0.482421875,52.392778752,12976128
199,6.062863349914551,0.0023964016682996017,0.5234375,52.392778752,13041664
200,6.193060874938965,0.0023962533880842276,0.40625,52.392778752,13107200
201,6.111163139343262,0.002396102119582939,0.5703125,52.392778752,13172736
202,6.242320537567139,0.002395947863231955,0.56640625,52.392778752,13238272
203,6.066011905670166,0.002395790619476111,0.44140625,52.392778752,13303808
204,5.9851274490356445,0.002395630388768857,0.5234375,52.392778752,13369344
205,6.110898017883301,0.0023954671715722574,0.5078125,52.392778752,13434880
206,6.408898830413818,0.0023953009683569883,0.578125,52.392778752,13500416
207,5.977529525756836,0.0023951317796023354,0.55078125,52.392778752,13565952
208,6.0332183837890625,0.002394959605796197,0.5078125,52.392778752,13631488
209,6.044219493865967,0.0023947844474350756,0.51171875,52.392778752,13697024
210,6.2318949699401855,0.002394606305024084,0.62109375,52.392778752,13762560
211,6.317342758178711,0.0023944251790769385,0.9140625,52.392778752,13828096
212,6.029674053192139,0.002394241070115959,0.80078125,52.392778752,13893632
213,5.8675994873046875,0.0023940539786720676,0.578125,52.392778752,13959168
214,6.258312225341797,0.002393863905284788,0.52734375,52.392778752,14024704
215,6.323152542114258,0.0023936708505022434,0.46875,52.392778752,14090240
216,6.158872604370117,0.0023934748148811517,0.515625,52.392778752,14155776
217,5.990830421447754,0.00239327579898683,0.41015625,52.392778752,14221312
218,6.110867500305176,0.002393073803393189,0.453125,52.392778752,14286848
219,6.017481803894043,0.0023928688286827303,0.36328125,52.392778752,14352384
220,6.086442470550537,0.0023926608754465486,0.54296875,52.392778752,14417920
221,6.113218307495117,0.002392449944284327,0.375,52.392778752,14483456
222,6.043639183044434,0.002392236035804336,0.53125,52.392778752,14548992
223,6.106788635253906,0.002392019150623433,0.458984375,52.392778752,14614528
224,6.162473201751709,0.002391799289367057,0.58203125,52.392778752,14680064
225,6.210733413696289,0.002391576452669232,0.46484375,52.392778752,14745600
226,6.014280796051025,0.0023913506411725608,0.439453125,52.392778752,14811136
227,5.928262710571289,0.002391121855528226,0.396484375,52.392778752,14876672
228,6.281498908996582,0.002390890096395984,0.482421875,52.392778752,14942208
229,5.759333610534668,0.0023906553644441704,0.400390625,52.392778752,15007744
230,5.874561309814453,0.00239041766034969,0.447265625,52.392778752,15073280
231,6.153264999389648,0.00239017698479802,0.376953125,52.392778752,15138816
232,6.069308280944824,0.0023899333384832058,0.390625,52.392778752,15204352
233,6.113009452819824,0.002389686722107861,0.42578125,52.392778752,15269888
234,5.998231887817383,0.0023894371363831625,0.357421875,52.392778752,15335424
235,5.9085588455200195,0.0023891845820288513,0.408203125,52.392778752,15400960
236,6.059120178222656,0.002388929059773228,0.404296875,52.392778752,15466496
237,5.990911483764648,0.0023886705703531535,0.494140625,52.392778752,15532032
238,5.998448848724365,0.0023884091145140434,0.4453125,52.392778752,15597568
239,5.805021286010742,0.0023881446930098683,0.5859375,52.392778752,15663104
240,6.091392517089844,0.0023878773066031518,0.5078125,52.392778752,15728640
241,5.931166172027588,0.0023876069560649672,0.5,52.392778752,15794176
242,5.965236663818359,0.002387333642174934,0.45703125,52.392778752,15859712
243,6.004278659820557,0.00238705736572122,0.431640625,52.392778752,15925248
244,5.881455421447754,0.002386778127500534,0.4296875,52.392778752,15990784
245,5.938721656799316,0.002386495928318127,0.42578125,52.392778752,16056320
246,5.8844757080078125,0.002386210768987788,0.45703125,52.392778752,16121856
247,5.88395357131958,0.002385922650331842,0.376953125,52.392778752,16187392
248,5.9547834396362305,0.0023856315731811497,0.48046875,52.392778752,16252928
249,5.896361351013184,0.002385337538375101,0.40234375,52.392778752,16318464
250,5.971707344055176,0.0023850405467616166,0.458984375,52.392778752,16384000
251,5.912939071655273,0.002384740599197143,0.546875,52.392778752,16449536
252,5.946161270141602,0.002384437696546651,0.640625,52.392778752,16515072
253,6.084386825561523,0.0023841318396836337,0.515625,52.392778752,16580608
254,5.883260250091553,0.0023838230294901024,0.380859375,52.392778752,16646144
255,5.773645401000977,0.0023835112668565864,0.71484375,52.392778752,16711680
256,6.039150238037109,0.002383196552682127,0.453125,52.392778752,16777216
257,5.908506393432617,0.002382878887874279,0.46875,52.392778752,16842752
258,5.671794891357422,0.0023825582733491054,0.49609375,52.392778752,16908288
259,5.800778388977051,0.0023822347100311753,0.63671875,52.392778752,16973824
260,5.872842788696289,0.002381908198853561,0.515625,52.392778752,17039360
261,5.7560014724731445,0.0023815787407578362,0.63671875,52.392778752,17104896
262,5.825727939605713,0.0023812463366940724,0.396484375,52.392778752,17170432
263,5.776035308837891,0.002380910987620837,0.609375,52.392778752,17235968
264,5.878722190856934,0.00238057269450519,0.40234375,52.392778752,17301504
265,5.912881851196289,0.0023802314583226797,0.4296875,52.392778752,17367040
266,5.758252143859863,0.0023798872800573443,0.419921875,52.392778752,17432576
267,6.14240837097168,0.0023795401607017035,0.44921875,52.392778752,17498112
268,5.673418045043945,0.00237919010125676,0.578125,52.392778752,17563648
269,5.815365791320801,0.002378837102731994,0.40234375,52.392778752,17629184
270,5.721141815185547,0.0023784811661453622,0.498046875,52.392778752,17694720
271,5.747723579406738,0.0023781222925232932,0.369140625,52.392778752,17760256
272,5.747605323791504,0.0023777604829006856,0.490234375,52.392778752,17825792
273,5.810220718383789,0.002377395738320903,0.51171875,52.392778752,17891328
274,5.79671573638916,0.0023770280598357763,0.48828125,52.392778752,17956864
275,5.902650356292725,0.0023766574485055937,0.4140625,52.392778752,18022400
276,5.5715484619140625,0.0023762839053991023,0.56640625,52.392778752,18087936
277,5.872347831726074,0.0023759074315935027,0.359375,52.392778752,18153472
278,5.766278266906738,0.0023755280281744498,0.470703125,52.392778752,18219008
279,5.8706769943237305,0.0023751456962360423,0.51171875,52.392778752,18284544
280,5.779817581176758,0.002374760436880828,0.365234375,52.392778752,18350080
281,5.6950154304504395,0.0023743722512197937,0.51171875,52.392778752,18415616
282,5.742496967315674,0.002373981140372367,0.486328125,52.392778752,18481152
283,6.159941673278809,0.00237358710546641,0.4453125,52.392778752,18546688
284,5.786602020263672,0.0023731901476382166,0.37890625,52.392778752,18612224
285,5.903633117675781,0.0023727902680325107,0.376953125,52.392778752,18677760
286,5.834245681762695,0.0023723874678024406,0.39453125,52.392778752,18743296
287,5.748176574707031,0.002371981748109578,0.41796875,52.392778752,18808832
288,5.810057640075684,0.0023715731101239144,0.44921875,52.392778752,18874368
289,5.64865255355835,0.0023711615550238542,0.50390625,52.392778752,18939904
290,5.779778480529785,0.002370747083996216,0.5703125,52.392778752,19005440
291,5.7216596603393555,0.002370329698236227,0.392578125,52.392778752,19070976
292,5.583945274353027,0.00236990939894752,0.423828125,52.392778752,19136512
293,5.729991912841797,0.0023694861873421267,0.54296875,52.392778752,19202048
294,5.867016792297363,0.0023690600646404823,0.431640625,52.392778752,19267584
295,5.674110412597656,0.002368631032071413,0.5703125,52.392778752,19333120
296,5.7059526443481445,0.002368199090872137,0.40234375,52.392778752,19398656
297,6.343157768249512,0.0023677642422882616,0.5078125,52.392778752,19464192
298,5.674214839935303,0.0023673264875737764,0.392578125,52.392778752,19529728
299,5.309863090515137,0.0023668858279910525,0.47265625,52.392778752,19595264
300,5.831303596496582,0.0023664422648108385,0.37109375,52.392778752,19660800
301,5.531322479248047,0.0023659957993122554,0.384765625,52.392778752,19726336
302,5.834088325500488,0.002365546432782793,0.421875,52.392778752,19791872
303,5.761861324310303,0.002365094166518309,0.3828125,52.392778752,19857408
304,5.668920516967773,0.002364639001823021,0.39453125,52.392778752,19922944
305,5.671021461486816,0.002364180940009506,0.423828125,52.392778752,19988480
306,5.730294227600098,0.002363719982398696,0.400390625,52.392778752,20054016
307,5.597317695617676,0.0023632561303198727,0.4296875,52.392778752,20119552
308,5.800172328948975,0.0023627893851106653,0.421875,52.392778752,20185088
309,5.598502159118652,0.0023623197481170456,0.345703125,52.392778752,20250624
310,5.69283390045166,0.002361847220693326,0.466796875,52.392778752,20316160
311,5.540337085723877,0.002361371804202151,0.482421875,52.392778752,20381696
312,5.670774459838867,0.0023608935000144996,0.50390625,52.392778752,20447232
313,5.562743186950684,0.0023604123095096775,0.50390625,52.392778752,20512768
314,5.59810733795166,0.0023599282340753124,0.4296875,52.392778752,20578304
315,5.828103065490723,0.002359441275107352,0.423828125,52.392778752,20643840
316,5.63521671295166,0.0023589514340100607,0.388671875,52.392778752,20709376
317,5.60602331161499,0.002358458712196012,0.376953125,52.392778752,20774912
318,5.404870986938477,0.002357963111086089,0.3359375,52.392778752,20840448
319,5.701272964477539,0.002357464632109476,0.375,52.392778752,20905984
320,5.731969356536865,0.002356963276703657,0.33984375,52.392778752,20971520
321,5.616674423217773,0.002356459046314411,0.35546875,52.392778752,21037056
322,5.682949542999268,0.002355951942395807,0.37890625,52.392778752,21102592
323,5.8192901611328125,0.0023554419664102025,0.4453125,52.392778752,21168128
324,5.571136474609375,0.0023549291198282345,0.375,52.392778752,21233664
325,5.546350002288818,0.0023544134041288208,0.60546875,52.392778752,21299200
326,5.5924482345581055,0.002353894820799151,0.52734375,52.392778752,21364736
327,5.638511657714844,0.0023533733713346845,0.55078125,52.392778752,21430272
328,5.611821174621582,0.0023528490572391468,0.3671875,52.392778752,21495808
329,5.514272212982178,0.002352321880024524,0.380859375,52.392778752,21561344
330,5.380960941314697,0.002351791841211058,0.43359375,52.392778752,21626880
331,5.68410062789917,0.002351258942327243,0.41796875,52.392778752,21692416
332,5.462580680847168,0.0023507231849098213,0.400390625,52.392778752,21757952
333,5.627504348754883,0.0023501845705037783,0.3828125,52.392778752,21823488
334,5.619866847991943,0.0023496431006623385,0.33203125,52.392778752,21889024
335,5.522735118865967,0.00234909877694696,0.359375,52.392778752,21954560
336,5.778879165649414,0.002348551600927331,0.3203125,52.392778752,22020096
337,5.531322956085205,0.002348001574181366,0.3046875,52.392778752,22085632
338,5.608031272888184,0.0023474486982951984,0.333984375,52.392778752,22151168
339,5.467449188232422,0.00234689297486318,0.423828125,52.392778752,22216704
340,5.444643974304199,0.0023463344054878723,0.306640625,52.392778752,22282240
341,5.242237567901611,0.0023457729917800442,0.3828125,52.392778752,22347776
342,5.409968376159668,0.0023452087353586677,0.306640625,52.392778752,22413312
343,5.567625999450684,0.0023446416378509116,0.447265625,52.392778752,22478848
344,5.507652282714844,0.0023440717008921383,0.328125,52.392778752,22544384
345,5.67816686630249,0.002343498926125898,0.302734375,52.392778752,22609920
346,5.35775089263916,0.0023429233152039235,0.365234375,52.392778752,22675456
347,5.6346893310546875,0.0023423448697861295,0.31640625,52.392778752,22740992
348,5.618844032287598,0.0023417635915406005,0.337890625,52.392778752,22806528
349,5.374502182006836,0.0023411794821435934,0.357421875,52.392778752,22872064
350,5.108367919921875,0.0023405925432795275,0.365234375,52.392778752,22937600
351,5.5103960037231445,0.0023400027766409823,0.337890625,52.392778752,23003136
352,5.3880615234375,0.0023394101839286923,0.353515625,52.392778752,23068672
353,5.41903829574585,0.00233881476685154,0.3046875,52.392778752,23134208
354,5.617451190948486,0.0023382165271265552,0.341796875,52.392778752,23199744
355,5.282259941101074,0.002337615466478905,0.33984375,52.392778752,23265280
356,5.687292098999023,0.0023370115866418926,0.3359375,52.392778752,23330816
357,5.530829429626465,0.0023364048893569508,0.359375,52.392778752,23396352
358,5.204874515533447,0.0023357953763736374,0.55078125,52.392778752,23461888
359,5.415713310241699,0.002335183049449629,0.76953125,52.392778752,23527424
360,5.695775508880615,0.002334567910350719,0.3671875,52.392778752,23592960
361,5.565220832824707,0.0023339499608508074,0.5703125,52.392778752,23658496
362,5.290970802307129,0.0023333292027319015,0.375,52.392778752,23724032
363,5.372506141662598,0.0023327056377841055,0.35546875,52.392778752,23789568
364,5.603466510772705,0.0023320792678056196,0.400390625,52.392778752,23855104
365,5.564301013946533,0.0023314500946027324,0.376953125,52.392778752,23920640
366,5.523550033569336,0.002330818119989815,0.375,52.392778752,23986176
367,5.556861400604248,0.0023301833457893203,0.384765625,52.392778752,24051712
368,5.500727653503418,0.0023295457738317714,0.3671875,52.392778752,24117248
369,5.347891807556152,0.0023289054059557595,0.447265625,52.392778752,24182784
370,5.463573455810547,0.002328262244007941,0.35546875,52.392778752,24248320
371,5.4364800453186035,0.002327616289843027,0.365234375,52.392778752,24313856
372,5.4869794845581055,0.002326967545323781,0.40234375,52.392778752,24379392
373,5.292956829071045,0.002326316012321016,0.375,52.392778752,24444928
374,5.142848014831543,0.0023256616927135824,0.40234375,52.392778752,24510464
375,5.5940752029418945,0.00232500458838837,0.3671875,52.392778752,24576000
376,5.310432434082031,0.002324344701240295,0.453125,52.392778752,24641536
377,5.2721848487854,0.002323682033172302,0.515625,52.392778752,24707072
378,5.4521331787109375,0.002323016586095353,0.396484375,52.392778752,24772608
379,5.298971176147461,0.0023223483619284257,0.48046875,52.392778752,24838144
380,5.466786861419678,0.002321677362598505,0.330078125,52.392778752,24903680
381,5.2549285888671875,0.0023210035900405775,0.388671875,52.392778752,24969216
382,5.401881694793701,0.002320327046197631,0.328125,52.392778752,25034752
383,5.219915390014648,0.0023196477330206396,0.32421875,52.392778752,25100288
384,5.3326826095581055,0.0023189656524685684,0.41015625,52.392778752,25165824
385,5.258827209472656,0.0023182808065083603,0.341796875,52.392778752,25231360
386,5.514537811279297,0.002317593197114932,0.328125,52.392778752,25296896
387,5.385982036590576,0.002316902826271173,0.375,52.392778752,25362432
388,5.315823078155518,0.002316209695967932,0.36328125,52.392778752,25427968
389,5.504420757293701,0.0023155138082040162,0.34765625,52.392778752,25493504
390,5.357532501220703,0.0023148151649861875,0.423828125,52.392778752,25559040
391,5.419541358947754,0.0023141137683291503,0.384765625,52.392778752,25624576
392,5.398763656616211,0.0023134096202555507,0.345703125,52.392778752,25690112
393,5.1971049308776855,0.002312702722795969,0.365234375,52.392778752,25755648
394,5.454822063446045,0.002311993077988915,0.388671875,52.392778752,25821184
395,5.406636714935303,0.0023112806878808193,0.41015625,52.392778752,25886720
396,5.399801254272461,0.0023105655545260307,0.345703125,52.392778752,25952256
397,5.370325088500977,0.0023098476799868076,0.45703125,52.392778752,26017792
398,5.548051357269287,0.0023091270663333145,0.396484375,52.392778752,26083328
399,5.642236232757568,0.0023084037156436135,0.322265625,52.392778752,26148864
400,5.197286605834961,0.002307677630003661,0.404296875,52.392778752,26214400
401,5.374357223510742,0.0023069488115073,0.3359375,52.392778752,26279936
402,5.520816326141357,0.002306217262256252,0.330078125,52.392778752,26345472
403,5.09398078918457,0.002305482984360118,0.341796875,52.392778752,26411008
404,5.362850189208984,0.0023047459799363625,0.33984375,52.392778752,26476544
405,5.347153186798096,0.0023040062511103165,0.349609375,52.392778752,26542080
406,5.207762718200684,0.002303263800015165,0.349609375,52.392778752,26607616
407,5.412943363189697,0.002302518628791946,0.353515625,52.392778752,26673152
408,5.257721900939941,0.0023017707395895375,0.384765625,52.392778752,26738688
409,5.483278274536133,0.00230102013456466,0.4296875,52.392778752,26804224
410,5.469742774963379,0.0023002668158818634,0.390625,52.392778752,26869760
411,5.298696994781494,0.0022995107857135223,0.369140625,52.392778752,26935296
412,5.272086143493652,0.002298752046239832,0.421875,52.392778752,27000832
413,4.899325370788574,0.0022979905996488004,0.34375,52.392778752,27066368
414,5.480681896209717,0.002297226448136242,0.396484375,52.392778752,27131904
415,5.135785102844238,0.0022964595939057716,0.36328125,52.392778752,27197440
416,5.350207328796387,0.0022956900391687984,0.328125,52.392778752,27262976
417,5.40717077255249,0.0022949177861445163,0.318359375,52.392778752,27328512
418,5.312957286834717,0.0022941428370599056,0.310546875,52.392778752,27394048
419,5.038556098937988,0.002293365194149716,0.30859375,52.392778752,27459584
420,5.2837371826171875,0.002292584859656469,0.384765625,52.392778752,27525120
421,5.121190071105957,0.0022918018358304474,0.39453125,52.392778752,27590656
422,5.187678813934326,0.002291016124929688,0.380859375,52.392778752,27656192
423,5.393787860870361,0.0022902277292199767,0.298828125,52.392778752,27721728
424,5.238102436065674,0.002289436650974843,0.349609375,52.392778752,27787264
425,5.058208465576172,0.002288642892475551,0.326171875,52.392778752,27852800
426,5.181163787841797,0.002287846456011095,0.296875,52.392778752,27918336
427,5.091753005981445,0.0022870473438781893,0.375,52.392778752,27983872
428,5.479503631591797,0.002286245558381268,0.341796875,52.392778752,28049408
429,5.1494245529174805,0.0022854411018324713,0.390625,52.392778752,28114944
430,5.10250997543335,0.0022846339765516433,0.337890625,52.392778752,28180480
431,5.254141330718994,0.002283824184866324,0.375,52.392778752,28246016
432,5.26204776763916,0.002283011729111743,0.373046875,52.392778752,28311552
433,5.197146415710449,0.002282196611630811,0.31640625,52.392778752,28377088
434,5.152781963348389,0.002281378834774116,0.3984375,52.392778752,28442624
435,5.1876606941223145,0.0022805584008999138,0.330078125,52.392778752,28508160
436,5.175462245941162,0.0022797353123741237,0.361328125,52.392778752,28573696
437,5.187966823577881,0.002278909571570318,0.38671875,52.392778752,28639232
438,5.068781852722168,0.002278081180869721,0.3359375,52.392778752,28704768
439,5.319301128387451,0.0022772501426611943,0.3828125,52.392778752,28770304
440,5.374122619628906,0.0022764164593412376,0.322265625,52.392778752,28835840
441,4.907819747924805,0.002275580133313978,0.37890625,52.392778752,28901376
442,5.146465301513672,0.002274741166991161,0.328125,52.392778752,28966912
443,5.283341407775879,0.00227389956279215,0.416015625,52.392778752,29032448
444,5.161220550537109,0.002273055323143911,0.39453125,52.392778752,29097984
445,4.786190032958984,0.002272208450481014,0.41796875,52.392778752,29163520
446,5.332503318786621,0.0022713589472456177,0.376953125,52.392778752,29229056
447,5.53706169128418,0.002270506815887472,0.326171875,52.392778752,29294592
448,5.326754570007324,0.0022696520588639,0.43359375,52.392778752,29360128
449,5.343244552612305,0.0022687946786398004,0.375,52.392778752,29425664
450,5.258806228637695,0.0022679346776876353,0.376953125,52.392778752,29491200
451,5.608819484710693,0.0022670720584874247,0.421875,52.392778752,29556736
452,5.357484817504883,0.0022662068235267375,0.373046875,52.392778752,29622272
453,5.120613098144531,0.002265338975300688,0.337890625,52.392778752,29687808
454,5.184772968292236,0.002264468516311924,0.375,52.392778752,29753344
455,5.196652412414551,0.0022635954490706246,0.353515625,52.392778752,29818880
456,5.014156341552734,0.002262719776094489,0.333984375,52.392778752,29884416
457,5.515265941619873,0.00226184149990873,0.416015625,52.392778752,29949952
458,5.320148468017578,0.002260960623046069,0.3203125,52.392778752,30015488
459,5.241261005401611,0.002260077148046726,0.322265625,52.392778752,30081024
460,5.34108304977417,0.0022591910774584145,0.302734375,52.392778752,30146560
461,5.353607654571533,0.0022583024138363313,0.376953125,52.392778752,30212096
462,4.684911727905273,0.0022574111597431514,0.318359375,52.392778752,30277632
463,5.192418098449707,0.002256517317749022,0.359375,52.392778752,30343168
464,4.99515438079834,0.002255620890431549,0.32421875,52.392778752,30408704
465,4.85014533996582,0.002254721880375799,0.349609375,52.392778752,30474240
466,5.1498613357543945,0.002253820290174282,0.34765625,52.392778752,30539776
467,4.985283374786377,0.00225291612242695,0.37890625,52.392778752,30605312
468,5.214699745178223,0.002252009379741189,0.37890625,52.392778752,30670848
469,5.226906776428223,0.00225110006473181,0.33984375,52.392778752,30736384
470,5.253661155700684,0.002250188180021041,0.396484375,52.392778752,30801920
471,5.191858768463135,0.0022492737282385207,0.3515625,52.392778752,30867456
472,5.216639518737793,0.002248356712021291,0.318359375,52.392778752,30932992
473,5.203820705413818,0.0022474371340137885,0.33203125,52.392778752,30998528
474,5.195162773132324,0.002246514996867838,0.3671875,52.392778752,31064064
475,5.081590175628662,0.0022455903032426437,0.33984375,52.392778752,31129600
476,5.0827956199646,0.002244663055804782,0.439453125,52.392778752,31195136
477,5.3413286209106445,0.0022437332572281944,0.349609375,52.392778752,31260672
478,5.204963684082031,0.0022428009101941775,0.291015625,52.392778752,31326208
479,5.107073783874512,0.0022418660173913803,0.443359375,52.392778752,31391744
480,5.30692195892334,0.0022409285815157888,0.3515625,52.392778752,31457280
481,5.1810102462768555,0.002239988605270727,0.3515625,52.392778752,31522816
482,4.988948345184326,0.0022390460913668396,0.34765625,52.392778752,31588352
483,5.260298252105713,0.0022381010425220954,0.3671875,52.392778752,31653888
484,5.18183708190918,0.002237153461461769,0.384765625,52.392778752,31719424
485,5.077963829040527,0.002236203350918437,0.43359375,52.392778752,31784960
486,5.167466163635254,0.0022352507136319732,0.45703125,52.392778752,31850496
487,5.258159637451172,0.0022342955523495358,0.404296875,52.392778752,31916032
488,4.992310523986816,0.002233337869825562,0.30859375,52.392778752,31981568
489,5.124085903167725,0.0022323776688217604,0.3359375,52.392778752,32047104
490,5.1125078201293945,0.0022314149521071008,0.353515625,52.392778752,32112640
491,4.978124618530273,0.0022304497224578087,0.30078125,52.392778752,32178176
492,4.954363822937012,0.0022294819826573554,0.318359375,52.392778752,32243712
493,4.971097946166992,0.0022285117354964527,0.421875,52.392778752,32309248
494,5.219779968261719,0.0022275389837730407,0.302734375,52.392778752,32374784
495,5.372527122497559,0.0022265637302922837,0.310546875,52.392778752,32440320
496,5.009827613830566,0.002225585977866559,0.314453125,52.392778752,32505856
497,4.776654243469238,0.002224605729315451,0.37109375,52.392778752,32571392
498,4.975759506225586,0.002223622987465742,0.330078125,52.392778752,32636928
499,5.22853946685791,0.002222637755151406,0.330078125,52.392778752,32702464
500,4.89801549911499,0.0022216500352135954,0.353515625,52.392778752,32768000
501,5.013699531555176,0.00222065983050064,0.31640625,52.392778752,32833536
502,5.0090131759643555,0.002219667143868032,0.38671875,52.392778752,32899072
503,5.379144668579102,0.002218671978178422,0.287109375,52.392778752,32964608
504,5.1216511726379395,0.0022176743363016105,0.39453125,52.392778752,33030144
505,5.433656692504883,0.0022166742211145378,0.29296875,52.392778752,33095680
506,4.937714576721191,0.002215671635501276,0.3828125,52.392778752,33161216
507,4.996005535125732,0.002214666582353022,0.294921875,52.392778752,33226752
508,5.206737995147705,0.002213659064568089,0.3046875,52.392778752,33292288
509,5.0860395431518555,0.0022126490850518953,0.3046875,52.392778752,33357824
510,4.995528697967529,0.0022116366467169616,0.337890625,52.392778752,33423360
511,5.003702163696289,0.002210621752482897,0.390625,52.392778752,33488896
512,5.125139236450195,0.0022096044052763927,0.3203125,52.392778752,33554432
513,5.058723449707031,0.002208584608031214,0.390625,52.392778752,33619968
514,5.152888774871826,0.0022075623636881917,0.294921875,52.392778752,33685504
515,5.063105583190918,0.0022065376751952137,0.369140625,52.392778752,33751040
516,4.84886360168457,0.002205510545507215,0.330078125,52.392778752,33816576
517,5.153603553771973,0.0022044809775861717,0.333984375,52.392778752,33882112
518,5.187108993530273,0.00220344897440109,0.298828125,52.392778752,33947648
519,4.891129493713379,0.0022024145389280005,0.310546875,52.392778752,34013184
520,5.089395999908447,0.0022013776741499455,0.330078125,52.392778752,34078720
521,5.358591556549072,0.002200338383056974,0.294921875,52.392778752,34144256
522,5.109644889831543,0.002199296668646133,0.302734375,52.392778752,34209792
523,4.822604179382324,0.0021982525339214556,0.296875,52.392778752,34275328
524,5.171812534332275,0.002197205981893956,0.29296875,52.392778752,34340864
525,5.092976093292236,0.0021961570155816183,0.275390625,52.392778752,34406400
526,4.92390775680542,0.0021951056380093894,0.3515625,52.392778752,34471936
527,4.957943439483643,0.002194051852209169,0.333984375,52.392778752,34537472
528,5.018345832824707,0.0021929956612198025,0.2890625,52.392778752,34603008
529,5.1252593994140625,0.002191937068087071,0.314453125,52.392778752,34668544
530,4.909550189971924,0.0021908760758636817,0.341796875,52.392778752,34734080
531,4.963724136352539,0.0021898126876092605,0.283203125,52.392778752,34799616
532,4.845739364624023,0.002188746906390345,0.37109375,52.392778752,34865152
533,5.178749084472656,0.0021876787352803693,0.32421875,52.392778752,34930688
534,4.898380756378174,0.0021866081773596643,0.384765625,52.392778752,34996224
535,5.017075538635254,0.0021855352357154395,0.357421875,52.392778752,35061760
536,4.724331855773926,0.0021844599134417807,0.3515625,52.392778752,35127296
537,4.953049659729004,0.0021833822136396383,0.388671875,52.392778752,35192832
538,5.039148330688477,0.0021823021394168193,0.326171875,52.392778752,35258368
539,5.107327461242676,0.002181219693887977,0.416015625,52.392778752,35323904
540,4.930310249328613,0.0021801348801746036,0.341796875,52.392778752,35389440
541,5.104513168334961,0.0021790477014050212,0.310546875,52.392778752,35454976
542,4.906711101531982,0.0021779581607143696,0.34765625,52.392778752,35520512
543,5.17031192779541,0.0021768662612446036,0.33203125,52.392778752,35586048
544,4.707293510437012,0.0021757720061444763,0.2734375,52.392778752,35651584
545,5.086732864379883,0.002174675398569536,0.296875,52.392778752,35717120
546,4.797762870788574,0.0021735764416821145,0.2890625,52.392778752,35782656
547,4.931760787963867,0.002172475138651318,0.318359375,52.392778752,35848192
548,4.903026103973389,0.0021713714926530196,0.392578125,52.392778752,35913728
549,4.7774248123168945,0.002170265506869847,0.345703125,52.392778752,35979264
550,5.111109256744385,0.0021691571844911772,0.40234375,52.392778752,36044800
551,4.921967506408691,0.002168046528713123,0.375,52.392778752,36110336
552,4.807855606079102,0.0021669335427385293,0.34375,52.392778752,36175872
553,5.047545433044434,0.0021658182297769582,0.38671875,52.392778752,36241408
554,5.042975425720215,0.0021647005930446822,0.318359375,52.392778752,36306944
555,4.987471580505371,0.0021635806357646757,0.33203125,52.392778752,36372480
556,5.0817365646362305,0.002162458361166606,0.3671875,52.392778752,36438016
557,4.875195503234863,0.0021613337724868207,0.318359375,52.392778752,36503552
558,5.0443572998046875,0.0021602068729683426,0.31640625,52.392778752,36569088
559,4.946817398071289,0.002159077665860858,0.34765625,52.392778752,36634624
560,4.794157981872559,0.0021579461544207054,0.3515625,52.392778752,36700160
561,4.515645980834961,0.0021568123419108713,0.32421875,52.392778752,36765696
562,4.9655303955078125,0.0021556762316009776,0.318359375,52.392778752,36831232
563,4.951143264770508,0.00215453782676727,0.30859375,52.392778752,36896768
564,4.860906600952148,0.002153397130692614,0.34375,52.392778752,36962304
565,4.9995012283325195,0.0021522541466664803,0.34375,52.392778752,37027840
566,4.871977806091309,0.002151108877984939,0.306640625,52.392778752,37093376
567,4.793662071228027,0.002149961327950648,0.373046875,52.392778752,37158912
568,4.946042537689209,0.0021488114998728424,0.306640625,52.392778752,37224448
569,4.830060005187988,0.00214765939706733,0.283203125,52.392778752,37289984
570,4.698243141174316,0.002146505022856475,0.326171875,52.392778752,37355520
571,4.994132995605469,0.0021453483805691934,0.34375,52.392778752,37421056
572,4.97303581237793,0.0021441894735409416,0.34375,52.392778752,37486592
573,4.525701999664307,0.0021430283051137064,0.30078125,52.392778752,37552128
574,4.707928657531738,0.002141864878635997,0.35546875,52.392778752,37617664
575,4.975290298461914,0.0021406991974628332,0.35546875,52.392778752,37683200
576,4.747591495513916,0.002139531264955737,0.263671875,52.392778752,37748736
577,4.839417457580566,0.002138361084482723,0.404296875,52.392778752,37814272
578,4.826388835906982,0.0021371886594182873,0.30859375,52.392778752,37879808
579,4.883660316467285,0.0021360139931434004,0.302734375,52.392778752,37945344
580,4.83586311340332,0.0021348370890454946,0.30859375,52.392778752,38010880
581,4.828177452087402,0.0021336579505184567,0.296875,52.392778752,38076416
582,4.880748748779297,0.0021324765809626156,0.27734375,52.392778752,38141952
583,5.002102851867676,0.0021312929837847346,0.30078125,52.392778752,38207488
584,4.71770715713501,0.002130107162398001,0.36328125,52.392778752,38273024
585,4.918109893798828,0.002128919120222016,0.2890625,52.392778752,38338560
586,5.020016670227051,0.0021277288606827843,0.31640625,52.392778752,38404096
587,4.965810775756836,0.0021265363872127077,0.333984375,52.392778752,38469632
588,4.814343452453613,0.0021253417032505682,0.275390625,52.392778752,38535168
589,4.8155083656311035,0.0021241448122415255,0.28125,52.392778752,38600704
590,4.862218856811523,0.002122945717637102,0.259765625,52.392778752,38666240
591,4.596457481384277,0.002121744422895176,0.322265625,52.392778752,38731776
592,4.842493057250977,0.0021205409314799693,0.3203125,52.392778752,38797312
593,5.026830673217773,0.0021193352468620395,0.2890625,52.392778752,38862848
594,4.944775581359863,0.002118127372518268,0.35546875,52.392778752,38928384
595,4.904648780822754,0.0021169173119318504,0.3046875,52.392778752,38993920
596,4.929018020629883,0.0021157050685922892,0.283203125,52.392778752,39059456
597,4.867764472961426,0.002114490645995378,0.357421875,52.392778752,39124992
598,4.806220531463623,0.0021132740476431967,0.318359375,52.392778752,39190528
599,4.640324592590332,0.0021120552770441,0.310546875,52.392778752,39256064
600,4.819246292114258,0.0021108343377127053,0.40234375,52.392778752,39321600
601,4.838440895080566,0.0021096112331698857,0.294921875,52.392778752,39387136
602,4.720170497894287,0.0021083859669427567,0.357421875,52.392778752,39452672
603,4.933230400085449,0.0021071585425646686,0.296875,52.392778752,39518208
604,5.000631809234619,0.002105928963575195,0.341796875,52.392778752,39583744
605,4.446657657623291,0.0021046972335201216,0.314453125,52.392778752,39649280
606,5.070990085601807,0.0021034633559514396,0.330078125,52.392778752,39714816
607,4.742457389831543,0.0021022273344273312,0.3203125,52.392778752,39780352
608,4.843086242675781,0.002100989172512162,0.271484375,52.392778752,39845888
609,4.865191459655762,0.002099748873776469,0.349609375,52.392778752,39911424
610,4.807294845581055,0.002098506441796953,0.283203125,52.392778752,39976960
611,4.7837066650390625,0.002097261880156465,0.283203125,52.392778752,40042496
612,4.864670753479004,0.002096015192443998,0.31640625,52.392778752,40108032
613,4.669823169708252,0.002094766382254676,0.279296875,52.392778752,40173568
614,4.661495685577393,0.0020935154531897425,0.326171875,52.392778752,40239104
615,5.001614570617676,0.0020922624088565538,0.302734375,52.392778752,40304640
616,4.68094539642334,0.0020910072528685644,0.298828125,52.392778752,40370176
617,4.721640586853027,0.0020897499888453182,0.275390625,52.392778752,40435712
618,4.725430488586426,0.002088490620412438,0.2392578125,52.392778752,40501248
619,4.647686958312988,0.002087229151201616,0.3046875,52.392778752,40566784
620,4.678765773773193,0.0020859655848506024,0.30859375,52.392778752,40632320
621,4.848151206970215,0.002084699925003194,0.26953125,52.392778752,40697856
622,4.756350517272949,0.002083432175309227,0.3046875,52.392778752,40763392
623,4.482842445373535,0.0020821623394245608,0.267578125,52.392778752,40828928
624,4.847083568572998,0.0020808904210110734,0.2734375,52.392778752,40894464
625,4.449350833892822,0.002079616423736648,0.306640625,52.392778752,40960000
626,4.420495510101318,0.002078340351275162,0.35546875,52.392778752,41025536
627,4.883402347564697,0.0020770622073064756,0.283203125,52.392778752,41091072
628,4.649519443511963,0.0020757819955164263,0.29296875,52.392778752,41156608
629,4.652233600616455,0.0020744997195968123,0.283203125,52.392778752,41222144
630,4.817182540893555,0.002073215383245385,0.302734375,52.392778752,41287680
631,4.694620609283447,0.002071928990165836,0.3359375,52.392778752,41353216
632,4.797285079956055,0.0020706405440677907,0.287109375,52.392778752,41418752
633,4.7930192947387695,0.0020693500486667917,0.330078125,52.392778752,41484288
634,4.472167015075684,0.002068057507684295,0.27734375,52.392778752,41549824
635,4.680205345153809,0.0020667629248476514,0.341796875,52.392778752,41615360
636,4.741182804107666,0.002065466303890104,0.283203125,52.392778752,41680896
637,4.544163703918457,0.0020641676485507686,0.296875,52.392778752,41746432
638,4.823718070983887,0.0020628669625746324,0.25390625,52.392778752,41811968
639,4.710536479949951,0.0020615642497125355,0.279296875,52.392778752,41877504
640,4.7890143394470215,0.002060259513721164,0.294921875,52.392778752,41943040
641,4.98509407043457,0.002058952758363038,0.265625,52.392778752,42008576
642,4.526640892028809,0.0020576439874065004,0.2734375,52.392778752,42074112
643,4.804131507873535,0.002056333204625708,0.28125,52.392778752,42139648
644,4.624576091766357,0.002055020413800617,0.275390625,52.392778752,42205184
645,4.502894401550293,0.002053705618716977,0.310546875,52.392778752,42270720
646,4.6236724853515625,0.0020523888231663147,0.279296875,52.392778752,42336256
647,4.608278274536133,0.0020510700309459276,0.28515625,52.392778752,42401792
648,4.759700775146484,0.0020497492458588697,0.2890625,52.392778752,42467328
649,4.652979373931885,0.0020484264717139425,0.291015625,52.392778752,42532864
650,4.552649974822998,0.0020471017123256845,0.287109375,52.392778752,42598400
651,4.731203556060791,0.0020457749715143574,0.283203125,52.392778752,42663936
652,4.793137550354004,0.002044446253105937,0.283203125,52.392778752,42729472
653,4.579607963562012,0.0020431155609321023,0.32421875,52.392778752,42795008
654,4.7368483543396,0.0020417828988302253,0.275390625,52.392778752,42860544
655,4.648467540740967,0.002040448270643358,0.36328125,52.392778752,42926080
656,4.672523498535156,0.0020391116802202197,0.283203125,52.392778752,42991616
657,4.777663230895996,0.0020377731314151926,0.294921875,52.392778752,43057152
658,4.718914031982422,0.002036432628088303,0.267578125,52.392778752,43122688
659,4.825101852416992,0.0020350901741052157,0.328125,52.392778752,43188224
660,4.698191165924072,0.0020337457733372185,0.279296875,52.392778752,43253760
661,4.448128700256348,0.002032399429661215,0.265625,52.392778752,43319296
662,4.436211109161377,0.0020310511469597108,0.34765625,52.392778752,43384832
663,4.675013542175293,0.002029700929120804,0.306640625,52.392778752,43450368
664,4.755538463592529,0.0020283487800381718,0.263671875,52.392778752,43515904
665,4.6778717041015625,0.0020269947036110616,0.40234375,52.392778752,43581440
666,4.487795829772949,0.0020256387037442787,0.279296875,52.392778752,43646976
667,4.622549533843994,0.002024280784348175,0.33203125,52.392778752,43712512
668,4.583355903625488,0.002022920949338637,0.314453125,52.392778752,43778048
669,4.865217685699463,0.0020215592026370773,0.375,52.392778752,43843584
670,4.476664066314697,0.0020201955481704186,0.376953125,52.392778752,43909120
671,4.8987579345703125,0.0020188299898710876,0.302734375,52.392778752,43974656
672,4.683287620544434,0.0020174625316769996,0.365234375,52.392778752,44040192
673,4.69175910949707,0.00201609317753155,0.30859375,52.392778752,44105728
674,4.727630615234375,0.0020147219313835997,0.283203125,52.392778752,44171264
675,4.687550067901611,0.0020133487971874683,0.3515625,52.392778752,44236800
676,4.519944667816162,0.002011973778902917,0.359375,52.392778752,44302336
677,4.738912582397461,0.002010596880495143,0.359375,52.392778752,44367872
678,4.691601753234863,0.002009218105934763,0.267578125,52.392778752,44433408
679,4.715751647949219,0.0020078374591978062,0.271484375,52.392778752,44498944
680,4.378063678741455,0.0020064549442656986,0.26953125,52.392778752,44564480
681,4.807334899902344,0.0020050705651252555,0.287109375,52.392778752,44630016
682,4.542447090148926,0.0020036843257686668,0.259765625,52.392778752,44695552
683,4.782479286193848,0.002002296230193487,0.28515625,52.392778752,44761088
684,4.481492042541504,0.002000906282402623,0.2451171875,52.392778752,44826624
685,4.564141273498535,0.001999514486404325,0.25390625,52.392778752,44892160
686,4.58492374420166,0.001998120846212171,0.279296875,52.392778752,44957696
687,4.7019853591918945,0.0019967253658450573,0.2294921875,52.392778752,45023232
688,4.805184841156006,0.001995328049327187,0.296875,52.392778752,45088768
689,4.819926738739014,0.0019939289006880596,0.28125,52.392778752,45154304
690,4.719709396362305,0.0019925279239624556,0.2431640625,52.392778752,45219840
691,4.768662452697754,0.0019911251231904286,0.263671875,52.392778752,45285376
692,4.570275783538818,0.0019897205024172926,0.31640625,52.392778752,45350912
693,4.584149360656738,0.001988314065693609,0.267578125,52.392778752,45416448
694,4.842883110046387,0.001986905817075177,0.263671875,52.392778752,45481984
695,4.746257305145264,0.0019854957606230193,0.3046875,52.392778752,45547520
696,4.526359558105469,0.001984083900403374,0.2470703125,52.392778752,45613056
697,4.575761795043945,0.0019826702404876786,0.296875,52.392778752,45678592
698,4.645476818084717,0.0019812547849525617,0.25390625,52.392778752,45744128
699,5.054450035095215,0.0019798375378798313,0.259765625,52.392778752,45809664
700,4.752629280090332,0.001978418503356458,0.314453125,52.392778752,45875200
701,4.58300256729126,0.00197699768547457,0.267578125,52.392778752,45940736
702,4.634822845458984,0.0019755750883314388,0.251953125,52.392778752,46006272
703,4.909821510314941,0.0019741507160294636,0.302734375,52.392778752,46071808
704,4.4168548583984375,0.0019727245726761655,0.26171875,52.392778752,46137344
705,4.545031547546387,0.001971296662384172,0.27734375,52.392778752,46202880
706,4.555591583251953,0.0019698669892712056,0.26171875,52.392778752,46268416
707,4.6274919509887695,0.001968435557460072,0.25390625,52.392778752,46333952
708,4.266483783721924,0.0019670023710786507,0.28125,52.392778752,46399488
709,4.680153846740723,0.001965567434259878,0.2890625,52.392778752,46465024
710,4.834648132324219,0.00196413075114174,0.26171875,52.392778752,46530560
711,4.491912841796875,0.001962692325867258,0.275390625,52.392778752,46596096
712,4.527874946594238,0.0019612521625844777,0.263671875,52.392778752,46661632
713,4.680039405822754,0.001959810265446455,0.244140625,52.392778752,46727168
714,5.139641761779785,0.0019583666386112485,0.2431640625,52.392778752,46792704
715,4.575981140136719,0.0019569212862419034,0.2734375,52.392778752,46858240
716,4.805262565612793,0.0019554742125064404,0.296875,52.392778752,46923776
717,4.705140113830566,0.001954025421577845,0.326171875,52.392778752,46989312
718,4.342033386230469,0.0019525749176340535,0.298828125,52.392778752,47054848
719,4.718117713928223,0.0019511227048579437,0.326171875,52.392778752,47120384
720,4.527328968048096,0.001949668787437321,0.333984375,52.392778752,47185920
721,4.655696868896484,0.001948213169564905,0.287109375,52.392778752,47251456
722,5.100678443908691,0.0019467558554383205,0.33203125,52.392778752,47316992
723,4.6480326652526855,0.0019452968492600835,0.333984375,52.392778752,47382528
724,4.549821853637695,0.001943836155237589,0.287109375,52.392778752,47448064
725,4.657896995544434,0.0019423737775830993,0.328125,52.392778752,47513600
726,4.384477138519287,0.0019409097205137324,0.318359375,52.392778752,47579136
727,4.601837158203125,0.0019394439882514495,0.310546875,52.392778752,47644672
728,4.625279903411865,0.0019379765850230416,0.279296875,52.392778752,47710208
729,4.457808494567871,0.0019365075150601185,0.35546875,52.392778752,47775744
730,4.860497951507568,0.001935036782599098,0.26953125,52.392778752,47841280
731,4.361299991607666,0.0019335643918811903,0.349609375,52.392778752,47906816
732,4.440524101257324,0.0019320903471523878,0.29296875,52.392778752,47972352
733,4.62039852142334,0.0019306146526634539,0.31640625,52.392778752,48037888
734,4.1689863204956055,0.0019291373126699078,0.267578125,52.392778752,48103424
735,4.684146881103516,0.001927658331432015,0.296875,52.392778752,48168960
736,4.645030975341797,0.0019261777132147742,0.298828125,52.392778752,48234496
737,4.5819573402404785,0.001924695462287904,0.275390625,52.392778752,48300032
738,4.529288291931152,0.0019232115829258308,0.26171875,52.392778752,48365568
739,4.347279071807861,0.0019217260794076787,0.279296875,52.392778752,48431104
740,4.416450500488281,0.0019202389560172538,0.255859375,52.392778752,48496640
741,4.451145172119141,0.0019187502170430336,0.251953125,52.392778752,48562176
742,4.71238374710083,0.0019172598667781563,0.298828125,52.392778752,48627712
743,4.623511791229248,0.0019157679095204048,0.279296875,52.392778752,48693248
744,4.528141975402832,0.0019142743495721968,0.259765625,52.392778752,48758784
745,4.4785847663879395,0.001912779191240571,0.251953125,52.392778752,48824320
746,4.48335075378418,0.0019112824388371774,0.259765625,52.392778752,48889856
747,4.975196838378906,0.0019097840966782608,0.267578125,52.392778752,48955392
748,4.595473766326904,0.0019082841690846513,0.232421875,52.392778752,49020928
749,4.5188469886779785,0.001906782660381751,0.28515625,52.392778752,49086464
750,4.508810043334961,0.001905279574899521,0.279296875,52.392778752,49152000
751,4.7647294998168945,0.0019037749169724706,0.27734375,52.392778752,49217536
752,4.586106777191162,0.0019022686909396425,0.265625,52.392778752,49283072
753,4.528067588806152,0.001900760901144602,0.23046875,52.392778752,49348608
754,4.620155334472656,0.001899251551935423,0.26171875,52.392778752,49414144
755,4.288146018981934,0.0018977406476646777,0.265625,52.392778752,49479680
756,4.740907669067383,0.0018962281926894222,0.3046875,52.392778752,49545216
757,4.518889427185059,0.0018947141913711837,0.2578125,52.392778752,49610752
758,4.74086856842041,0.001893198648075949,0.2431640625,52.392778752,49676288
759,4.352566242218018,0.001891681567174153,0.26171875,52.392778752,49741824
760,4.577613353729248,0.0018901629530406617,0.25390625,52.392778752,49807360
761,4.190191268920898,0.001888642810054765,0.26953125,52.392778752,49872896
762,4.60546875,0.0018871211426001616,0.267578125,52.392778752,49938432
763,4.3964948654174805,0.0018855979550649446,0.294921875,52.392778752,50003968
764,4.333749771118164,0.001884073251841592,0.263671875,52.392778752,50069504
765,4.400250434875488,0.0018825470373269528,0.23828125,52.392778752,50135040
766,4.458619594573975,0.001881019315922233,0.25390625,52.392778752,50200576
767,4.472220420837402,0.0018794900920329847,0.265625,52.392778752,50266112
768,4.627130508422852,0.0018779593700690937,0.24609375,52.392778752,50331648
769,4.584905624389648,0.0018764271544447636,0.267578125,52.392778752,50397184
770,4.23797607421875,0.0018748934495785086,0.263671875,52.392778752,50462720
771,4.520694255828857,0.0018733582598931336,0.232421875,52.392778752,50528256
772,4.470661163330078,0.0018718215898157289,0.25,52.392778752,50593792
773,4.553956031799316,0.0018702834437776517,0.255859375,52.392778752,50659328
774,4.77762508392334,0.0018687438262145163,0.251953125,52.392778752,50724864
775,4.5526628494262695,0.0018672027415661799,0.263671875,52.392778752,50790400
776,4.533886909484863,0.001865660194276731,0.2578125,52.392778752,50855936
777,4.727396011352539,0.001864116188794476,0.2734375,52.392778752,50921472
778,4.4615797996521,0.0018625707295719257,0.2490234375,52.392778752,50987008
779,4.728522300720215,0.0018610238210657838,0.28515625,52.392778752,51052544
780,4.52891206741333,0.0018594754677369331,0.279296875,52.392778752,51118080
781,4.422166347503662,0.001857925674050423,0.2373046875,52.392778752,51183616
782,4.760461807250977,0.0018563744444754554,0.298828125,52.392778752,51249152
783,4.417812347412109,0.0018548217834853757,0.29296875,52.392778752,51314688
784,4.843319892883301,0.0018532676955576538,0.228515625,52.392778752,51380224
785,4.404403209686279,0.001851712185173877,0.345703125,52.392778752,51445760
786,4.353947639465332,0.001850155256819733,0.291015625,52.392778752,51511296
787,4.3618879318237305,0.0018485969149849998,0.27734375,52.392778752,51576832
788,4.410586357116699,0.0018470371641635308,0.28515625,52.392778752,51642368
789,4.5725860595703125,0.0018454760088532423,0.255859375,52.392778752,51707904
790,4.754451751708984,0.0018439134535561013,0.283203125,52.392778752,51773440
791,4.418342590332031,0.0018423495027781122,0.28515625,52.392778752,51838976
792,4.552214622497559,0.0018407841610293034,0.3203125,52.392778752,51904512
793,4.286730766296387,0.0018392174328237135,0.27734375,52.392778752,51970048
794,4.43098783493042,0.0018376493226793813,0.341796875,52.392778752,52035584
795,4.606754302978516,0.0018360798351183287,0.255859375,52.392778752,52101120
796,4.610746383666992,0.0018345089746665511,0.259765625,52.392778752,52166656
797,4.323185443878174,0.0018329367458540023,0.267578125,52.392778752,52232192
798,4.59698486328125,0.0018313631532145824,0.259765625,52.392778752,52297728
799,4.615459442138672,0.0018297882012861238,0.2890625,52.392778752,52363264
800,4.362057685852051,0.00182821189461038,0.298828125,52.392778752,52428800
801,4.802737236022949,0.00182663423773301,0.2890625,52.392778752,52494336
802,4.666357040405273,0.0018250552352035672,0.244140625,52.392778752,52559872
803,4.418291091918945,0.0018234748915754854,0.26953125,52.392778752,52625408
804,4.590089321136475,0.001821893211406065,0.283203125,52.392778752,52690944
805,4.302957534790039,0.0018203101992564615,0.275390625,52.392778752,52756480
806,4.3427228927612305,0.001818725859691671,0.30078125,52.392778752,52822016
807,4.236140727996826,0.0018171401972805186,0.2490234375,52.392778752,52887552
808,4.455548286437988,0.0018155532165956424,0.283203125,52.392778752,52953088
809,4.470643043518066,0.0018139649222134824,0.294921875,52.392778752,53018624
810,4.464571952819824,0.0018123753187142691,0.267578125,52.392778752,53084160
811,4.49769401550293,0.001810784410682006,0.2216796875,52.392778752,53149696
812,4.59212589263916,0.0018091922027044583,0.3046875,52.392778752,53215232
813,4.696964263916016,0.0018075986993731415,0.2177734375,52.392778752,53280768
814,4.339136123657227,0.001806003905283306,0.3203125,52.392778752,53346304
815,4.661300182342529,0.0018044078250339236,0.2578125,52.392778752,53411840
816,4.524422645568848,0.0018028104632276754,0.259765625,52.392778752,53477376
817,4.4139509201049805,0.0018012118244709397,0.279296875,52.392778752,53542912
818,4.691262722015381,0.0017996119133737744,0.255859375,52.392778752,53608448
819,4.528696060180664,0.0017980107345499082,0.296875,52.392778752,53673984
820,4.437804222106934,0.0017964082926167264,0.240234375,52.392778752,53739520
821,4.409795761108398,0.0017948045921952554,0.2578125,52.392778752,53805056
822,4.390478134155273,0.0017931996379101508,0.2734375,52.392778752,53870592
823,4.640425682067871,0.0017915934343896846,0.255859375,52.392778752,53936128
824,4.540927886962891,0.0017899859862657303,0.240234375,52.392778752,54001664
825,4.436192512512207,0.0017883772981737525,0.26953125,52.392778752,54067200
826,4.384016513824463,0.0017867673747527892,0.2353515625,52.392778752,54132736
827,4.362733840942383,0.0017851562206454429,0.240234375,52.392778752,54198272
828,4.465673923492432,0.0017835438404978628,0.228515625,52.392778752,54263808
829,4.4375457763671875,0.0017819302389597358,0.27734375,52.392778752,54329344
830,4.443448066711426,0.0017803154206842695,0.251953125,52.392778752,54394880
831,4.54686164855957,0.0017786993903281818,0.208984375,52.392778752,54460416
832,4.571833610534668,0.001777082152551684,0.251953125,52.392778752,54525952
833,4.262825965881348,0.0017754637120184708,0.248046875,52.392778752,54591488
834,4.468616008758545,0.001773844073395704,0.2373046875,52.392778752,54657024
835,4.398238182067871,0.0017722232413540017,0.232421875,52.392778752,54722560
836,3.8578052520751953,0.0017706012205674238,0.287109375,52.392778752,54788096
837,4.416711807250977,0.0017689780157134566,0.24609375,52.392778752,54853632
838,4.37254524230957,0.0017673536314730012,0.26171875,52.392778752,54919168
839,4.510013103485107,0.001765728072530361,0.2431640625,52.392778752,54984704
840,4.212912559509277,0.0017641013435732262,0.26171875,52.392778752,55050240
841,4.468528747558594,0.001762473449292661,0.28515625,52.392778752,55115776
842,4.421607971191406,0.0017608443943830905,0.2578125,52.392778752,55181312
843,4.483306884765625,0.0017592141835422858,0.28125,52.392778752,55246848
844,4.390937805175781,0.0017575828214713523,0.3125,52.392778752,55312384
845,4.350681304931641,0.0017559503128747142,0.26171875,52.392778752,55377920
846,4.54188346862793,0.0017543166624601045,0.265625,52.392778752,55443456
847,4.121830463409424,0.0017526818749385457,0.294921875,52.392778752,55508992
848,4.631506443023682,0.0017510459550243408,0.310546875,52.392778752,55574528
849,4.3304643630981445,0.0017494089074350588,0.3515625,52.392778752,55640064
850,4.220320224761963,0.0017477707368915212,0.30078125,52.392778752,55705600
851,4.494211196899414,0.0017461314481177852,0.287109375,52.392778752,55771136
852,4.325392246246338,0.0017444910458411346,0.314453125,52.392778752,55836672
853,4.572884559631348,0.0017428495347920653,0.294921875,52.392778752,55902208
854,4.620009422302246,0.0017412069197042677,0.267578125,52.392778752,55967744
855,4.33283805847168,0.0017395632053146183,0.2734375,52.392778752,56033280
856,4.57189416885376,0.0017379183963631625,0.2734375,52.392778752,56098816
857,4.349603652954102,0.0017362724975931033,0.271484375,52.392778752,56164352
858,4.463764190673828,0.001734625513750785,0.251953125,52.392778752,56229888
859,4.508399963378906,0.0017329774495856817,0.2431640625,52.392778752,56295424
860,4.479337692260742,0.001731328309850384,0.25390625,52.392778752,56360960
861,4.4854736328125,0.0017296780993005815,0.263671875,52.392778752,56426496
862,4.305510520935059,0.0017280268226950541,0.24609375,52.392778752,56492032
863,4.564380645751953,0.001726374484795655,0.275390625,52.392778752,56557568
864,4.221612930297852,0.0017247210903672974,0.244140625,52.392778752,56623104
865,4.040657997131348,0.0017230666441779433,0.259765625,52.392778752,56688640
866,4.060190677642822,0.0017214111509985845,0.244140625,52.392778752,56754176
867,4.206076145172119,0.0017197546156032355,0.2158203125,52.392778752,56819712
868,4.492600440979004,0.0017180970427689128,0.240234375,52.392778752,56885248
869,4.239931106567383,0.0017164384372756279,0.2490234375,52.392778752,56950784
870,4.323488235473633,0.0017147788039063685,0.22265625,52.392778752,57016320
871,4.641329765319824,0.0017131181474470856,0.228515625,52.392778752,57081856
872,4.571871757507324,0.001711456472686683,0.25,52.392778752,57147392
873,4.214410781860352,0.001709793784416998,0.2158203125,52.392778752,57212928
874,4.647033214569092,0.0017081300874327936,0.2373046875,52.392778752,57278464
875,4.891508102416992,0.00170646538653174,0.36328125,52.392778752,57344000
876,4.522439002990723,0.0017047996865144016,0.244140625,52.392778752,57409536
877,4.415250778198242,0.001703132992184227,0.21484375,52.392778752,57475072
878,4.591156005859375,0.0017014653083475282,0.28515625,52.392778752,57540608
879,4.587149143218994,0.0016997966398134736,0.228515625,52.392778752,57606144
880,4.413909912109375,0.0016981269913940707,0.267578125,52.392778752,57671680
881,4.441442489624023,0.0016964563679041519,0.21484375,52.392778752,57737216
882,4.399004936218262,0.001694784774161362,0.23828125,52.392778752,57802752
883,4.46938419342041,0.0016931122149861433,0.2373046875,52.392778752,57868288
884,4.3889594078063965,0.0016914386952017232,0.28515625,52.392778752,57933824
885,4.449070930480957,0.0016897642196340983,0.259765625,52.392778752,57999360
886,4.487405776977539,0.0016880887931120209,0.2255859375,52.392778752,58064896
887,4.336355209350586,0.0016864124204669878,0.263671875,52.392778752,58130432
888,4.2579145431518555,0.001684735106533222,0.26953125,52.392778752,58195968
889,4.47344446182251,0.0016830568561476617,0.236328125,52.392778752,58261504
890,4.730029582977295,0.0016813776741499452,0.271484375,52.392778752,58327040
891,4.544159889221191,0.0016796975653823986,0.2578125,52.392778752,58392576
892,4.437686920166016,0.0016780165346900193,0.28515625,52.392778752,58458112
893,4.685378074645996,0.0016763345869204636,0.26171875,52.392778752,58523648
894,4.201169490814209,0.0016746517269240321,0.271484375,52.392778752,58589184
895,4.305638313293457,0.0016729679595536577,0.271484375,52.392778752,58654720
896,4.574291229248047,0.0016712832896648869,0.26953125,52.392778752,58720256
897,4.562934875488281,0.0016695977221158722,0.251953125,52.392778752,58785792
898,4.4564104080200195,0.0016679112617673517,0.2353515625,52.392778752,58851328
899,3.9555583000183105,0.0016662239134826403,0.25,52.392778752,58916864
900,4.313784122467041,0.0016645356821276122,0.275390625,52.392778752,58982400
901,4.281234264373779,0.0016628465725706896,0.263671875,52.392778752,59047936
902,4.298854351043701,0.0016611565896828251,0.291015625,52.392778752,59113472
903,4.334538459777832,0.0016594657383374911,0.25390625,52.392778752,59179008
904,4.55325984954834,0.0016577740234106648,0.2412109375,52.392778752,59244544
905,4.519789695739746,0.0016560814497808124,0.25390625,52.392778752,59310080
906,4.116327285766602,0.0016543880223288772,0.23046875,52.392778752,59375616
907,4.4860734939575195,0.0016526937459382654,0.2392578125,52.392778752,59441152
908,4.420448303222656,0.00165099862549483,0.240234375,52.392778752,59506688
909,4.67685604095459,0.0016493026658868585,0.234375,52.392778752,59572224
910,4.455530166625977,0.0016476058720050577,0.2177734375,52.392778752,59637760
911,4.30149507522583,0.0016459082487425426,0.24609375,52.392778752,59703296
912,4.193085670471191,0.0016442098009948165,0.275390625,52.392778752,59768832
913,4.463742733001709,0.0016425105336597633,0.2138671875,52.392778752,59834368
914,4.205855369567871,0.0016408104516376283,0.255859375,52.392778752,59899904
915,4.445652484893799,0.0016391095598310076,0.21484375,52.392778752,59965440
916,4.601236343383789,0.0016374078631448317,0.2373046875,52.392778752,60030976
917,4.51297664642334,0.0016357053664863518,0.2734375,52.392778752,60096512
918,4.28054141998291,0.001634002074765127,0.251953125,52.392778752,60162048
919,4.312674045562744,0.0016322979928930091,0.2353515625,52.392778752,60227584
920,4.396735191345215,0.0016305931257841273,0.26171875,52.392778752,60293120
921,4.429993629455566,0.0016288874783548762,0.23828125,52.392778752,60358656
922,4.354249954223633,0.001627181055523901,0.296875,52.392778752,60424192
923,4.030271530151367,0.0016254738622120818,0.236328125,52.392778752,60489728
924,4.50930643081665,0.0016237659033425215,0.228515625,52.392778752,60555264
925,4.380669593811035,0.0016220571838405304,0.251953125,52.392778752,60620800
926,4.230825424194336,0.001620347708633612,0.23828125,52.392778752,60686336
927,4.48981237411499,0.0016186374826514492,0.236328125,52.392778752,60751872
928,4.382434844970703,0.0016169265108258901,0.2041015625,52.392778752,60817408
929,4.28286075592041,0.0016152147980909339,0.2177734375,52.392778752,60882944
930,4.204399585723877,0.0016135023493827156,0.2451171875,52.392778752,60948480
931,4.360616683959961,0.0016117891696394925,0.228515625,52.392778752,61014016
932,4.448792457580566,0.0016100752638016317,0.23828125,52.392778752,61079552
933,4.260410308837891,0.0016083606368115923,0.2314453125,52.392778752,61145088
934,4.168329238891602,0.001606645293613914,0.20703125,52.392778752,61210624
935,4.255908966064453,0.0016049292391552006,0.259765625,52.392778752,61276160
936,4.263917922973633,0.0016032124783841091,0.2109375,52.392778752,61341696
937,4.114987373352051,0.0016014950162513315,0.2109375,52.392778752,61407232
938,4.329915523529053,0.001599776857709583,0.2451171875,52.392778752,61472768
939,4.505571365356445,0.0015980580077135874,0.2294921875,52.392778752,61538304
940,4.4427337646484375,0.0015963384712200618,0.2197265625,52.392778752,61603840
941,4.471006870269775,0.0015946182531877031,0.2216796875,52.392778752,61669376
942,4.369800567626953,0.001592897358577175,0.248046875,52.392778752,61734912
943,4.2227606773376465,0.0015911757923510888,0.2275390625,52.392778752,61800448
944,4.223765850067139,0.0015894535594739975,0.2041015625,52.392778752,61865984
945,4.337362289428711,0.001587730664912372,0.25,52.392778752,61931520
946,4.2634172439575195,0.0015860071136345945,0.2265625,52.392778752,61997056
947,4.601940155029297,0.0015842829106109382,0.2373046875,52.392778752,62062592
948,4.437456130981445,0.0015825580608135586,0.251953125,52.392778752,62128128
949,4.2483415603637695,0.0015808325692164742,0.24609375,52.392778752,62193664
950,4.162829399108887,0.001579106440795555,0.25390625,52.392778752,62259200
951,4.062201499938965,0.0015773796805285086,0.259765625,52.392778752,62324736
952,3.9758100509643555,0.001575652293394863,0.224609375,52.392778752,62390272
953,4.293743133544922,0.001573924284375954,0.240234375,52.392778752,62455808
954,4.319310188293457,0.0015721956584549119,0.244140625,52.392778752,62521344
955,4.19891881942749,0.0015704664206166452,0.2275390625,52.392778752,62586880
956,4.394687175750732,0.001568736575847827,0.2333984375,52.392778752,62652416
957,4.355545997619629,0.001567006129136881,0.27734375,52.392778752,62717952
958,4.460025310516357,0.0015652750854739665,0.263671875,52.392778752,62783488
959,4.37968635559082,0.0015635434498509648,0.2353515625,52.392778752,62849024
960,4.304647922515869,0.001561811227261462,0.2470703125,52.392778752,62914560
961,4.2212958335876465,0.001560078422700741,0.236328125,52.392778752,62980096
962,4.359378814697266,0.0015583450411657594,0.25390625,52.392778752,63045632
963,4.217294692993164,0.0015566110876551393,0.2373046875,52.392778752,63111168
964,4.150611877441406,0.001554876567169154,0.23828125,52.392778752,63176704
965,4.1840739250183105,0.0015531414847097093,0.26953125,52.392778752,63242240
966,4.3528733253479,0.0015514058452803332,0.2451171875,52.392778752,63307776
967,4.3596086502075195,0.0015496696538861605,0.2451171875,52.392778752,63373312
968,4.4076642990112305,0.0015479329155339153,0.232421875,52.392778752,63438848
969,4.22154426574707,0.001546195635231902,0.2451171875,52.392778752,63504384
970,4.111505508422852,0.0015444578179899839,0.20703125,52.392778752,63569920
971,4.204248428344727,0.0015427194688195777,0.240234375,52.392778752,63635456
972,4.303497314453125,0.00154098059273363,0.22265625,52.392778752,63700992
973,4.460782527923584,0.001539241194746608,0.267578125,52.392778752,63766528
974,4.489328384399414,0.0015375012798744846,0.2119140625,52.392778752,63832064
975,4.524777412414551,0.001535760853134723,0.248046875,52.392778752,63897600
976,4.346626281738281,0.0015340199195462624,0.236328125,52.392778752,63963136
977,4.295610427856445,0.0015322784841295034,0.2451171875,52.392778752,64028672
978,4.054152965545654,0.001530536551906294,0.2236328125,52.392778752,64094208
979,4.367100715637207,0.0015287941278999148,0.25390625,52.392778752,64159744
980,4.322731018066406,0.001527051217135064,0.251953125,52.392778752,64225280
981,4.005039691925049,0.0015253078246378453,0.2578125,52.392778752,64290816
982,4.158308982849121,0.0015235639554357493,0.2578125,52.392778752,64356352
983,4.508859634399414,0.001521819614557643,0.283203125,52.392778752,64421888
984,4.290404319763184,0.0015200748070337523,0.2197265625,52.392778752,64487424
985,4.20181131362915,0.0015183295378956494,0.345703125,52.392778752,64552960
986,4.4744181632995605,0.0015165838121762385,0.2734375,52.392778752,64618496
987,4.326176643371582,0.0015148376349097385,0.2412109375,52.392778752,64684032
988,4.178105354309082,0.0015130910111316727,0.216796875,52.392778752,64749568
989,4.244072914123535,0.0015113439458788501,0.2294921875,52.392778752,64815104
990,4.331183433532715,0.0015095964441893535,0.2294921875,52.392778752,64880640
991,4.427210807800293,0.0015078485111025253,0.2353515625,52.392778752,64946176
992,4.352496147155762,0.0015061001516589508,0.2373046875,52.392778752,65011712
993,4.557496070861816,0.0015043513709004442,0.2333984375,52.392778752,65077248
994,4.410150051116943,0.0015026021738700364,0.2451171875,52.392778752,65142784
995,4.403368949890137,0.0015008525656119572,0.2490234375,52.392778752,65208320
996,4.454232692718506,0.001499102551171623,0.23828125,52.392778752,65273856
997,4.098659038543701,0.0014973521355956217,0.2353515625,52.392778752,65339392
998,4.4647698402404785,0.0014956013239316975,0.25,52.392778752,65404928
999,4.46143913269043,0.0014938501212287368,0.263671875,52.392778752,65470464
1000,4.352031707763672,0.001492098532536754,0.255859375,52.392778752,65536000
1001,4.0800886154174805,0.0014903465629068763,0.28125,52.392778752,65601536
1002,4.20872688293457,0.0014885942173913297,0.2421875,52.392778752,65667072
1003,4.2070722579956055,0.0014868415010434244,0.28515625,52.392778752,65732608
1004,4.282044410705566,0.0014850884189175392,0.22265625,52.392778752,65798144
1005,4.071026802062988,0.0014833349760691081,0.25390625,52.392778752,65863680
1006,4.141758918762207,0.0014815811775546054,0.2470703125,52.392778752,65929216
1007,4.270625114440918,0.0014798270284315307,0.2197265625,52.392778752,65994752
1008,4.035909652709961,0.0014780725337583958,0.26171875,52.392778752,66060288
1009,4.304211616516113,0.001476317698594707,0.216796875,52.392778752,66125824
1010,4.182336807250977,0.0014745625280009542,0.244140625,52.392778752,66191360
1011,4.34819221496582,0.0014728070270385945,0.2138671875,52.392778752,66256896
1012,4.35797119140625,0.0014710512007700361,0.2421875,52.392778752,66322432
1013,4.17117977142334,0.0014692950542586276,0.2138671875,52.392778752,66387968
1014,4.187326431274414,0.0014675385925686391,0.2431640625,52.392778752,66453504
1015,4.17701530456543,0.00146578182076525,0.255859375,52.392778752,66519040
1016,4.170565605163574,0.0014640247439145356,0.21875,52.392778752,66584576
1017,4.195915222167969,0.001462267367083449,0.255859375,52.392778752,66650112
1018,4.313310623168945,0.0014605096953398094,0.232421875,52.392778752,66715648
1019,4.203549861907959,0.0014587517337522854,0.23046875,52.392778752,66781184
1020,4.197053909301758,0.0014569934873903824,0.2265625,52.392778752,66846720
1021,4.109138488769531,0.0014552349613244269,0.2119140625,52.392778752,66912256
1022,4.553216934204102,0.0014534761606255517,0.2470703125,52.392778752,66977792
1023,4.3089447021484375,0.0014517170903656819,0.26171875,52.392778752,67043328
1024,4.176787376403809,0.0014499577556175197,0.203125,52.392778752,67108864
1025,4.321218490600586,0.0014481981614545294,0.205078125,52.392778752,67174400
1026,4.045271873474121,0.0014464383129509251,0.2158203125,52.392778752,67239936
1027,4.006202697753906,0.0014446782151816522,0.255859375,52.392778752,67305472
1028,4.2668633460998535,0.0014429178732223772,0.2255859375,52.392778752,67371008
1029,4.368434906005859,0.0014411572921494684,0.2197265625,52.392778752,67436544
1030,4.106706619262695,0.0014393964770399855,0.271484375,52.392778752,67502080
1031,4.652250289916992,0.0014376354329716627,0.2265625,52.392778752,67567616
1032,4.048698425292969,0.001435874165022893,0.2314453125,52.392778752,67633152
1033,3.8051557540893555,0.001434112678272718,0.251953125,52.392778752,67698688
1034,4.692427635192871,0.0014323509778008069,0.275390625,52.392778752,67764224
1035,4.112456798553467,0.0014305890686874473,0.2255859375,52.392778752,67829760
1036,4.211391448974609,0.0014288269560135283,0.251953125,52.392778752,67895296
1037,4.338929176330566,0.001427064644860525,0.2451171875,52.392778752,67960832
1038,4.1865129470825195,0.001425302140310486,0.240234375,52.392778752,68026368
1039,4.136312007904053,0.001423539447446017,0.21484375,52.392778752,68091904
1040,4.034689903259277,0.0014217765713502668,0.255859375,52.392778752,68157440
1041,4.3318634033203125,0.0014200135171069134,0.244140625,52.392778752,68222976
1042,4.056325912475586,0.0014182502898001468,0.2421875,52.392778752,68288512
1043,4.026978492736816,0.0014164868945146577,0.275390625,52.392778752,68354048
1044,4.339626312255859,0.0014147233363356203,0.267578125,52.392778752,68419584
1045,4.385056972503662,0.0014129596203486788,0.2294921875,52.392778752,68485120
1046,4.434301376342773,0.0014111957516399329,0.2197265625,52.392778752,68550656
1047,4.331070899963379,0.0014094317352959219,0.224609375,52.392778752,68616192
1048,4.502796173095703,0.0014076675764036115,0.248046875,52.392778752,68681728
1049,4.389226913452148,0.0014059032800503776,0.287109375,52.392778752,68747264
1050,4.3737335205078125,0.001404138851323994,0.26171875,52.392778752,68812800
1051,4.209758758544922,0.0014023742953126156,0.28515625,52.392778752,68878336
1052,4.104362487792969,0.0014006096171047628,0.265625,52.392778752,68943872
1053,4.085422039031982,0.0013988448217893109,0.2578125,52.392778752,69009408
1054,4.184374809265137,0.0013970799144554713,0.263671875,52.392778752,69074944
1055,4.135444641113281,0.0013953149001927785,0.2431640625,52.392778752,69140480
1056,4.0758256912231445,0.0013935497840910766,0.2451171875,52.392778752,69206016
1057,4.22122049331665,0.0013917845712405016,0.25,52.392778752,69271552
1058,4.24674129486084,0.0013900192667314697,0.2236328125,52.392778752,69337088
1059,4.2343621253967285,0.0013882538756546606,0.2412109375,52.392778752,69402624
1060,4.403339385986328,0.001386488403101005,0.20703125,52.392778752,69468160
1061,4.260341644287109,0.0013847228541616673,0.376953125,52.392778752,69533696
1062,4.189085960388184,0.0013829572339280327,0.2080078125,52.392778752,69599232
1063,3.9737720489501953,0.0013811915474916919,0.2177734375,52.392778752,69664768
1064,4.1832275390625,0.0013794257999444257,0.216796875,52.392778752,69730304
1065,4.059576988220215,0.0013776599963781927,0.2080078125,52.392778752,69795840
1066,4.156961917877197,0.0013758941418851125,0.21484375,52.392778752,69861376
1067,4.388702392578125,0.0013741282415574505,0.19921875,52.392778752,69926912
1068,4.151654243469238,0.0013723623004876055,0.1953125,52.392778752,69992448
1069,4.36358642578125,0.0013705963237680928,0.216796875,52.392778752,70057984
1070,4.3527421951293945,0.0013688303164915321,0.201171875,52.392778752,70123520
1071,3.808807849884033,0.0013670642837506296,0.2265625,52.392778752,70189056
1072,4.273024559020996,0.0013652982306381657,0.2255859375,52.392778752,70254592
1073,4.221034049987793,0.001363532162246979,0.2109375,52.392778752,70320128
1074,4.408740043640137,0.001361766083669953,0.2001953125,52.392778752,70385664
1075,4.398716926574707,0.0013599999999999999,0.22265625,52.392778752,70451200
1076,4.129378318786621,0.0013582339163300471,0.2119140625,52.392778752,70516736
1077,4.1877875328063965,0.001356467837753021,0.2265625,52.392778752,70582272
1078,3.892735719680786,0.0013547017693618345,0.224609375,52.392778752,70647808
1079,4.503687858581543,0.0013529357162493703,0.251953125,52.392778752,70713344
1080,4.180460453033447,0.001351169683508468,0.2314453125,52.392778752,70778880
1081,4.236827850341797,0.0013494036762319072,0.21875,52.392778752,70844416
1082,4.17530632019043,0.001347637699512395,0.255859375,52.392778752,70909952
1083,4.277061462402344,0.0013458717584425499,0.23046875,52.392778752,70975488
1084,4.149257183074951,0.0013441058581148877,0.2177734375,52.392778752,71041024
1085,4.396722793579102,0.001342340003621807,0.255859375,52.392778752,71106560
1086,4.215209484100342,0.0013405742000555743,0.224609375,52.392778752,71172096
1087,4.0456647872924805,0.0013388084525083083,0.224609375,52.392778752,71237632
1088,4.371847152709961,0.0013370427660719672,0.208984375,52.392778752,71303168
1089,4.360346794128418,0.0013352771458383325,0.2236328125,52.392778752,71368704
1090,4.180626392364502,0.0013335115968989948,0.2197265625,52.392778752,71434240
1091,4.03880500793457,0.0013317461243453393,0.25,52.392778752,71499776
1092,4.236037254333496,0.0013299807332685305,0.240234375,52.392778752,71565312
1093,4.1788530349731445,0.0013282154287594986,0.2431640625,52.392778752,71630848
1094,4.105954170227051,0.0013264502159089236,0.23046875,52.392778752,71696384
1095,4.316726207733154,0.0013246850998072212,0.2158203125,52.392778752,71761920
1096,4.313246726989746,0.0013229200855445287,0.2080078125,52.392778752,71827456
1097,4.211369514465332,0.0013211551782106891,0.228515625,52.392778752,71892992
1098,4.158195495605469,0.0013193903828952371,0.25390625,52.392778752,71958528
1099,4.274106025695801,0.0013176257046873848,0.2333984375,52.392778752,72024064
1100,4.30645751953125,0.0013158611486760062,0.25,52.392778752,72089600
1101,4.163464069366455,0.0013140967199496223,0.2373046875,52.392778752,72155136
1102,4.2501678466796875,0.0013123324235963891,0.2021484375,52.392778752,72220672
1103,4.118819236755371,0.0013105682647040783,0.240234375,52.392778752,72286208
1104,4.2835612297058105,0.0013088042483600675,0.2109375,52.392778752,72351744
1105,4.146270751953125,0.0013070403796513216,0.265625,52.392778752,72417280
1106,4.370218276977539,0.00130527666366438,0.2490234375,52.392778752,72482816
1107,4.543739318847656,0.0013035131054853423,0.251953125,52.392778752,72548352
1108,4.370708465576172,0.0013017497101998532,0.2080078125,52.392778752,72613888
1109,3.9888641834259033,0.0012999864828930866,0.275390625,52.392778752,72679424
1110,4.085757732391357,0.0012982234286497327,0.2255859375,52.392778752,72744960
1111,4.201148986816406,0.0012964605525539832,0.2490234375,52.392778752,72810496
1112,4.405131816864014,0.001294697859689514,0.2236328125,52.392778752,72876032
1113,4.141663074493408,0.0012929353551394752,0.2236328125,52.392778752,72941568
1114,4.364174842834473,0.001291173043986472,0.2275390625,52.392778752,73007104
1115,3.9229936599731445,0.0012894109313125528,0.25390625,52.392778752,73072640
1116,4.151650428771973,0.001287649022199193,0.2158203125,52.392778752,73138176
1117,4.315810203552246,0.0012858873217272823,0.2138671875,52.392778752,73203712
1118,4.062453746795654,0.0012841258349771067,0.2109375,52.392778752,73269248
1119,3.839101791381836,0.0012823645670283375,0.2158203125,52.392778752,73334784
1120,4.1841044425964355,0.0012806035229600144,0.220703125,52.392778752,73400320
1121,4.0952982902526855,0.0012788427078505315,0.224609375,52.392778752,73465856
1122,4.1096649169921875,0.001277082126777623,0.2119140625,52.392778752,73531392
1123,4.2235589027404785,0.0012753217848183477,0.216796875,52.392778752,73596928
1124,4.380556583404541,0.001273561687049075,0.2265625,52.392778752,73662464
1125,4.206496238708496,0.0012718018385454708,0.1982421875,52.392778752,73728000
1126,4.180418968200684,0.0012700422443824803,0.2314453125,52.392778752,73793536
1127,4.299191951751709,0.0012682829096343179,0.224609375,52.392778752,73859072
1128,4.129384994506836,0.001266523839374448,0.2041015625,52.392778752,73924608
1129,4.062590599060059,0.0012647650386755727,0.2158203125,52.392778752,73990144
1130,4.167603969573975,0.0012630065126096176,0.20703125,52.392778752,74055680
1131,4.332538604736328,0.001261248266247715,0.251953125,52.392778752,74121216
1132,4.2902326583862305,0.0012594903046601908,0.19921875,52.392778752,74186752
1133,4.196663856506348,0.0012577326329165509,0.216796875,52.392778752,74252288
1134,3.9666409492492676,0.0012559752560854641,0.2373046875,52.392778752,74317824
1135,4.310070037841797,0.00125421817923475,0.2333984375,52.392778752,74383360
1136,4.227959632873535,0.001252461407431361,0.20703125,52.392778752,74448896
1137,4.249147891998291,0.0012507049457413726,0.2197265625,52.392778752,74514432
1138,4.275385856628418,0.001248948799229964,0.2060546875,52.392778752,74579968
1139,4.144597053527832,0.0012471929729614057,0.2333984375,52.392778752,74645504
1140,4.264131546020508,0.001245437471999046,0.2197265625,52.392778752,74711040
1141,4.067375659942627,0.0012436823014052932,0.203125,52.392778752,74776576
1142,4.052181720733643,0.0012419274662416049,0.2109375,52.392778752,74842112
1143,3.9523937702178955,0.0012401729715684692,0.2421875,52.392778752,74907648
1144,4.247962951660156,0.0012384188224453948,0.20703125,52.392778752,74973184
1145,4.3162641525268555,0.0012366650239308923,0.2216796875,52.392778752,75038720
1146,3.6051371097564697,0.0012349115810824606,0.21484375,52.392778752,75104256
1147,4.200632095336914,0.0012331584989565753,0.2333984375,52.392778752,75169792
1148,4.300212860107422,0.00123140578260867,0.2197265625,52.392778752,75235328
1149,4.199767589569092,0.0012296534370931237,0.2060546875,52.392778752,75300864
1150,4.083461761474609,0.0012279014674632463,0.23046875,52.392778752,75366400
1151,4.182896614074707,0.0012261498787712632,0.2197265625,52.392778752,75431936
1152,4.0829925537109375,0.0012243986760683027,0.2060546875,52.392778752,75497472
1153,4.077029705047607,0.0012226478644043785,0.224609375,52.392778752,75563008
1154,4.010623931884766,0.0012208974488283771,0.1943359375,52.392778752,75628544
1155,4.117125511169434,0.0012191474343880432,0.208984375,52.392778752,75694080
1156,4.140573978424072,0.0012173978261299638,0.21484375,52.392778752,75759616
1157,4.011567115783691,0.001215648629099556,0.197265625,52.392778752,75825152
1158,4.330708026885986,0.0012138998483410494,0.193359375,52.392778752,75890688
1159,3.9881343841552734,0.0012121514888974744,0.1953125,52.392778752,75956224
1160,4.277283668518066,0.0012104035558106463,0.216796875,52.392778752,76021760
1161,3.9882144927978516,0.0012086560541211503,0.2080078125,52.392778752,76087296
1162,4.450804233551025,0.001206908988868328,0.21875,52.392778752,76152832
1163,4.26269006729126,0.0012051623650902617,0.2060546875,52.392778752,76218368
1164,4.076297760009766,0.001203416187823762,0.2080078125,52.392778752,76283904
1165,4.1991424560546875,0.001201670462104351,0.2236328125,52.392778752,76349440
1166,4.144891262054443,0.001199925192966248,0.216796875,52.392778752,76414976
1167,4.283440589904785,0.0011981803854423571,0.205078125,52.392778752,76480512
1168,4.112675189971924,0.0011964360445642505,0.224609375,52.392778752,76546048
1169,4.123791694641113,0.0011946921753621545,0.19921875,52.392778752,76611584
1170,4.1377177238464355,0.0011929487828649355,0.2099609375,52.392778752,76677120
1171,4.3621721267700195,0.0011912058721000852,0.203125,52.392778752,76742656
1172,4.357814788818359,0.001189463448093706,0.2275390625,52.392778752,76808192
1173,4.408025741577148,0.0011877215158704968,0.22265625,52.392778752,76873728
1174,4.210779666900635,0.0011859800804537377,0.2216796875,52.392778752,76939264
1175,4.2434892654418945,0.001184239146865277,0.2236328125,52.392778752,77004800
1176,3.864091396331787,0.0011824987201255154,0.2236328125,52.392778752,77070336
1177,4.206833839416504,0.0011807588052533925,0.2470703125,52.392778752,77135872
1178,4.240743637084961,0.0011790194072663703,0.2119140625,52.392778752,77201408
1179,4.01930046081543,0.0011772805311804225,0.203125,52.392778752,77266944
1180,4.14428186416626,0.001175542182010016,0.2060546875,52.392778752,77332480
1181,4.263431549072266,0.0011738043647680986,0.21484375,52.392778752,77398016
1182,4.218300819396973,0.0011720670844660847,0.2119140625,52.392778752,77463552
1183,4.018285751342773,0.0011703303461138397,0.201171875,52.392778752,77529088
1184,4.088913917541504,0.0011685941547196668,0.212890625,52.392778752,77594624
1185,3.9581613540649414,0.0011668585152902911,0.2236328125,52.392778752,77660160
1186,4.054862022399902,0.0011651234328308461,0.2060546875,52.392778752,77725696
1187,4.156414031982422,0.0011633889123448605,0.2158203125,52.392778752,77791232
1188,4.213953495025635,0.001161654958834241,0.2099609375,52.392778752,77856768
1189,3.9136359691619873,0.001159921577299259,0.240234375,52.392778752,77922304
1190,4.054708480834961,0.0011581887727385375,0.1953125,52.392778752,77987840
1191,4.027099609375,0.0011564565501490356,0.2333984375,52.392778752,78053376
1192,4.2183380126953125,0.0011547249145260334,0.220703125,52.392778752,78118912
1193,3.9927711486816406,0.0011529938708631188,0.2197265625,52.392778752,78184448
1194,4.1075119972229,0.001151263424152173,0.2099609375,52.392778752,78249984
1195,4.330609321594238,0.001149533579383355,0.1943359375,52.392778752,78315520
1196,4.103946685791016,0.001147804341545088,0.2451171875,52.392778752,78381056
1197,4.191405296325684,0.001146075715624046,0.1904296875,52.392778752,78446592
1198,4.109345436096191,0.001144347706605137,0.2294921875,52.392778752,78512128
1199,4.041079998016357,0.0011426203194714914,0.24609375,52.392778752,78577664
1200,4.603616714477539,0.001140893559204445,0.236328125,52.392778752,78643200
1201,4.218513488769531,0.001139167430783526,0.2294921875,52.392778752,78708736
1202,4.091120719909668,0.001137441939186442,0.23046875,52.392778752,78774272
1203,4.492084980010986,0.001135717089389062,0.2021484375,52.392778752,78839808
1204,4.006224155426025,0.001133992886365406,0.291015625,52.392778752,78905344
1205,4.047829627990723,0.001132269335087628,0.2265625,52.392778752,78970880
1206,4.152365684509277,0.0011305464405260022,0.25,52.392778752,79036416
1207,3.9456546306610107,0.0011288242076489107,0.2177734375,52.392778752,79101952
1208,4.076153755187988,0.0011271026414228255,0.2080078125,52.392778752,79167488
1209,4.012584686279297,0.0011253817468122966,0.2216796875,52.392778752,79233024
1210,3.9698407649993896,0.0011236615287799384,0.2392578125,52.392778752,79298560
1211,4.191831588745117,0.0011219419922864128,0.251953125,52.392778752,79364096
1212,3.7121036052703857,0.0011202231422904171,0.2294921875,52.392778752,79429632
1213,4.144566059112549,0.0011185049837486687,0.216796875,52.392778752,79495168
1214,4.348415374755859,0.0011167875216158913,0.2314453125,52.392778752,79560704
1215,3.963376998901367,0.0011150707608447994,0.20703125,52.392778752,79626240
1216,4.163898468017578,0.0011133547063860863,0.1953125,52.392778752,79691776
1217,3.994091272354126,0.0011116393631884077,0.2265625,52.392778752,79757312
1218,4.1748199462890625,0.0011099247361983683,0.1943359375,52.392778752,79822848
1219,3.9657692909240723,0.0011082108303605074,0.181640625,52.392778752,79888384
1220,3.9259767532348633,0.0011064976506172848,0.197265625,52.392778752,79953920
1221,4.300911903381348,0.0011047852019090666,0.1943359375,52.392778752,80019456
1222,4.223200798034668,0.0011030734891741103,0.19921875,52.392778752,80084992
1223,4.316298007965088,0.0011013625173485512,0.1982421875,52.392778752,80150528
1224,4.118330955505371,0.0010996522913663885,0.205078125,52.392778752,80216064
1225,4.293522834777832,0.00109794281615947,0.1884765625,52.392778752,80281600
1226,4.161350250244141,0.0010962340966574784,0.193359375,52.392778752,80347136
1227,4.401628494262695,0.0010945261377879182,0.2158203125,52.392778752,80412672
1228,4.102511405944824,0.0010928189444760989,0.19140625,52.392778752,80478208
1229,3.916900634765625,0.0010911125216451236,0.201171875,52.392778752,80543744
1230,4.275487899780273,0.0010894068742158729,0.1845703125,52.392778752,80609280
1231,4.102434158325195,0.001087702007106991,0.205078125,52.392778752,80674816
1232,4.164042949676514,0.0010859979252348729,0.19921875,52.392778752,80740352
1233,4.280561923980713,0.0010842946335136482,0.2236328125,52.392778752,80805888
1234,4.108771324157715,0.0010825921368551685,0.2041015625,52.392778752,80871424
1235,4.105377674102783,0.0010808904401689923,0.2001953125,52.392778752,80936960
1236,4.205122470855713,0.0010791895483623715,0.1982421875,52.392778752,81002496
1237,4.230169296264648,0.0010774894663402369,0.2060546875,52.392778752,81068032
1238,3.9798355102539062,0.0010757901990051835,0.2001953125,52.392778752,81133568
1239,4.179381847381592,0.0010740917512574578,0.20703125,52.392778752,81199104
1240,4.089694976806641,0.001072394127994942,0.1904296875,52.392778752,81264640
1241,3.9003965854644775,0.001070697334113142,0.1953125,52.392778752,81330176
1242,4.199172019958496,0.0010690013745051703,0.208984375,52.392778752,81395712
1243,4.121909141540527,0.0010673062540617346,0.189453125,52.392778752,81461248
1244,4.298662185668945,0.0010656119776711228,0.228515625,52.392778752,81526784
1245,4.291539192199707,0.0010639185502191878,0.2099609375,52.392778752,81592320
1246,4.178004264831543,0.0010622259765893352,0.203125,52.392778752,81657856
1247,4.192798614501953,0.0010605342616625088,0.2041015625,52.392778752,81723392
1248,4.209078788757324,0.0010588434103171748,0.2021484375,52.392778752,81788928
1249,3.985299587249756,0.0010571534274293104,0.2275390625,52.392778752,81854464
1250,3.8788225650787354,0.0010554643178723876,0.1953125,52.392778752,81920000
1251,4.049954891204834,0.0010537760865173599,0.2080078125,52.392778752,81985536
1252,4.0144171714782715,0.0010520887382326485,0.208984375,52.392778752,82051072
1253,3.7641825675964355,0.001050402277884128,0.22265625,52.392778752,82116608
1254,4.390732765197754,0.001048716710335113,0.197265625,52.392778752,82182144
1255,4.225011825561523,0.0010470320404463425,0.2412109375,52.392778752,82247680
1256,4.045912742614746,0.0010453482730759676,0.22265625,52.392778752,82313216
1257,4.172195911407471,0.0010436654130795368,0.203125,52.392778752,82378752
1258,3.946707010269165,0.0010419834653099809,0.224609375,52.392778752,82444288
1259,4.192461967468262,0.0010403024346176016,0.1962890625,52.392778752,82509824
1260,4.008844375610352,0.0010386223258500547,0.185546875,52.392778752,82575360
1261,4.198110580444336,0.0010369431438523387,0.26171875,52.392778752,82640896
1262,3.938567876815796,0.0010352648934667784,0.203125,52.392778752,82706432
1263,3.8643252849578857,0.0010335875795330124,0.212890625,52.392778752,82771968
1264,3.725249767303467,0.0010319112068879791,0.2041015625,52.392778752,82837504
1265,4.106925964355469,0.0010302357803659021,0.19140625,52.392778752,82903040
1266,4.161435604095459,0.0010285613047982772,0.2412109375,52.392778752,82968576
1267,3.906207323074341,0.0010268877850138566,0.2080078125,52.392778752,83034112
1268,4.181697845458984,0.001025215225838638,0.1982421875,52.392778752,83099648
1269,4.181478977203369,0.0010235436320958483,0.203125,52.392778752,83165184
1270,3.8602781295776367,0.0010218730086059293,0.2138671875,52.392778752,83230720
1271,4.072516441345215,0.0010202033601865261,0.23046875,52.392778752,83296256
1272,4.047952651977539,0.001018534691652472,0.22265625,52.392778752,83361792
1273,4.226791858673096,0.0010168670078157733,0.2001953125,52.392778752,83427328
1274,4.12558126449585,0.0010152003134855981,0.23828125,52.392778752,83492864
1275,4.1632890701293945,0.00101353461346826,0.1865234375,52.392778752,83558400
1276,4.585465431213379,0.0010118699125672064,0.2451171875,52.392778752,83623936
1277,4.192214488983154,0.001010206215583002,0.208984375,52.392778752,83689472
1278,4.104477882385254,0.0010085435273133173,0.201171875,52.392778752,83755008
1279,4.257115840911865,0.0010068818525529144,0.216796875,52.392778752,83820544
1280,4.361794471740723,0.0010052211960936317,0.2265625,52.392778752,83886080
1281,4.09793758392334,0.0010035615627243721,0.1826171875,52.392778752,83951616
1282,4.030062675476074,0.0010019029572310872,0.1845703125,52.392778752,84017152
1283,3.80431866645813,0.0010002453843967652,0.2001953125,52.392778752,84082688
1284,4.251517295837402,0.0009985888490014155,0.203125,52.392778752,84148224
1285,3.925762891769409,0.0009969333558220571,0.2021484375,52.392778752,84213760
1286,4.162243366241455,0.0009952789096327028,0.203125,52.392778752,84279296
1287,3.9430129528045654,0.0009936255152043453,0.1865234375,52.392778752,84344832
1288,4.114624977111816,0.0009919731773049458,0.203125,52.392778752,84410368
1289,4.066658973693848,0.0009903219006994186,0.2177734375,52.392778752,84475904
1290,4.094568729400635,0.000988671690149616,0.203125,52.392778752,84541440
1291,4.436023712158203,0.000987022550414318,0.18359375,52.392778752,84606976
1292,4.12272834777832,0.0009853744862492152,0.21484375,52.392778752,84672512
1293,4.122054100036621,0.000983727502406897,0.19140625,52.392778752,84738048
1294,4.020230770111084,0.0009820816036368374,0.185546875,52.392778752,84803584
1295,4.015529632568359,0.0009804367946853818,0.21875,52.392778752,84869120
1296,4.1609039306640625,0.0009787930802957325,0.1923828125,52.392778752,84934656
1297,4.026556015014648,0.000977150465207935,0.1962890625,52.392778752,85000192
1298,4.018518924713135,0.0009755089541588651,0.1875,52.392778752,85065728
1299,3.9955384731292725,0.0009738685518822152,0.20703125,52.392778752,85131264
1300,3.9889626502990723,0.0009722292631084791,0.2080078125,52.392778752,85196800
1301,4.02301025390625,0.0009705910925649411,0.1904296875,52.392778752,85262336
1302,4.125716686248779,0.0009689540449756593,0.2451171875,52.392778752,85327872
1303,4.010135173797607,0.0009673181250614549,0.201171875,52.392778752,85393408
1304,4.230377674102783,0.0009656833375398958,0.208984375,52.392778752,85458944
1305,3.9812252521514893,0.0009640496871252857,0.201171875,52.392778752,85524480
1306,4.073948860168457,0.0009624171785286482,0.1806640625,52.392778752,85590016
1307,3.8299925327301025,0.0009607858164577144,0.1962890625,52.392778752,85655552
1308,4.026311874389648,0.0009591556056169094,0.20703125,52.392778752,85721088
1309,4.214685440063477,0.0009575265507073388,0.1982421875,52.392778752,85786624
1310,3.964613914489746,0.0009558986564267735,0.1923828125,52.392778752,85852160
1311,3.75803804397583,0.000954271927469639,0.2041015625,52.392778752,85917696
1312,4.127787113189697,0.000952646368526999,0.2041015625,52.392778752,85983232
1313,3.891234874725342,0.0009510219842865438,0.2119140625,52.392778752,86048768
1314,3.856232166290283,0.0009493987794325763,0.1943359375,52.392778752,86114304
1315,4.212988376617432,0.0009477767586459978,0.2197265625,52.392778752,86179840
1316,4.159448146820068,0.000946155926604296,0.2119140625,52.392778752,86245376
1317,4.281219482421875,0.0009445362879815295,0.2041015625,52.392778752,86310912
1318,3.7923388481140137,0.000942917847448316,0.2451171875,52.392778752,86376448
1319,4.03769588470459,0.0009413006096718184,0.21484375,52.392778752,86441984
1320,4.328007698059082,0.0009396845793157302,0.19921875,52.392778752,86507520
1321,3.951200246810913,0.0009380697610402645,0.2119140625,52.392778752,86573056
1322,4.256429672241211,0.0009364561595021372,0.205078125,52.392778752,86638592
1323,3.926847457885742,0.0009348437793545575,0.21484375,52.392778752,86704128
1324,4.040444374084473,0.0009332326252472108,0.1884765625,52.392778752,86769664
1325,3.951458215713501,0.0009316227018262477,0.1962890625,52.392778752,86835200
1326,4.091811180114746,0.0009300140137342699,0.177734375,52.392778752,86900736
1327,3.985112190246582,0.0009284065656103159,0.1826171875,52.392778752,86966272
1328,4.2513508796691895,0.0009268003620898495,0.1982421875,52.392778752,87031808
1329,4.1117753982543945,0.0009251954078047448,0.2255859375,52.392778752,87097344
1330,3.9873480796813965,0.0009235917073832734,0.1962890625,52.392778752,87162880
1331,4.112216949462891,0.0009219892654500913,0.1953125,52.392778752,87228416
1332,4.056767463684082,0.000920388086626226,0.2099609375,52.392778752,87293952
1333,4.147753715515137,0.0009187881755290608,0.265625,52.392778752,87359488
1334,4.060142517089844,0.0009171895367723244,0.2236328125,52.392778752,87425024
1335,3.9553592205047607,0.0009155921749660768,0.203125,52.392778752,87490560
1336,4.0540452003479,0.0009139960947166942,0.21484375,52.392778752,87556096
1337,4.1950201988220215,0.0009124013006268583,0.197265625,52.392778752,87621632
1338,4.082359313964844,0.0009108077972955416,0.1923828125,52.392778752,87687168
1339,4.150321960449219,0.0009092155893179946,0.208984375,52.392778752,87752704
1340,4.436225891113281,0.0009076246812857311,0.2177734375,52.392778752,87818240
1341,3.957198143005371,0.0009060350777865175,0.193359375,52.392778752,87883776
1342,4.252503395080566,0.0009044467834043585,0.216796875,52.392778752,87949312
1343,4.058507442474365,0.0009028598027194819,0.2041015625,52.392778752,88014848
1344,3.8972134590148926,0.000901274140308329,0.2109375,52.392778752,88080384
1345,4.095787048339844,0.0008996898007435388,0.203125,52.392778752,88145920
1346,4.289531230926514,0.0008981067885939352,0.1904296875,52.392778752,88211456
1347,3.9471795558929443,0.0008965251084245144,0.18359375,52.392778752,88276992
1348,3.817932605743408,0.0008949447647964325,0.19921875,52.392778752,88342528
1349,4.149723052978516,0.0008933657622669896,0.1982421875,52.392778752,88408064
1350,4.01881217956543,0.0008917881053896197,0.18359375,52.392778752,88473600
1351,3.954745054244995,0.0008902117987138759,0.1875,52.392778752,88539136
1352,4.228800296783447,0.0008886368467854179,0.2158203125,52.392778752,88604672
1353,4.209564208984375,0.0008870632541459979,0.2255859375,52.392778752,88670208
1354,4.174078941345215,0.0008854910253334488,0.19140625,52.392778752,88735744
1355,4.113955974578857,0.0008839201648816713,0.22265625,52.392778752,88801280
1356,3.8093948364257812,0.0008823506773206188,0.2060546875,52.392778752,88866816
1357,4.001884460449219,0.0008807825671762863,0.1943359375,52.392778752,88932352
1358,4.32461404800415,0.0008792158389706967,0.1875,52.392778752,88997888
1359,4.080097675323486,0.000877650497221888,0.193359375,52.392778752,89063424
1360,4.0806121826171875,0.0008760865464438987,0.2060546875,52.392778752,89128960
1361,4.061985015869141,0.000874523991146758,0.2080078125,52.392778752,89194496
1362,4.1360039710998535,0.0008729628358364696,0.1982421875,52.392778752,89260032
1363,3.8850672245025635,0.0008714030850150004,0.19140625,52.392778752,89325568
1364,4.078862190246582,0.000869844743180267,0.203125,52.392778752,89391104
1365,3.9910354614257812,0.000868287814826123,0.197265625,52.392778752,89456640
1366,3.9320502281188965,0.0008667323044423465,0.1943359375,52.392778752,89522176
1367,4.008767604827881,0.0008651782165146242,0.228515625,52.392778752,89587712
1368,4.0141921043396,0.0008636255555245444,0.201171875,52.392778752,89653248
1369,3.9615378379821777,0.0008620743259495772,0.1884765625,52.392778752,89718784
1370,4.100192070007324,0.0008605245322630667,0.197265625,52.392778752,89784320
1371,4.043335914611816,0.000858976178934216,0.181640625,52.392778752,89849856
1372,4.124520301818848,0.0008574292704280743,0.1943359375,52.392778752,89915392
1373,4.056008338928223,0.0008558838112055242,0.20703125,52.392778752,89980928
1374,4.278683662414551,0.0008543398057232689,0.2138671875,52.392778752,90046464
1375,4.134206295013428,0.0008527972584338204,0.18359375,52.392778752,90112000
1376,4.1771039962768555,0.0008512561737854839,0.2060546875,52.392778752,90177536
1377,3.8237547874450684,0.0008497165562223481,0.208984375,52.392778752,90243072
1378,4.321242332458496,0.0008481784101842709,0.2197265625,52.392778752,90308608
1379,3.9661500453948975,0.0008466417401068663,0.181640625,52.392778752,90374144
1380,4.047369003295898,0.0008451065504214919,0.1865234375,52.392778752,90439680
1381,4.057215213775635,0.0008435728455552362,0.19921875,52.392778752,90505216
1382,3.5134406089782715,0.000842040629930907,0.2001953125,52.392778752,90570752
1383,3.927018880844116,0.0008405099079670154,0.193359375,52.392778752,90636288
1384,4.056461334228516,0.0008389806840777673,0.2001953125,52.392778752,90701824
1385,3.984206199645996,0.0008374529626730474,0.1845703125,52.392778752,90767360
1386,4.0471272468566895,0.0008359267481584081,0.216796875,52.392778752,90832896
1387,4.109073162078857,0.0008344020449350551,0.1845703125,52.392778752,90898432
1388,3.9211435317993164,0.0008328788573998382,0.2001953125,52.392778752,90963968
1389,3.8360815048217773,0.0008313571899452349,0.19140625,52.392778752,91029504
1390,4.086511135101318,0.0008298370469593384,0.181640625,52.392778752,91095040
1391,3.6833689212799072,0.0008283184328258472,0.193359375,52.392778752,91160576
1392,3.857283353805542,0.0008268013519240508,0.1865234375,52.392778752,91226112
1393,4.115111351013184,0.0008252858086288165,0.1875,52.392778752,91291648
1394,3.9169411659240723,0.0008237718073105778,0.17578125,52.392778752,91357184
1395,3.777207851409912,0.0008222593523353219,0.17578125,52.392778752,91422720
1396,3.8822827339172363,0.0008207484480645771,0.18359375,52.392778752,91488256
1397,3.5827503204345703,0.0008192390988553983,0.193359375,52.392778752,91553792
1398,3.859469175338745,0.0008177313090603574,0.185546875,52.392778752,91619328
1399,4.069655895233154,0.0008162250830275298,0.18359375,52.392778752,91684864
1400,4.047245502471924,0.0008147204251004792,0.173828125,52.392778752,91750400
1401,4.003154277801514,0.0008132173396182494,0.1943359375,52.392778752,91815936
1402,4.192482948303223,0.0008117158309153492,0.1865234375,52.392778752,91881472
1403,3.6947555541992188,0.0008102159033217397,0.1796875,52.392778752,91947008
1404,4.079719543457031,0.0008087175611628227,0.181640625,52.392778752,92012544
1405,4.047038555145264,0.0008072208087594289,0.19921875,52.392778752,92078080
1406,3.8192436695098877,0.0008057256504278037,0.189453125,52.392778752,92143616
1407,4.041578769683838,0.0008042320904795951,0.19140625,52.392778752,92209152
1408,3.8945987224578857,0.0008027401332218433,0.19140625,52.392778752,92274688
1409,4.032705307006836,0.0008012497829569663,0.19921875,52.392778752,92340224
1410,4.193594932556152,0.0007997610439827464,0.216796875,52.392778752,92405760
1411,3.911402940750122,0.0007982739205923212,0.19140625,52.392778752,92471296
1412,3.9258790016174316,0.0007967884170741691,0.1748046875,52.392778752,92536832
1413,4.131288528442383,0.000795304537712096,0.1884765625,52.392778752,92602368
1414,3.9899837970733643,0.0007938222867852255,0.1875,52.392778752,92667904
1415,3.9434738159179688,0.0007923416685679845,0.1923828125,52.392778752,92733440
1416,3.8776955604553223,0.0007908626873300924,0.1767578125,52.392778752,92798976
1417,4.188877105712891,0.0007893853473365463,0.1875,52.392778752,92864512
1418,4.084388256072998,0.0007879096528476121,0.2021484375,52.392778752,92930048
1419,4.06416654586792,0.0007864356081188102,0.1748046875,52.392778752,92995584
1420,4.234145164489746,0.000784963217400902,0.1875,52.392778752,93061120
1421,3.9702839851379395,0.0007834924849398813,0.1796875,52.392778752,93126656
1422,4.1679768562316895,0.0007820234149769586,0.1826171875,52.392778752,93192192
1423,4.146970748901367,0.000780556011748551,0.189453125,52.392778752,93257728
1424,4.179237365722656,0.0007790902794862678,0.169921875,52.392778752,93323264
1425,4.290374279022217,0.0007776262224169009,0.1796875,52.392778752,93388800
1426,4.071506500244141,0.0007761638447624117,0.2001953125,52.392778752,93454336
1427,3.888335943222046,0.0007747031507399165,0.1728515625,52.392778752,93519872
1428,4.034214496612549,0.0007732441445616791,0.1748046875,52.392778752,93585408
1429,3.9514873027801514,0.0007717868304350949,0.177734375,52.392778752,93650944
1430,3.7527365684509277,0.0007703312125626789,0.181640625,52.392778752,93716480
1431,4.243683815002441,0.0007688772951420559,0.189453125,52.392778752,93782016
1432,4.039668083190918,0.0007674250823659468,0.1787109375,52.392778752,93847552
1433,3.9068703651428223,0.0007659745784221553,0.16796875,52.392778752,93913088
1434,4.053279876708984,0.0007645257874935598,0.2001953125,52.392778752,93978624
1435,3.941960096359253,0.0007630787137580964,0.19140625,52.392778752,94044160
1436,3.8538732528686523,0.0007616333613887512,0.1923828125,52.392778752,94109696
1437,4.00923490524292,0.0007601897345535448,0.1796875,52.392778752,94175232
1438,3.8847126960754395,0.0007587478374155225,0.205078125,52.392778752,94240768
1439,4.311008930206299,0.000757307674132742,0.2099609375,52.392778752,94306304
1440,4.237683296203613,0.00075586924885826,0.1982421875,52.392778752,94371840
1441,4.060860633850098,0.0007544325657401218,0.19140625,52.392778752,94437376
1442,3.9390807151794434,0.0007529976289213494,0.1865234375,52.392778752,94502912
1443,3.9721078872680664,0.0007515644425399279,0.201171875,52.392778752,94568448
1444,4.083356857299805,0.0007501330107287947,0.1923828125,52.392778752,94633984
1445,4.061785697937012,0.0007487033376158281,0.1845703125,52.392778752,94699520
1446,4.031188011169434,0.0007472754273238346,0.1953125,52.392778752,94765056
1447,4.053031921386719,0.0007458492839705364,0.2001953125,52.392778752,94830592
1448,3.7468101978302,0.000744424911668561,0.18359375,52.392778752,94896128
1449,4.067502021789551,0.0007430023145254294,0.1982421875,52.392778752,94961664
1450,3.9995107650756836,0.000741581496643542,0.177734375,52.392778752,95027200
1451,3.663072347640991,0.0007401624621201688,0.1923828125,52.392778752,95092736
1452,3.8743581771850586,0.0007387452150474378,0.185546875,52.392778752,95158272
1453,3.953695297241211,0.0007373297595123213,0.1787109375,52.392778752,95223808
1454,3.9128870964050293,0.000735916099596626,0.185546875,52.392778752,95289344
1455,4.219542503356934,0.0007345042393769803,0.1865234375,52.392778752,95354880
1456,4.296970367431641,0.0007330941829248232,0.17578125,52.392778752,95420416
1457,3.7789998054504395,0.0007316859343063909,0.193359375,52.392778752,95485952
1458,3.984497547149658,0.0007302794975827072,0.20703125,52.392778752,95551488
1459,4.165843486785889,0.0007288748768095715,0.189453125,52.392778752,95617024
1460,4.004717826843262,0.0007274720760375448,0.1826171875,52.392778752,95682560
1461,3.8399741649627686,0.0007260710993119405,0.19140625,52.392778752,95748096
1462,3.922288417816162,0.0007246719506728127,0.1982421875,52.392778752,95813632
1463,3.73651123046875,0.0007232746341549432,0.201171875,52.392778752,95879168
1464,4.019782543182373,0.0007218791537878291,0.1962890625,52.392778752,95944704
1465,3.9364302158355713,0.0007204855135956747,0.1953125,52.392778752,96010240
1466,3.7615137100219727,0.0007190937175973768,0.205078125,52.392778752,96075776
1467,3.8641903400421143,0.0007177037698065132,0.193359375,52.392778752,96141312
1468,3.99823260307312,0.0007163156742313329,0.1787109375,52.392778752,96206848
1469,3.878437042236328,0.0007149294348747444,0.1767578125,52.392778752,96272384
1470,3.917919874191284,0.0007135450557343009,0.18359375,52.392778752,96337920
1471,4.070833683013916,0.0007121625408021938,0.1845703125,52.392778752,96403456
1472,4.083260536193848,0.0007107818940652371,0.1806640625,52.392778752,96468992
1473,4.047702312469482,0.0007094031195048573,0.1728515625,52.392778752,96534528
1474,3.935079336166382,0.000708026221097083,0.19140625,52.392778752,96600064
1475,4.011716842651367,0.0007066512028125319,0.1875,52.392778752,96665600
1476,3.848301887512207,0.0007052780686164004,0.16796875,52.392778752,96731136
1477,3.92232608795166,0.0007039068224684502,0.1787109375,52.392778752,96796672
1478,4.060253143310547,0.0007025374683230002,0.1826171875,52.392778752,96862208
1479,4.125504493713379,0.0007011700101289127,0.1787109375,52.392778752,96927744
1480,4.174130439758301,0.0006998044518295815,0.19140625,52.392778752,96993280
1481,4.3437652587890625,0.0006984407973629229,0.19140625,52.392778752,97058816
1482,4.079535007476807,0.0006970790506613626,0.177734375,52.392778752,97124352
1483,3.852008819580078,0.0006957192156518254,0.177734375,52.392778752,97189888
1484,4.062260627746582,0.0006943612962557212,0.1845703125,52.392778752,97255424
1485,3.897914409637451,0.0006930052963889384,0.1875,52.392778752,97320960
1486,3.925847291946411,0.0006916512199618286,0.1904296875,52.392778752,97386496
1487,3.8618602752685547,0.0006902990708791962,0.1845703125,52.392778752,97452032
1488,4.11805534362793,0.000688948853040289,0.1767578125,52.392778752,97517568
1489,3.8659040927886963,0.0006876005703387851,0.1796875,52.392778752,97583104
1490,3.9766929149627686,0.0006862542266627817,0.1962890625,52.392778752,97648640
1491,4.029423713684082,0.0006849098258947843,0.1826171875,52.392778752,97714176
1492,4.076286792755127,0.0006835673719116966,0.1767578125,52.392778752,97779712
1493,3.753105640411377,0.0006822268685848073,0.1884765625,52.392778752,97845248
1494,3.964825391769409,0.0006808883197797802,0.19140625,52.392778752,97910784
1495,3.803180694580078,0.0006795517293566423,0.1669921875,52.392778752,97976320
1496,4.166886329650879,0.0006782171011697745,0.1884765625,52.392778752,98041856
1497,4.227972507476807,0.0006768844390678975,0.1875,52.392778752,98107392
1498,3.659684658050537,0.0006755537468940633,0.1826171875,52.392778752,98172928
1499,3.9510929584503174,0.0006742250284856427,0.197265625,52.392778752,98238464
1500,3.7318246364593506,0.0006728982876743156,0.203125,52.392778752,98304000
1501,4.05666446685791,0.000671573528286057,0.17578125,52.392778752,98369536
1502,3.840775489807129,0.0006702507541411302,0.18359375,52.392778752,98435072
1503,4.027382850646973,0.0006689299690540727,0.1845703125,52.392778752,98500608
1504,4.094304084777832,0.0006676111768336854,0.1796875,52.392778752,98566144
1505,3.8044939041137695,0.0006662943812830232,0.1796875,52.392778752,98631680
1506,3.9954311847686768,0.0006649795861993831,0.1865234375,52.392778752,98697216
1507,4.13592529296875,0.0006636667953742926,0.1904296875,52.392778752,98762752
1508,3.8874258995056152,0.0006623560125934993,0.1884765625,52.392778752,98828288
1509,4.1303534507751465,0.0006610472416369623,0.19140625,52.392778752,98893824
1510,3.7661774158477783,0.000659740486278836,0.1767578125,52.392778752,98959360
1511,3.9981203079223633,0.0006584357502874644,0.1796875,52.392778752,99024896
1512,3.8829941749572754,0.0006571330374253673,0.1884765625,52.392778752,99090432
1513,3.895876884460449,0.0006558323514492313,0.181640625,52.392778752,99155968
1514,4.104308605194092,0.0006545336961098965,0.1875,52.392778752,99221504
1515,3.7506296634674072,0.0006532370751523481,0.193359375,52.392778752,99287040
1516,4.130237579345703,0.0006519424923157052,0.19140625,52.392778752,99352576
1517,3.8836660385131836,0.0006506499513332078,0.1904296875,52.392778752,99418112
1518,3.787137508392334,0.0006493594559322093,0.1767578125,52.392778752,99483648
1519,4.02828311920166,0.0006480710098341637,0.19140625,52.392778752,99549184
1520,3.8367981910705566,0.0006467846167546154,0.171875,52.392778752,99614720
1521,3.89858078956604,0.0006455002804031878,0.1865234375,52.392778752,99680256
1522,4.037971496582031,0.0006442180044835737,0.1875,52.392778752,99745792
1523,4.018521308898926,0.0006429377926935246,0.185546875,52.392778752,99811328
1524,3.9013142585754395,0.0006416596487248388,0.181640625,52.392778752,99876864
1525,3.984225034713745,0.000640383576263352,0.1875,52.392778752,99942400
1526,3.781015157699585,0.0006391095789889263,0.181640625,52.392778752,100007936
1527,3.814676284790039,0.0006378376605754393,0.177734375,52.392778752,100073472
1528,3.7694201469421387,0.0006365678246907728,0.1953125,52.392778752,100139008
1529,3.921419382095337,0.0006353000749968055,0.1845703125,52.392778752,100204544
1530,3.7272377014160156,0.0006340344151493977,0.1826171875,52.392778752,100270080
1531,4.1270060539245605,0.000632770848798384,0.19140625,52.392778752,100335616
1532,3.7468137741088867,0.000631509379587562,0.1787109375,52.392778752,100401152
1533,3.9355783462524414,0.0006302500111546823,0.1689453125,52.392778752,100466688
1534,4.076493263244629,0.0006289927471314357,0.1845703125,52.392778752,100532224
1535,3.88541316986084,0.0006277375911434459,0.1669921875,52.392778752,100597760
1536,3.810135841369629,0.0006264845468102573,0.1728515625,52.392778752,100663296
1537,4.099638938903809,0.0006252336177453243,0.185546875,52.392778752,100728832
1538,3.7559025287628174,0.000623984807556002,0.2138671875,52.392778752,100794368
1539,4.021363735198975,0.0006227381198435347,0.1787109375,52.392778752,100859904
1540,3.952380418777466,0.0006214935582030469,0.1845703125,52.392778752,100925440
1541,3.9638612270355225,0.0006202511262235309,0.193359375,52.392778752,100990976
1542,4.104018211364746,0.000619010827487838,0.173828125,52.392778752,101056512
1543,3.9231479167938232,0.0006177726655726691,0.181640625,52.392778752,101122048
1544,3.878760814666748,0.0006165366440485606,0.1669921875,52.392778752,101187584
1545,4.0087480545043945,0.0006153027664798783,0.1923828125,52.392778752,101253120
1546,4.022829532623291,0.0006140710364248053,0.1923828125,52.392778752,101318656
1547,4.147446632385254,0.0006128414574353317,0.185546875,52.392778752,101384192
1548,3.8710432052612305,0.0006116140330572432,0.1689453125,52.392778752,101449728
1549,3.825934886932373,0.0006103887668301144,0.1748046875,52.392778752,101515264
1550,3.7161872386932373,0.0006091656622872946,0.2060546875,52.392778752,101580800
1551,3.942074775695801,0.0006079447229559001,0.177734375,52.392778752,101646336
1552,3.585336208343506,0.0006067259523568032,0.1875,52.392778752,101711872
1553,4.037074089050293,0.0006055093540046223,0.1708984375,52.392778752,101777408
1554,3.9350643157958984,0.0006042949314077111,0.17578125,52.392778752,101842944
1555,4.052296161651611,0.000603082688068149,0.1767578125,52.392778752,101908480
1556,4.134819030761719,0.0006018726274817323,0.1982421875,52.392778752,101974016
1557,3.9669458866119385,0.0006006647531379605,0.193359375,52.392778752,102039552
1558,3.9307916164398193,0.0005994590685200306,0.193359375,52.392778752,102105088
1559,3.7184646129608154,0.0005982555771048241,0.1826171875,52.392778752,102170624
1560,4.279376983642578,0.0005970542823628982,0.1826171875,52.392778752,102236160
1561,3.9077141284942627,0.0005958551877584747,0.1826171875,52.392778752,102301696
1562,4.093387126922607,0.0005946582967494317,0.177734375,52.392778752,102367232
1563,4.073507308959961,0.0005934636127872925,0.18359375,52.392778752,102432768
1564,4.0827741622924805,0.0005922711393172153,0.1865234375,52.392778752,102498304
1565,3.958923816680908,0.0005910808797779843,0.173828125,52.392778752,102563840
1566,3.7186362743377686,0.0005898928376019993,0.1708984375,52.392778752,102629376
1567,4.167876243591309,0.0005887070162152658,0.18359375,52.392778752,102694912
1568,4.300607681274414,0.0005875234190373845,0.1796875,52.392778752,102760448
1569,4.0761518478393555,0.0005863420494815431,0.177734375,52.392778752,102825984
1570,3.634716510772705,0.0005851629109545052,0.177734375,52.392778752,102891520
1571,3.9786407947540283,0.0005839860068565995,0.193359375,52.392778752,102957056
1572,3.8892438411712646,0.0005828113405817125,0.193359375,52.392778752,103022592
1573,3.968538761138916,0.0005816389155172773,0.18359375,52.392778752,103088128
1574,3.8416709899902344,0.000580468735044263,0.18359375,52.392778752,103153664
1575,3.933826446533203,0.0005793008025371666,0.177734375,52.392778752,103219200
1576,3.9482460021972656,0.0005781351213640031,0.171875,52.392778752,103284736
1577,4.085092067718506,0.0005769716948862936,0.185546875,52.392778752,103350272
1578,3.708502769470215,0.0005758105264590586,0.166015625,52.392778752,103415808
1579,3.996102809906006,0.0005746516194308068,0.1826171875,52.392778752,103481344
1580,3.860624074935913,0.0005734949771435254,0.171875,52.392778752,103546880
1581,3.9656929969787598,0.0005723406029326702,0.1708984375,52.392778752,103612416
1582,4.120710849761963,0.0005711885001271573,0.177734375,52.392778752,103677952
1583,3.9890732765197754,0.0005700386720493523,0.1728515625,52.392778752,103743488
1584,3.9965314865112305,0.0005688911220150608,0.17578125,52.392778752,103809024
1585,4.019104957580566,0.0005677458533335193,0.177734375,52.392778752,103874560
1586,3.9116506576538086,0.000566602869307386,0.1767578125,52.392778752,103940096
1587,4.040360450744629,0.0005654621732327302,0.169921875,52.392778752,104005632
1588,3.867251396179199,0.0005643237683990227,0.173828125,52.392778752,104071168
1589,4.0923261642456055,0.0005631876580891285,0.15625,52.392778752,104136704
1590,3.983711004257202,0.0005620538455792949,0.171875,52.392778752,104202240
1591,4.069051265716553,0.0005609223341391425,0.1865234375,52.392778752,104267776
1592,3.335386276245117,0.0005597931270316572,0.19140625,52.392778752,104333312
1593,4.208987236022949,0.0005586662275131793,0.1787109375,52.392778752,104398848
1594,3.9764363765716553,0.0005575416388333943,0.17578125,52.392778752,104464384
1595,3.8948092460632324,0.0005564193642353242,0.193359375,52.392778752,104529920
1596,3.8452491760253906,0.0005552994069553182,0.1884765625,52.392778752,104595456
1597,4.109291076660156,0.0005541817702230423,0.1748046875,52.392778752,104660992
1598,3.776033878326416,0.0005530664572614706,0.1923828125,52.392778752,104726528
1599,3.875710964202881,0.0005519534712868765,0.1689453125,52.392778752,104792064
1600,3.9246010780334473,0.0005508428155088232,0.1806640625,52.392778752,104857600
1601,3.7498645782470703,0.000549734493130153,0.1787109375,52.392778752,104923136
1602,4.152009963989258,0.0005486285073469805,0.177734375,52.392778752,104988672
1603,4.052229881286621,0.0005475248613486818,0.169921875,52.392778752,105054208
1604,4.020595073699951,0.0005464235583178858,0.1650390625,52.392778752,105119744
1605,3.981813907623291,0.0005453246014304644,0.1708984375,52.392778752,105185280
1606,3.9055895805358887,0.000544227993855524,0.1923828125,52.392778752,105250816
1607,3.6712827682495117,0.0005431337387553969,0.171875,52.392778752,105316352
1608,4.039108753204346,0.00054204183928563,0.1748046875,52.392778752,105381888
1609,4.206537246704102,0.0005409522985949787,0.1630859375,52.392778752,105447424
1610,3.842538356781006,0.0005398651198253961,0.1787109375,52.392778752,105512960
1611,3.924445152282715,0.0005387803061120229,0.1806640625,52.392778752,105578496
1612,3.968482494354248,0.0005376978605831807,0.1640625,52.392778752,105644032
1613,3.9278368949890137,0.0005366177863603618,0.18359375,52.392778752,105709568
1614,3.668001890182495,0.0005355400865582194,0.1728515625,52.392778752,105775104
1615,4.149535179138184,0.0005344647642845606,0.1748046875,52.392778752,105840640
1616,3.757232427597046,0.0005333918226403357,0.1650390625,52.392778752,105906176
1617,3.7627768516540527,0.0005323212647196303,0.1640625,52.392778752,105971712
1618,3.876765727996826,0.0005312530936096554,0.1728515625,52.392778752,106037248
1619,3.906888961791992,0.0005301873123907393,0.181640625,52.392778752,106102784
1620,3.9471993446350098,0.0005291239241363187,0.1650390625,52.392778752,106168320
1621,3.7606053352355957,0.0005280629319129292,0.177734375,52.392778752,106233856
1622,4.0634565353393555,0.0005270043387801973,0.1748046875,52.392778752,106299392
1623,3.921168565750122,0.0005259481477908309,0.1708984375,52.392778752,106364928
1624,3.659939765930176,0.000524894361990611,0.1591796875,52.392778752,106430464
1625,3.9803261756896973,0.0005238429844183819,0.1689453125,52.392778752,106496000
1626,3.9916563034057617,0.0005227940181060443,0.1767578125,52.392778752,106561536
1627,3.864668130874634,0.0005217474660785446,0.17578125,52.392778752,106627072
1628,3.920109272003174,0.0005207033313538669,0.1689453125,52.392778752,106692608
1629,3.8258721828460693,0.0005196616169430256,0.1826171875,52.392778752,106758144
1630,4.063660144805908,0.0005186223258500548,0.1806640625,52.392778752,106823680
1631,3.993152618408203,0.0005175854610719997,0.1689453125,52.392778752,106889216
1632,4.226452827453613,0.0005165510255989097,0.185546875,52.392778752,106954752
1633,4.0624237060546875,0.0005155190224138286,0.1845703125,52.392778752,107020288
1634,4.104643821716309,0.0005144894544927852,0.2060546875,52.392778752,107085824
1635,3.9204580783843994,0.0005134623248047866,0.1640625,52.392778752,107151360
1636,3.76059889793396,0.0005124376363118082,0.17578125,52.392778752,107216896
1637,3.739044666290283,0.0005114153919687862,0.16796875,52.392778752,107282432
1638,3.874913454055786,0.0005103955947236075,0.1787109375,52.392778752,107347968
1639,3.981929302215576,0.0005093782475171028,0.1826171875,52.392778752,107413504
1640,3.8469085693359375,0.0005083633532830382,0.1845703125,52.392778752,107479040
1641,3.9374709129333496,0.0005073509149481045,0.1689453125,52.392778752,107544576
1642,3.9509263038635254,0.0005063409354319115,0.1796875,52.392778752,107610112
1643,4.020485877990723,0.0005053334176469782,0.181640625,52.392778752,107675648
1644,3.8919968605041504,0.0005043283644987245,0.16015625,52.392778752,107741184
1645,3.9740519523620605,0.0005033257788854626,0.1904296875,52.392778752,107806720
1646,3.8000123500823975,0.0005023256636983895,0.1767578125,52.392778752,107872256
1647,4.1193461418151855,0.0005013280218215782,0.185546875,52.392778752,107937792
1648,4.035581588745117,0.0005003328561319685,0.166015625,52.392778752,108003328
1649,3.9000728130340576,0.00049934016949936,0.1728515625,52.392778752,108068864
1650,3.8910841941833496,0.0004983499647864042,0.27734375,52.392778752,108134400
1651,3.5928187370300293,0.0004973622448485939,0.169921875,52.392778752,108199936
1652,3.6910929679870605,0.0004963770125342574,0.1728515625,52.392778752,108265472
1653,3.9619696140289307,0.0004953942706845491,0.166015625,52.392778752,108331008
1654,4.001249313354492,0.0004944140221334412,0.197265625,52.392778752,108396544
1655,4.216419219970703,0.0004934362697077163,0.1884765625,52.392778752,108462080
1656,3.92121958732605,0.000492461016226959,0.1923828125,52.392778752,108527616
1657,4.078972816467285,0.0004914882645035474,0.185546875,52.392778752,108593152
1658,3.8043088912963867,0.0004905180173426444,0.166015625,52.392778752,108658688
1659,3.9656906127929688,0.0004895502775421915,0.173828125,52.392778752,108724224
1660,4.0123138427734375,0.0004885850478928998,0.1728515625,52.392778752,108789760
1661,3.754946708679199,0.00048762233117824,0.17578125,52.392778752,108855296
1662,3.897050380706787,0.00048666213017443797,0.1669921875,52.392778752,108920832
1663,4.179348945617676,0.00048570444765046433,0.171875,52.392778752,108986368
1664,3.8249642848968506,0.00048474928636802703,0.1845703125,52.392778752,109051904
1665,4.164768218994141,0.0004837966490815631,0.16015625,52.392778752,109117440
1666,4.120616436004639,0.00048284653853823136,0.1748046875,52.392778752,109182976
1667,3.8692522048950195,0.0004818989574779046,0.1708984375,52.392778752,109248512
1668,4.071507453918457,0.00048095390863316003,0.1728515625,52.392778752,109314048
1669,3.7730860710144043,0.00048001139472927343,0.16015625,52.392778752,109379584
1670,3.8904190063476562,0.0004790714184842112,0.1787109375,52.392778752,109445120
1671,3.7200422286987305,0.00047813398260862006,0.19921875,52.392778752,109510656
1672,4.112522125244141,0.00047719908980582216,0.17578125,52.392778752,109576192
1673,3.966114044189453,0.0004762667427718057,0.1826171875,52.392778752,109641728
1674,4.227882385253906,0.000475336944195218,0.1865234375,52.392778752,109707264
1675,3.764103412628174,0.00047440969675735626,0.1650390625,52.392778752,109772800
1676,4.160032272338867,0.000473485003132162,0.181640625,52.392778752,109838336
1677,4.096933364868164,0.0004725628659862118,0.1767578125,52.392778752,109903872
1678,3.711822509765625,0.00047164328797870945,0.166015625,52.392778752,109969408
1679,3.883265972137451,0.0004707262717614798,0.189453125,52.392778752,110034944
1680,3.7671072483062744,0.00046981181997895956,0.1796875,52.392778752,110100480
1681,3.920182466506958,0.0004688999352681902,0.18359375,52.392778752,110166016
1682,3.8614134788513184,0.00046799062025881084,0.169921875,52.392778752,110231552
1683,3.9910807609558105,0.00046708387757305,0.1650390625,52.392778752,110297088
1684,3.7807414531707764,0.00046617970982571865,0.171875,52.392778752,110362624
1685,3.7423195838928223,0.00046527811962420135,0.1728515625,52.392778752,110428160
1686,3.926405429840088,0.0004643791095684507,0.189453125,52.392778752,110493696
1687,3.8606667518615723,0.00046348268225097867,0.1904296875,52.392778752,110559232
1688,4.085585594177246,0.0004625888402568485,0.1669921875,52.392778752,110624768
1689,3.909942150115967,0.00046169758616366877,0.1708984375,52.392778752,110690304
1690,3.898402452468872,0.00046080892254158555,0.166015625,52.392778752,110755840
1691,3.953077793121338,0.00045992285195327375,0.173828125,52.392778752,110821376
1692,3.9581422805786133,0.0004590393769539309,0.18359375,52.392778752,110886912
1693,3.5468225479125977,0.0004581585000912699,0.17578125,52.392778752,110952448
1694,3.9234201908111572,0.0004572802239055113,0.177734375,52.392778752,111017984
1695,3.587451457977295,0.00045640455092937524,0.1650390625,52.392778752,111083520
1696,3.698946714401245,0.00045553148368807566,0.1767578125,52.392778752,111149056
1697,3.449707508087158,0.00045466102469931234,0.1728515625,52.392778752,111214592
1698,4.106848239898682,0.00045379317647326235,0.1787109375,52.392778752,111280128
1699,3.9300577640533447,0.0004529279415125753,0.1748046875,52.392778752,111345664
1700,3.594578266143799,0.0004520653223123644,0.1767578125,52.392778752,111411200
1701,3.7716007232666016,0.0004512053213601995,0.173828125,52.392778752,111476736
1702,3.9968433380126953,0.00045034794113610007,0.1708984375,52.392778752,111542272
1703,4.0718913078308105,0.0004494931841125283,0.1669921875,52.392778752,111607808
1704,3.9913902282714844,0.00044864105275438214,0.17578125,52.392778752,111673344
1705,4.220249652862549,0.0004477915495189866,0.17578125,52.392778752,111738880
1706,4.001518249511719,0.0004469446768560888,0.1669921875,52.392778752,111804416
1707,3.8809614181518555,0.00044610043720785017,0.1748046875,52.392778752,111869952
1708,3.862616539001465,0.0004452588330088387,0.171875,52.392778752,111935488
1709,3.7003839015960693,0.00044441986668602193,0.169921875,52.392778752,112001024
1710,3.8020105361938477,0.0004435835406587621,0.1640625,52.392778752,112066560
1711,3.9742705821990967,0.00044274985733880573,0.1650390625,52.392778752,112132096
1712,3.961588144302368,0.00044191881913027925,0.1640625,52.392778752,112197632
1713,3.6299123764038086,0.0004410904284296815,0.1650390625,52.392778752,112263168
1714,3.642024517059326,0.0004402646876258765,0.1689453125,52.392778752,112328704
1715,4.021019458770752,0.000439441599100086,0.166015625,52.392778752,112394240
1716,3.7419207096099854,0.0004386211652258839,0.17578125,52.392778752,112459776
1717,3.8649561405181885,0.0004378033883691891,0.1689453125,52.392778752,112525312
1718,3.9003450870513916,0.0004369882708882572,0.1708984375,52.392778752,112590848
1719,3.7691779136657715,0.00043617581513367585,0.1767578125,52.392778752,112656384
1720,3.696584701538086,0.00043536602344835667,0.1689453125,52.392778752,112721920
1721,3.7120041847229004,0.0004345588981675289,0.1826171875,52.392778752,112787456
1722,3.85233473777771,0.0004337544416187321,0.18359375,52.392778752,112852992
1723,3.9701550006866455,0.00043295265612181054,0.162109375,52.392778752,112918528
1724,3.7730133533477783,0.0004321535439889055,0.1953125,52.392778752,112984064
1725,3.9815516471862793,0.0004313571075244489,0.16796875,52.392778752,113049600
1726,3.750506639480591,0.0004305633490251569,0.17578125,52.392778752,113115136
1727,3.9531450271606445,0.0004297722707800232,0.18359375,52.392778752,113180672
1728,3.997532367706299,0.0004289838750703124,0.1865234375,52.392778752,113246208
1729,3.7736287117004395,0.00042819816416955243,0.1669921875,52.392778752,113311744
1730,3.9333221912384033,0.0004274151403435307,0.1845703125,52.392778752,113377280
1731,3.9022724628448486,0.00042663480585028386,0.181640625,52.392778752,113442816
1732,3.8538320064544678,0.00042585716294009455,0.1708984375,52.392778752,113508352
1733,3.758838176727295,0.00042508221385548326,0.1708984375,52.392778752,113573888
1734,3.7997312545776367,0.00042430996083120203,0.1630859375,52.392778752,113639424
1735,3.8038530349731445,0.00042354040609422804,0.16796875,52.392778752,113704960
1736,3.9402246475219727,0.00042277355186375753,0.1982421875,52.392778752,113770496
1737,3.665567636489868,0.00042200940035119945,0.1669921875,52.392778752,113836032
1738,3.8742072582244873,0.00042124795376016804,0.1640625,52.392778752,113901568
1739,3.9329183101654053,0.00042048921428647785,0.166015625,52.392778752,113967104
1740,3.8596549034118652,0.0004197331841181368,0.1640625,52.392778752,114032640
1741,3.980908155441284,0.0004189798654353399,0.166015625,52.392778752,114098176
1742,3.977344036102295,0.00041822926041046223,0.1611328125,52.392778752,114163712
1743,3.875384569168091,0.0004174813712080545,0.1728515625,52.392778752,114229248
1744,3.7036242485046387,0.00041673619998483497,0.1748046875,52.392778752,114294784
1745,3.7823996543884277,0.00041599374888968385,0.1943359375,52.392778752,114360320
1746,3.750124931335449,0.00041525402006363765,0.162109375,52.392778752,114425856
1747,3.7990071773529053,0.00041451701563988244,0.1669921875,52.392778752,114491392
1748,3.702641010284424,0.00041378273774374794,0.1806640625,52.392778752,114556928
1749,3.8028998374938965,0.00041305118849270034,0.1728515625,52.392778752,114622464
1750,4.120175838470459,0.00041232236999633876,0.1806640625,52.392778752,114688000
1751,3.9964311122894287,0.0004115962843563865,0.1865234375,52.392778752,114753536
1752,3.76655650138855,0.00041087293366668564,0.16796875,52.392778752,114819072
1753,3.912498950958252,0.0004101523200131923,0.173828125,52.392778752,114884608
1754,3.674724578857422,0.00040943444547396937,0.1748046875,52.392778752,114950144
1755,3.8399498462677,0.0004087193121191804,0.1689453125,52.392778752,115015680
1756,4.025351047515869,0.00040800692201108476,0.1748046875,52.392778752,115081216
1757,3.9936439990997314,0.00040729727720403066,0.1708984375,52.392778752,115146752
1758,3.940243721008301,0.00040659037974444945,0.162109375,52.392778752,115212288
1759,4.225406646728516,0.00040588623167085003,0.1708984375,52.392778752,115277824
1760,3.8222389221191406,0.0004051848350138126,0.1865234375,52.392778752,115343360
1761,3.9344000816345215,0.00040448619179598384,0.1806640625,52.392778752,115408896
1762,3.8567888736724854,0.0004037903040320686,0.1748046875,52.392778752,115474432
1763,4.00168514251709,0.0004030971737288272,0.169921875,52.392778752,115539968
1764,3.5754361152648926,0.00040240680288506763,0.16796875,52.392778752,115605504
1765,3.610121726989746,0.0004017191934916399,0.1591796875,52.392778752,115671040
1766,3.8336520195007324,0.0004010343475314314,0.1787109375,52.392778752,115736576
1767,3.9064416885375977,0.0004003522669793601,0.1748046875,52.392778752,115802112
1768,3.8312149047851562,0.00039967295380236956,0.162109375,52.392778752,115867648
1769,3.95512318611145,0.0003989964099594222,0.1884765625,52.392778752,115933184
1770,3.7495834827423096,0.0003983226374014953,0.1689453125,52.392778752,115998720
1771,3.8062727451324463,0.0003976516380715745,0.171875,52.392778752,116064256
1772,4.009730815887451,0.00039698341390464694,0.177734375,52.392778752,116129792
1773,3.742094039916992,0.0003963179668276983,0.1669921875,52.392778752,116195328
1774,3.7257025241851807,0.0003956552987597053,0.1708984375,52.392778752,116260864
1775,3.9383301734924316,0.0003949954116116303,0.177734375,52.392778752,116326400
1776,3.745899200439453,0.0003943383072864171,0.1982421875,52.392778752,116391936
1777,3.7835097312927246,0.00039368398767898377,0.173828125,52.392778752,116457472
1778,3.5523486137390137,0.0003930324546762186,0.166015625,52.392778752,116523008
1779,4.304720401763916,0.00039238371015697343,0.212890625,52.392778752,116588544
1780,3.964416980743408,0.00039173775599205923,0.1767578125,52.392778752,116654080
1781,3.9297873973846436,0.0003910945940442405,0.1669921875,52.392778752,116719616
1782,3.8096024990081787,0.0003904542261682288,0.171875,52.392778752,116785152
1783,3.641829013824463,0.00038981665421067947,0.1689453125,52.392778752,116850688
1784,3.977630615234375,0.00038918188001018446,0.171875,52.392778752,116916224
1785,3.83259916305542,0.00038854990539726787,0.16796875,52.392778752,116981760
1786,3.7874975204467773,0.0003879207321943805,0.1845703125,52.392778752,117047296
1787,4.110063552856445,0.0003872943622158947,0.1728515625,52.392778752,117112832
1788,3.856215715408325,0.00038667079726809896,0.173828125,52.392778752,117178368
1789,3.7117693424224854,0.0003860500391491925,0.1630859375,52.392778752,117243904
1790,3.7926101684570312,0.00038543208964928095,0.16796875,52.392778752,117309440
1791,3.9902265071868896,0.0003848169505503707,0.158203125,52.392778752,117374976
1792,3.616323232650757,0.0003842046236263627,0.171875,52.392778752,117440512
1793,3.8552258014678955,0.00038359511064304917,0.169921875,52.392778752,117506048
1794,4.010854721069336,0.00038298841335810763,0.1748046875,52.392778752,117571584
1795,3.8551459312438965,0.0003823845335210953,0.166015625,52.392778752,117637120
1796,3.9850378036499023,0.00038178347287344495,0.171875,52.392778752,117702656
1797,3.6834049224853516,0.0003811852331484597,0.1826171875,52.392778752,117768192
1798,3.880687713623047,0.000380589816071308,0.1591796875,52.392778752,117833728
1799,3.7552762031555176,0.0003799972233590176,0.1650390625,52.392778752,117899264
1800,3.6287965774536133,0.00037940745672047243,0.1650390625,52.392778752,117964800
1801,3.772768974304199,0.0003788205178564067,0.166015625,52.392778752,118030336
1802,3.817683696746826,0.00037823640845939934,0.1689453125,52.392778752,118095872
1803,3.9829530715942383,0.00037765513021387073,0.1689453125,52.392778752,118161408
1804,3.8087103366851807,0.0003770766847960761,0.166015625,52.392778752,118226944
1805,3.944725513458252,0.0003765010738741024,0.1806640625,52.392778752,118292480
1806,3.9942071437835693,0.0003759282991078619,0.171875,52.392778752,118358016
1807,3.8843977451324463,0.00037535836214908834,0.1630859375,52.392778752,118423552
1808,3.9645915031433105,0.0003747912646413325,0.1650390625,52.392778752,118489088
1809,3.9257431030273438,0.0003742270082199556,0.1640625,52.392778752,118554624
1810,3.8706421852111816,0.0003736655945121277,0.169921875,52.392778752,118620160
1811,3.8955137729644775,0.00037310702513682,0.17578125,52.392778752,118685696
1812,3.7513461112976074,0.0003725513017048013,0.1806640625,52.392778752,118751232
1813,3.838992118835449,0.0003719984258186341,0.1689453125,52.392778752,118816768
1814,3.7344021797180176,0.00037144839907266903,0.1728515625,52.392778752,118882304
1815,3.9651846885681152,0.0003709012230530403,0.166015625,52.392778752,118947840
1816,3.705761671066284,0.0003703568993376618,0.166015625,52.392778752,119013376
1817,3.9169788360595703,0.0003698154294962218,0.1572265625,52.392778752,119078912
1818,3.8583900928497314,0.0003692768150901789,0.169921875,52.392778752,119144448
1819,4.0218353271484375,0.0003687410576727572,0.171875,52.392778752,119209984
1820,3.867748737335205,0.00036820815878894214,0.171875,52.392778752,119275520
1821,4.038008689880371,0.000367678119975476,0.1650390625,52.392778752,119341056
1822,3.9587106704711914,0.00036715094276085295,0.166015625,52.392778752,119406592
1823,3.866349697113037,0.00036662662866531533,0.1689453125,52.392778752,119472128
1824,3.315962791442871,0.000366105179200849,0.16796875,52.392778752,119537664
1825,3.9816925525665283,0.00036558659587117916,0.1669921875,52.392778752,119603200
1826,3.9217123985290527,0.0003650708801717653,0.16796875,52.392778752,119668736
1827,3.8090968132019043,0.0003645580335897976,0.15625,52.392778752,119734272
1828,3.5241827964782715,0.0003640480576041929,0.162109375,52.392778752,119799808
1829,3.836941957473755,0.0003635409536855894,0.1728515625,52.392778752,119865344
1830,4.064126014709473,0.0003630367232963431,0.1875,52.392778752,119930880
1831,3.780365467071533,0.00036253536789052407,0.1689453125,52.392778752,119996416
1832,3.8756356239318848,0.00036203688891391084,0.162109375,52.392778752,120061952
1833,4.040702819824219,0.00036154128780398746,0.16015625,52.392778752,120127488
1834,3.962049722671509,0.00036104856598993926,0.162109375,52.392778752,120193024
1835,3.8394908905029297,0.0003605587248926478,0.173828125,52.392778752,120258560
1836,3.620203971862793,0.00036007176592468777,0.1572265625,52.392778752,120324096
1837,3.8759002685546875,0.00035958769049032255,0.173828125,52.392778752,120389632
1838,4.017954349517822,0.00035910649998550025,0.154296875,52.392778752,120455168
1839,3.878622531890869,0.000358628195797849,0.166015625,52.392778752,120520704
1840,3.7117843627929688,0.0003581527793066744,0.1640625,52.392778752,120586240
1841,3.881837844848633,0.0003576802518829542,0.1650390625,52.392778752,120651776
1842,3.7419180870056152,0.0003572106148893347,0.1923828125,52.392778752,120717312
1843,3.980278730392456,0.0003567438696801272,0.166015625,52.392778752,120782848
1844,3.7459559440612793,0.00035628001760130393,0.1728515625,52.392778752,120848384
1845,3.7715845108032227,0.0003558190599904939,0.166015625,52.392778752,120913920
1846,3.6436257362365723,0.00035536099817697915,0.1689453125,52.392778752,120979456
1847,3.6819450855255127,0.00035490583348169114,0.1767578125,52.392778752,121044992
1848,4.013596057891846,0.0003544535672172069,0.169921875,52.392778752,121110528
1849,4.083236217498779,0.00035400420068774474,0.17578125,52.392778752,121176064
1850,3.889173984527588,0.0003535577351891612,0.1611328125,52.392778752,121241600
1851,3.8552968502044678,0.0003531141720089472,0.1591796875,52.392778752,121307136
1852,3.808246612548828,0.0003526735124262237,0.169921875,52.392778752,121372672
1853,3.8582191467285156,0.00035223575771173846,0.162109375,52.392778752,121438208
1854,3.8433563709259033,0.00035180090912786277,0.1708984375,52.392778752,121503744
1855,3.828737497329712,0.0003513689679285871,0.1669921875,52.392778752,121569280
1856,3.9338464736938477,0.0003509399353595175,0.162109375,52.392778752,121634816
1857,3.668006181716919,0.0003505138126578729,0.1669921875,52.392778752,121700352
1858,3.6575169563293457,0.0003500906010524805,0.1640625,52.392778752,121765888
1859,3.951366424560547,0.00034967030176377267,0.1630859375,52.392778752,121831424
1860,3.932102680206299,0.0003492529160037837,0.16796875,52.392778752,121896960
1861,3.825751781463623,0.00034883844497614574,0.16796875,52.392778752,121962496
1862,4.053901672363281,0.00034842688987608557,0.1630859375,52.392778752,122028032
1863,4.010217666625977,0.00034801825189042157,0.1728515625,52.392778752,122093568
1864,3.545393466949463,0.0003476125321975594,0.16015625,52.392778752,122159104
1865,3.879251718521118,0.0003472097319674898,0.16796875,52.392778752,122224640
1866,3.7214503288269043,0.0003468098523617837,0.169921875,52.392778752,122290176
1867,3.883486747741699,0.0003464128945335903,0.173828125,52.392778752,122355712
1868,3.955740451812744,0.0003460188596276331,0.1650390625,52.392778752,122421248
1869,3.9049582481384277,0.0003456277487802062,0.169921875,52.392778752,122486784
1870,3.880331039428711,0.00034523956311917207,0.171875,52.392778752,122552320
1871,3.947596788406372,0.0003448543037639575,0.16796875,52.392778752,122617856
1872,3.8898608684539795,0.0003444719718255503,0.1611328125,52.392778752,122683392
1873,3.9124646186828613,0.0003440925684064968,0.15625,52.392778752,122748928
1874,3.8470072746276855,0.0003437160946008979,0.1552734375,52.392778752,122814464
1875,3.9665513038635254,0.0003433425514944064,0.173828125,52.392778752,122880000
1876,3.617959976196289,0.00034297194016422373,0.1669921875,52.392778752,122945536
1877,3.804877758026123,0.0003426042616790967,0.19140625,52.392778752,123011072
1878,3.4851741790771484,0.00034223951709931485,0.16796875,52.392778752,123076608
1879,3.8514046669006348,0.0003418777074767068,0.1533203125,52.392778752,123142144
1880,3.655291795730591,0.0003415188338546376,0.1572265625,52.392778752,123207680
1881,3.909207344055176,0.00034116289726800566,0.1630859375,52.392778752,123273216
1882,3.965587854385376,0.00034080989874323995,0.17578125,52.392778752,123338752
1883,3.7582931518554688,0.00034045983929829643,0.1591796875,52.392778752,123404288
1884,4.285235404968262,0.0003401127199426557,0.1708984375,52.392778752,123469824
1885,3.991527557373047,0.0003397685416773201,0.1591796875,52.392778752,123535360
1886,3.7433905601501465,0.00033942730549481017,0.1611328125,52.392778752,123600896
1887,3.839979410171509,0.00033908901237916274,0.1591796875,52.392778752,123666432
1888,3.871119499206543,0.00033875366330592745,0.162109375,52.392778752,123731968
1889,3.8566131591796875,0.00033842125924216386,0.1591796875,52.392778752,123797504
1890,3.910447597503662,0.00033809180114643896,0.1630859375,52.392778752,123863040
1891,3.8834242820739746,0.0003377652899688248,0.171875,52.392778752,123928576
1892,3.692171812057495,0.0003374417266508945,0.1611328125,52.392778752,123994112
1893,3.9292521476745605,0.0003371211121257209,0.1708984375,52.392778752,124059648
1894,3.587946891784668,0.00033680344731787295,0.169921875,52.392778752,124125184
1895,4.069258689880371,0.0003364887331434139,0.1767578125,52.392778752,124190720
1896,3.8434367179870605,0.00033617697050989753,0.162109375,52.392778752,124256256
1897,3.9735007286071777,0.0003358681603163663,0.1689453125,52.392778752,124321792
1898,3.937157392501831,0.00033556230345334884,0.169921875,52.392778752,124387328
1899,3.7765657901763916,0.0003352594008028569,0.1650390625,52.392778752,124452864
1900,3.7671151161193848,0.00033495945323838326,0.2421875,52.392778752,124518400
1901,4.0073323249816895,0.0003346624616248987,0.1591796875,52.392778752,124583936
1902,3.7081432342529297,0.00033436842681885016,0.1630859375,52.392778752,124649472
1903,3.9946463108062744,0.00033407734966815755,0.1650390625,52.392778752,124715008
1904,3.764737844467163,0.00033378923101221204,0.1689453125,52.392778752,124780544
1905,3.9104080200195312,0.00033350407168187293,0.1689453125,52.392778752,124846080
1906,3.5843687057495117,0.0003332218724994659,0.171875,52.392778752,124911616
1907,3.7510383129119873,0.00033294263427877986,0.171875,52.392778752,124977152
1908,3.549649477005005,0.0003326663578250657,0.171875,52.392778752,125042688
1909,3.6995537281036377,0.0003323930439350331,0.1787109375,52.392778752,125108224
1910,4.025200843811035,0.00033212269339684804,0.1787109375,52.392778752,125173760
1911,3.5588345527648926,0.0003318553069901316,0.1728515625,52.392778752,125239296
1912,3.810396671295166,0.0003315908854859568,0.166015625,52.392778752,125304832
1913,3.92095947265625,0.00033132942964684653,0.1591796875,52.392778752,125370368
1914,4.013112545013428,0.0003310709402267716,0.162109375,52.392778752,125435904
1915,4.1149492263793945,0.0003308154179711486,0.1875,52.392778752,125501440
1916,3.7644872665405273,0.00033056286361683734,0.169921875,52.392778752,125566976
1917,3.502863883972168,0.00033031327789213887,0.16796875,52.392778752,125632512
1918,3.994420051574707,0.00033006666151679393,0.1982421875,52.392778752,125698048
1919,3.845684051513672,0.00032982301520198,0.1572265625,52.392778752,125763584
1920,3.754127025604248,0.00032958233965030986,0.1689453125,52.392778752,125829120
1921,3.792802095413208,0.0003293446355558295,0.169921875,52.392778752,125894656
1922,3.760586738586426,0.0003291099036040156,0.1650390625,52.392778752,125960192
1923,4.034906387329102,0.00032887814447177445,0.166015625,52.392778752,126025728
1924,3.8115289211273193,0.00032864935882743915,0.162109375,52.392778752,126091264
1925,3.794107437133789,0.0003284235473307681,0.162109375,52.392778752,126156800
1926,3.744096279144287,0.0003282007106329432,0.1669921875,52.392778752,126222336
1927,4.055520534515381,0.00032798084937656736,0.1669921875,52.392778752,126287872
1928,3.7843270301818848,0.00032776396419566375,0.1708984375,52.392778752,126353408
1929,3.9697329998016357,0.00032755005571567303,0.1669921875,52.392778752,126418944
1930,3.8117501735687256,0.0003273391245534512,0.1611328125,52.392778752,126484480
1931,3.7796692848205566,0.00032713117131726954,0.158203125,52.392778752,126550016
1932,3.9725146293640137,0.0003269261966068112,0.1669921875,52.392778752,126615552
1933,4.078975677490234,0.0003267242010131697,0.169921875,52.392778752,126681088
1934,3.924628734588623,0.00032652518511884835,0.166015625,52.392778752,126746624
1935,3.996534585952759,0.00032632914949775704,0.1630859375,52.392778752,126812160
1936,3.8868236541748047,0.00032613609471521173,0.16796875,52.392778752,126877696
1937,3.965123176574707,0.0003259460213279323,0.1640625,52.392778752,126943232
1938,3.9501328468322754,0.00032575892988404123,0.1787109375,52.392778752,127008768
1939,3.7115135192871094,0.0003255748209230616,0.169921875,52.392778752,127074304
1940,3.929028034210205,0.0003253936949759158,0.17578125,52.392778752,127139840
1941,3.867629289627075,0.0003252155525649242,0.1669921875,52.392778752,127205376
1942,4.303908348083496,0.0003250403942038032,0.169921875,52.392778752,127270912
1943,3.8833937644958496,0.0003248682203976643,0.1650390625,52.392778752,127336448
1944,3.8355417251586914,0.00032469903164301174,0.16796875,52.392778752,127401984
1945,3.799304485321045,0.00032453282842774214,0.1611328125,52.392778752,127467520
1946,3.8256282806396484,0.00032436961123114266,0.1513671875,52.392778752,127533056
1947,4.03556489944458,0.0003242093805238889,0.1650390625,52.392778752,127598592
1948,4.390192031860352,0.00032405213676804504,0.1748046875,52.392778752,127664128
1949,3.918590545654297,0.0003238978804170612,0.16015625,52.392778752,127729664
1950,3.91792631149292,0.0003237466119157724,0.169921875,52.392778752,127795200
1951,3.855613946914673,0.0003235983317003981,0.17578125,52.392778752,127860736
1952,3.765369415283203,0.00032345304019854,0.16796875,52.392778752,127926272
1953,4.075110912322998,0.0003233107378291808,0.1630859375,52.392778752,127991808
1954,3.874913215637207,0.0003231714250026836,0.1630859375,52.392778752,128057344
1955,3.72660493850708,0.0003230351021207908,0.1650390625,52.392778752,128122880
1956,3.539238452911377,0.00032290176957662183,0.1640625,52.392778752,128188416
1957,3.9692111015319824,0.00032277142775467344,0.166015625,52.392778752,128253952
1958,3.8220059871673584,0.0003226440770308174,0.1640625,52.392778752,128319488
1959,3.6882925033569336,0.0003225197177723004,0.166015625,52.392778752,128385024
1960,3.8654732704162598,0.00032239835033774216,0.1689453125,52.392778752,128450560
1961,3.989110231399536,0.0003222799750771349,0.1748046875,52.392778752,128516096
1962,3.9276418685913086,0.00032216459233184205,0.16015625,52.392778752,128581632
1963,3.7299306392669678,0.00032205220243459765,0.1630859375,52.392778752,128647168
1964,3.958285093307495,0.0003219428057095049,0.1650390625,52.392778752,128712704
1965,4.107489585876465,0.00032183640247203556,0.16796875,52.392778752,128778240
1966,3.949219226837158,0.00032173299302902915,0.1689453125,52.392778752,128843776
1967,4.0972676277160645,0.0003216325776786915,0.166015625,52.392778752,128909312
1968,3.9397764205932617,0.00032153515671059433,0.1640625,52.392778752,128974848
1969,4.008209705352783,0.0003214407304056747,0.1669921875,52.392778752,129040384
1970,3.652869701385498,0.0003213492990362334,0.1787109375,52.392778752,129105920
1971,3.980128049850464,0.0003212608628659348,0.1591796875,52.392778752,129171456
1972,3.9056689739227295,0.000321175422149806,0.15625,52.392778752,129236992
1973,3.918802261352539,0.00032109297713423565,0.1630859375,52.392778752,129302528
1974,4.130849361419678,0.0003210135280569739,0.169921875,52.392778752,129368064
1975,3.804546356201172,0.00032093707514713134,0.1611328125,52.392778752,129433600
1976,3.664522171020508,0.00032086361862517816,0.1728515625,52.392778752,129499136
1977,3.7526566982269287,0.00032079315870294395,0.1611328125,52.392778752,129564672
1978,3.9126055240631104,0.000320725695583617,0.1591796875,52.392778752,129630208
1979,3.7010509967803955,0.00032066122946174336,0.1650390625,52.392778752,129695744
1980,3.8661935329437256,0.00032059976052322656,0.1640625,52.392778752,129761280
1981,3.887627601623535,0.0003205412889453271,0.1591796875,52.392778752,129826816
1982,3.917544364929199,0.00032048581489666167,0.154296875,52.392778752,129892352
1983,4.0299530029296875,0.0003204333385372034,0.169921875,52.392778752,129957888
1984,3.4240851402282715,0.0003203838600182802,0.158203125,52.392778752,130023424
1985,4.043601036071777,0.00032033737948257527,0.158203125,52.392778752,130088960
1986,3.6847167015075684,0.0003202938970641267,0.154296875,52.392778752,130154496
1987,3.7898120880126953,0.0003202534128883262,0.1640625,52.392778752,130220032
1988,3.7493457794189453,0.0003202159270719197,0.162109375,52.392778752,130285568
1989,3.9531073570251465,0.00032018143972300676,0.16015625,52.392778752,130351104
1990,3.980325698852539,0.00032014995094103966,0.1591796875,52.392778752,130416640
1991,3.663562297821045,0.00032012146081682413,0.1640625,52.392778752,130482176
1992,3.8030762672424316,0.0003200959694325181,0.1640625,52.392778752,130547712
1993,3.5960004329681396,0.0003200734768616323,0.1728515625,52.392778752,130613248
1994,3.7775156497955322,0.0003200539831690293,0.1708984375,52.392778752,130678784
1995,3.6926631927490234,0.0003200374884109239,0.1630859375,52.392778752,130744320
1996,3.7576470375061035,0.0003200239926348827,0.1572265625,52.392778752,130809856
1997,4.004145622253418,0.00032001349587982403,0.1591796875,52.392778752,130875392
1998,3.700711488723755,0.0003200059981760179,0.1630859375,52.392778752,130940928
1999,4.092381477355957,0.0003200014995450855,0.171875,52.392778752,131006464
2000,3.6468663215637207,0.00032,0.1630859375,52.392778752,131072000
